{"ficly_prequels": [], "ficly_story_url": "http://ficly.com/stories/10271", "ficly_story": "What do most girls do when they are in love? They sit and wait! Why do they do this? It all started when we were cavemen. Or Monkeys. The women would stay at home and take care of the children while the dad would go out and find food. Then we become more human like. And the boy has to ask the girl out the girl can\u2019t ask the boy out. It has lessened since but it is still like that. And the girls are still stuck at home waiting until their true love actually realizes they like them back!\n\n", "ficly_author_avatar_url": "http://cdn.ficly.com/icons/1783/avatar.jpg", "ficly_author_nickname": "Tamara G", "ficly_story_int": 10271, "ficly_author_url": "http://ficly.com/authors/tamaragebert", "ficly_sequels": [{"ficly_sequel_int": 10285, "ficly_sequel_title": "Clearing Up the Confusion", "ficly_sequel_url": "http://ficly.com/stories/10285"}], "ficly_story_title": "Confusion!"}