{"ficly_prequels": [{"ficly_prequel_url": "http://ficly.com/stories/10527", "ficly_prequel_title": "Gods...2", "ficly_prequel_int": 10527}], "ficly_story_url": "http://ficly.com/stories/10528", "ficly_story": "We remember the Loving Mother   and the Father the All-Mighty   looming large in an infant\u2019s eyes.\n\nFor each girl-woman makes the God   she craves and needs \u2013 then kneels   before Him and says, \u201cOh, please!\u201d\n\nAnd each boy-man makes himself   a Goddess that he wishes,   giving a Mother\u2019s hugs and kisses.\n\nAnd older men and women tend   to make our gods with   wrinkled brow and constant pout.\n\nStill we always make our gods   to look a lot like me and you \u2013   one head, one mouth, two eyes.\n\nBut the god of songbirds flies,   and the gods of all the fishes   must swim through ocean skies.\n\nThe god of cattle may be a bull,   or just maybe it\u2019s a cow \u2013   I can\u2019t hope to settle that now.\n\nGod laughs? Not on your life!   The joke\u2019s on us \u2013 but I\u2019m told   She\u2019s heard this joke before!\n\n", "ficly_author_avatar_url": "http://cdn.ficly.com/icons/1733/avatar.jpg", "ficly_author_nickname": "The Athiest", "ficly_story_int": 10528, "ficly_author_url": "http://ficly.com/authors/elderlyons", "ficly_sequels": [], "ficly_story_title": "Gods...3"}