{"ficly_prequels": [{"ficly_prequel_url": "http://ficly.com/stories/10236", "ficly_prequel_title": "My Girl.", "ficly_prequel_int": 10236}], "ficly_story_url": "http://ficly.com/stories/10436", "ficly_story": "**How could you love somebody like me? I really don\u2019t see anything that\u2019s so significant, I\u2019m just your average teenage girl.**   Babe, in my eyes, you\u2019re so much more than that. To me? Your everything that\u2019s good. I can\u2019t spot one fault you could possibly own. You\u2019re beautiful, funny, and anything I could ever wish for.   **But, but. You could do so much better than someone like me. Look at the other girls in our classes, You could get any of them so easily with your charm.**   But YOU, **YOU** are the only one I want, the only one I feel I need. From the second I saw your eyes, your smile. I knew you were the one for me. I want to spend forever with you, always, eternity, beyond. Longer than that. As far as I see at this moment. \u201cYou\u2019re the closest to Heaven that I\u2019ll ever be.\u201d   **I love you so much, I will always love you too. You\u2019re.. amazing.**\n\n_People could spend an eternity searching for their other half or soulmate. Luckily, I found mine already._\n\n", "ficly_author_avatar_url": "http://cdn.ficly.com/icons/1727/avatar.jpg", "ficly_author_nickname": "fish61209", "ficly_story_int": 10436, "ficly_author_url": "http://ficly.com/authors/-mike_fisher-", "ficly_sequels": [{"ficly_sequel_int": 10521, "ficly_sequel_title": "To My Angel.", "ficly_sequel_url": "http://ficly.com/stories/10521"}], "ficly_story_title": "My Girl, Forever."}