{"ficly_prequels": [{"ficly_prequel_url": "http://ficly.com/stories/10907", "ficly_prequel_title": "And awaaaay we go", "ficly_prequel_int": 10907}], "ficly_story_url": "http://ficly.com/stories/10908", "ficly_story": "As the day folded into night, Janus and Lauren reached St. Petersburg. It was agreed, Lauren would again keep watch while Janus went to procure a new vehicle. As 10:00 rolled around, an older man stopped in front of Lauren. He looked both directions furtively, leaned in close, and said something in Russian.\n\n\u201cI\u2019m sorry, I don\u2019t speak Russian,\u201d Lauren told him. The man gave a frustrated sigh and asked, \u201cYou Lauren?\u201d\n\n\u201cYes,\u201d was the confused answer.\n\n\u201cYou have item?\u201d Another yes. \u201cCarmen tells me, give you this.\u201d He handed her a folded note.\n\nLauren grew increasingly happier as she read the note from Carmen. Now, it was only a matter of waiting until Janus got back, which didn\u2019t happen until another two hours later. \u201cWe got something,\u201d Lauren announced. Janus didn\u2019t answer but gave a quizzical expression, which Lauren answered with the note. \u201cWell then. That works out nicely,\u201d Janus replied. \u201cSo we have a plan.\u201d\n\n\u201cYes. Yes, we do.\u201d And with those words from Lauren, they set off into the early Russian morning.\n\n", "ficly_author_avatar_url": "http://ficly.com/images/icons/avatar.jpg", "ficly_author_nickname": "Phoenix", "ficly_story_int": 10908, "ficly_author_url": "http://ficly.com/authors/phoenixv07", "ficly_sequels": [{"ficly_sequel_int": 10951, "ficly_sequel_title": "Across The Mediterranean", "ficly_sequel_url": "http://ficly.com/stories/10951"}], "ficly_story_title": "Questions of planning."}