{"ficly_prequels": [{"ficly_prequel_url": "http://ficly.com/stories/10722", "ficly_prequel_title": "Searching for my Inner Lost Girl.... II", "ficly_prequel_int": 10722}], "ficly_story_url": "http://ficly.com/stories/10723", "ficly_story": "With all these qualities, there is one thing that binds it all together \u2013 Bridgett\u2019s romantic notions. One would think romantic notions lie best in the hands of an adult \u2013 and are beyond the comprehension of a lost girl. But unlike lost boys, lost girls thrive on romantic make-believe, the happy ever afters, after the pirate or dragon has been slain. Not a dainty princess, but a heroine in her own right.\n\nGive Bridgett a rose \u2013 her world turns upside down. If anything were Bridgett\u2019s kryptonite it would be the illusion of a chivalrous gallant. Such a person would have more control over our fair damsel then he could ever imagine.\n\nWhat an extraordinary lost girl this shadow is. I miss her dearly. Perhaps she found her way back to Neverland, playing pirates with Captain Hook. Maybe she\u2019s living in my daughter\u2019s bedroom playing peek-a-boo with all the build-a-bears. I could only imagine the adventures she\u2019s had without me.\n\n", "ficly_author_avatar_url": "http://cdn.ficly.com/icons/1839/avatar.jpg", "ficly_author_nickname": "piraterose", "ficly_story_int": 10723, "ficly_author_url": "http://ficly.com/authors/piraterose", "ficly_sequels": [], "ficly_story_title": "Searching for my Inner Lost Girl.... III"}