{"ficly_prequels": [{"ficly_prequel_url": "http://ficly.com/stories/10330", "ficly_prequel_title": "Pulsations", "ficly_prequel_int": 10330}], "ficly_story_url": "http://ficly.com/stories/10418", "ficly_story": "All that the blob had passed through crumbled to dust. Immediately. As though the Earth was destined to fall apart in this very manner. The alien\u2019s plan went off without a hitch.\n\nBut the alien wasn\u2019t stupid. Quite the opposite, in fact. He had accounted for a lot of data, trial and error with many planets teeming with life\u2026 so much waste. But this time was perfect. No strange gravitational pulls, no momentum- powered orbital breakdowns, nothing. The Earth kept spinning.\n\nPeople trembled, gasped, and called conferences in the conference rooms that were left. Maybe a third of the Earth was sliced, a fifth of the population gone. But somehow _they_ were still here.\n\nPlans were made, graphs were created, satellite images taken, models theorized about. Transportation was a mess, the entire United States East Coast was decimated. So was half of Japan, loops throughout Eurasia, and damn near all of Australia.\n\nAnd for all the remaining brainpower, they devised only one plan:\n\n_Revenge._\n\n", "ficly_author_avatar_url": "http://cdn.ficly.com/icons/2439/avatar.jpg", "ficly_author_nickname": "Sam Ervin", "ficly_story_int": 10418, "ficly_author_url": "http://ficly.com/authors/samervin", "ficly_sequels": [{"ficly_sequel_int": 10766, "ficly_sequel_title": "Found", "ficly_sequel_url": "http://ficly.com/stories/10766"}], "ficly_story_title": "Earth in the Balance"}