{"ficly_prequels": [{"ficly_prequel_url": "http://ficly.com/stories/10888", "ficly_prequel_title": "Revenge of Seth", "ficly_prequel_int": 10888}], "ficly_story_url": "http://ficly.com/stories/10890", "ficly_story": "She once again drifted off into her thoughts. Her contacts in Miami, in Houston, in San Diego, had all told her to find the laughing man and she\u2019d find her answers. What that meant, she couldn\u2019t quite puzzle out.   A burst of inspiration struck, and she leaned to speak to the taxi driver. \"Se\u00f1or, conoce Usted un hombre se llama \u201cEl Hombre Ri\u00e9ndose?\u201d _Sir, do you know a man called \u201cThe Laughing Man?\u201d_   He looked at her with genuine horror. \u201cSe\u00f1ora, no quiere conocerle! Es un hombre malo!\u201d _Ma\u2019am, you do not want to know him! He is a bad man!_   She shook her head. \u201cNo comprende. Necesito encontrar el hombre ri\u00e9ndose. Es una cosa de vida y muerto.\u201d _You don\u2019t understand. I need to find a laughing man. It\u2019s a matter of life and death._   The taxi driver shrugged, muttered something under his breath, and made a sharp left turn onto a side street.   \u201cSe pasear\u00e9 al Hombre Ri\u00e9ndose. Pero lo se lastimar\u00e1.\u201d _I will take you to see the Laughing Man. But you will regret it._\n\n", "ficly_author_avatar_url": "http://ficly.com/images/icons/avatar.jpg", "ficly_author_nickname": "Phoenix", "ficly_story_int": 10890, "ficly_author_url": "http://ficly.com/authors/phoenixv07", "ficly_sequels": [{"ficly_sequel_int": 10892, "ficly_sequel_title": "Not Good", "ficly_sequel_url": "http://ficly.com/stories/10892"}], "ficly_story_title": "Misnomer"}