{"ficly_prequels": [{"ficly_prequel_url": "http://ficly.com/stories/916", "ficly_prequel_title": "The Piece of String", "ficly_prequel_int": 916}], "ficly_story_url": "http://ficly.com/stories/1038", "ficly_story": "As you tie the piece of string into a not, you appear on the altar with a plain looking woman. \u201cI now pronounce you man and wife\u201d the priest says, and there is applause. \u201cYou may kiss the bride\u201d As the woman leans forward for a kiss, you shy away.\n\n\u201cWhat\u2019s wrong?\u201d she asks, a hurt expression on her face.\n\n\u201cI don\u2019t know!\u201d I say. \u201cIt just feels like I have had all of my decisions being chosen for me\u201d\n\n\u201cWell I\u2019m leaving\u201d the plain looking woman storms out of the room\n\nDo you:\n\ngo after her   steal all of the wedding supplies\n\n", "ficly_author_avatar_url": "http://cdn.ficly.com/icons/48/avatar.jpg", "ficly_author_nickname": "Oy", "ficly_story_int": 1038, "ficly_author_url": "http://ficly.com/authors/tower_addict", "ficly_sequels": [{"ficly_sequel_int": 15751, "ficly_sequel_title": "Going After Her", "ficly_sequel_url": "http://ficly.com/stories/15751"}, {"ficly_sequel_int": 15761, "ficly_sequel_title": "Steal All The Wedding Supplies", "ficly_sequel_url": "http://ficly.com/stories/15761"}], "ficly_story_title": "Tying the Knot"}