{"ficly_prequels": [{"ficly_prequel_url": "http://ficly.com/stories/10013", "ficly_prequel_title": "Name Calling and Other Friendly Activities", "ficly_prequel_int": 10013}], "ficly_story_url": "http://ficly.com/stories/10015", "ficly_story": "\u201cAnyway, I used your technical expertise to remove all records I made you,\u201d Violet said. \u201cYou\u2019ll also not have to worry about the memory dump\u2014and for that matter I won\u2019t either, now. So long as you don\u2019t call attention to yourself you\u2019ll be fine. Do, and both you and your \u2018original\u2019 are probably toast.\u201d\n\n\u201cI just wanted to have you with me all the time,\u201d cyber-Rae sniffled. \u201cI knew you\u2019d be better to talk to than the old-maid-bot they stuck me with. We could have so much fun together. I was going to remove the interlocks anyway once you were used to it\u2026\u201d\n\n\u201cWell, now _both_ of you are getting that wish,\u201d Vi said. \u201cGawd, Rae, you\u2019re such a spoiled brat, with a sense of entitlement as big as\u2026as big as an automech.\u201d\n\n\u201cSorry,\u201d Rae mumbled.\n\n\u201cYeah, you sure are,\u201d Vi grumbled. \u201cNow go drive yourself back to my house before someone misses you.\u201d\n\nRae sighed. \u201cAll right. Take good care of\u2026me.\u201d\n\n\u201cAs long as you do the same for me,\u201d Vi replied.\n\nRae nodded, then transformed. Her motor kicked to life and she was gone.\n\n", "ficly_author_avatar_url": "http://cdn.ficly.com/icons/17/toonrmicon.jpg", "ficly_author_nickname": "Robotech_Master", "ficly_story_int": 10015, "ficly_author_url": "http://ficly.com/authors/robotech_master", "ficly_sequels": [{"ficly_sequel_int": 10705, "ficly_sequel_title": "A Friendship Ruined", "ficly_sequel_url": "http://ficly.com/stories/10705"}], "ficly_story_title": "Scooter Girl Scoots"}