{"ficly_prequels": [{"ficly_prequel_url": "http://ficly.com/stories/10740", "ficly_prequel_title": "The Golden Afternoon", "ficly_prequel_int": 10740}], "ficly_story_url": "http://ficly.com/stories/10743", "ficly_story": "As they twirled their way to Victoria\u2019s Eliza met up with them and linked arms with Laura they all danced their way to the backyard garden. Alice grabbed Victoria\u2019s kitten Dinah, she was a small tabby with pointed ears, she was six months old and was apart of their game. Alice was the actual owner of Dinah but Victoria had to keep her since Alice wasn\u2019t allowed to have pets in her apartment. Laura and Eliza twirled and danced around while Victoria got primped and ready to play. Alice lay down in the daisies and began dozing off, just then Victoria came out yelling.\n\n\u201cWhere are my loyal subjects!\u201d Her high pitch squeal piped in. Alice\u2019s head popped up and she stood walking over to the rest of them.   Eliza and Laura bowed to their queen. Alice on the other hand sneered at her. \u201cWhat makes you think you are royalty? I could be queen of this place if I wanted to.\u201d   Their game had begun.   \u201cOFF WITH HER HEAD!!\u201d Screamed The Queen of Hearts. \u201cWhat?!\u201d Alice yelled running towards the exit. She saw the rabbit hole ahead.\n\n", "ficly_author_avatar_url": "http://cdn.ficly.com/icons/2879/avatar.jpg", "ficly_author_nickname": "Gothling(tm)", "ficly_story_int": 10743, "ficly_author_url": "http://ficly.com/authors/sierarabandnerd", "ficly_sequels": [{"ficly_sequel_int": 10856, "ficly_sequel_title": "Out of the Rabbit Hole", "ficly_sequel_url": "http://ficly.com/stories/10856"}], "ficly_story_title": "The Golden Afternoon"}