{"ficly_prequels": [{"ficly_prequel_url": "http://ficly.com/stories/10262", "ficly_prequel_title": "Light Blue Jeans (Part 1)", "ficly_prequel_int": 10262}], "ficly_story_url": "http://ficly.com/stories/10263", "ficly_story": "One grey afternoon she was walking through the park, her favourite thinking place, when she saw Josh sitting alone on a bench. His eyes were red and inflamed \u2013 he had been crying. Abi walked over and sat next to him. She expected him to get up and storm off but instead he just sat there, perfectly still. On impulse, she took his hand. He looked up at her with questioning, pleading eyes; filled with tears. She didn\u2019t know why he was upset, but she knew that she would do everything in her power to help him.   \u201cI\u2019m so sorry!\u201d The words suddenly gushed out of his tightly closed lips. Abi could tell he almost regretted saying them after they were out.   \u201cDon\u2019t worry, I don\u2019t believe you. Don\u2019t say things you don\u2019t mean.\u201d She shrugged it off, even though it hurt tremendously.   A few more endless seconds passed.   \u201cNo, really,\u201d He finally admitted. \u201cI\u2019ve been so horrible to you all this time. It just wasn\u2019t fair.\u201d   \u201cIt\u2019s alright,\u201d she reassured, even though it really, truly wasn\u2019t, \u201ceach to their own.\u201d\n\n", "ficly_author_avatar_url": "http://cdn.ficly.com/icons/1883/avatar.jpg", "ficly_author_nickname": "tinkerbelle", "ficly_story_int": 10263, "ficly_author_url": "http://ficly.com/authors/tinkerbelle", "ficly_sequels": [{"ficly_sequel_int": 10264, "ficly_sequel_title": "Light Blue Jeans (Part 3)", "ficly_sequel_url": "http://ficly.com/stories/10264"}], "ficly_story_title": "Light Blue Jeans (Part 2)"}