{"ficly_prequels": [{"ficly_prequel_url": "http://ficly.com/stories/10900", "ficly_prequel_title": "Reasons why", "ficly_prequel_int": 10900}], "ficly_story_url": "http://ficly.com/stories/10902", "ficly_story": "Seth felt his throat tighten, the agitated woman continued to scold him. \u201cAccident? _Bullshit!_ That wasn\u2019t any accident, you went screeching into the alley!\u201d\n\n\u201cIt was an accident. You should leave now.\u201d Seth cut her off, he felt tears well in his eyes as he started to walk back to his car. \u201cOh no you don\u2019t!\u201d she roared as she grabbed him again. He spun around and easily reversed her pin on him, barely able to stop himself after so many years of ingrained habits.\n\n\u201cYou shold leave now, others will come with guns.\u201d Seth said again, all emotion leaving his voice.\n\nShe laughed in his face. \u201cI\u2019m not letting you go, you\u2019ve just committed four homicides.\u201d Seth smirked and twisted her arm slightly, bringing her to her knees. \u201cI don\u2019t think you have the leverage you think you do.\u201d\n\nShe glared at him, preparing to strike but suddenly he let go. Maybe it was her face, so much like his sister, or maybe it was her smell _strawberries_, or her looks, _what a gorgeous woman_. \u201cI\u2019m losing my touch\u201d Seth thought to himself.\n\n", "ficly_author_avatar_url": "http://ficly.com/images/icons/avatar.jpg", "ficly_author_nickname": "Funtime Bobby", "ficly_story_int": 10902, "ficly_author_url": "http://ficly.com/authors/funtime_bobby", "ficly_sequels": [{"ficly_sequel_int": 14352, "ficly_sequel_title": "Chica in Mexico", "ficly_sequel_url": "http://ficly.com/stories/14352"}], "ficly_story_title": "Losing the touch"}