{"ficly_prequels": [{"ficly_prequel_url": "http://ficly.com/stories/10158", "ficly_prequel_title": "The Visitor - Revised", "ficly_prequel_int": 10158}], "ficly_story_url": "http://ficly.com/stories/10174", "ficly_story": "Carl left the meeting with a mix of self-satisfaction and well-earned humility. The years hadn\u2019t been kind but not so brutal as the time on the bottle. Light snow graced his face as he slunk, treading his lonely way home, back to his solitary existence outside the meetings and his sponsor.\n\nThe wind caressed his shoulder, and he turned to make sure it wasn\u2019t the touch of a friend. The sidewalk was empty. Turning back again Carl froze with eyes now wide, exposed to Winter\u2019s first biting winds. She was there, the angel from his story, her countenance ablaze and gossamer strands of hair wild in the breeze.\n\n\u201cCome with me,\u201d she hissed. He followed, dumbfounded at her change. Long, silent trudging after her glowing form brought them to a battered graveyard on the edge of town. She didn\u2019t look at him as she railed, \u201cYou knew these men! What of them? You think I saved you for your own rotten existence? You failed me, Carl. You failed them.\u201d\n\nWith that, the devil took his leave, and Carl needed a drink.\n\n", "ficly_author_avatar_url": "http://cdn.ficly.com/icons/29/AHFL_icon.JPG", "ficly_author_nickname": "THX 0477", "ficly_story_int": 10174, "ficly_author_url": "http://ficly.com/authors/thx0477", "ficly_sequels": [{"ficly_sequel_int": 10178, "ficly_sequel_title": "One Last Drink", "ficly_sequel_url": "http://ficly.com/stories/10178"}], "ficly_story_title": "Time Gone By and Lies Still Told"}