{"ficly_prequels": [{"ficly_prequel_url": "http://ficly.com/stories/10705", "ficly_prequel_title": "A Friendship Ruined", "ficly_prequel_int": 10705}], "ficly_story_url": "http://ficly.com/stories/10736", "ficly_story": "Violet sighed. This was the third time this year. If their friendship kept ending like this, Violet might start thinking Rae didn\u2019t like her or something.\n\nShe frowned, trying to figure out what she\u2019d done _this_ time. Then it hit her. \u201cYou\u2026already know, don\u2019t you?\u201d\n\n\u201cYeah,\u201d Rae said flatly. \u201cI do.\u201d She turned away. \u201cI gotta get to class.\u201d\n\n\u201cHey, wait!\u201d Vi protested. \u201cWe gotta talk, there\u2019s so much I need to know\u2014\u201d\n\n\u201cAsk your\u2014\u201d Rae faltered, not sure how to phrase it. \u201cYour new friend,\u201d she decided.\n\n\u201cShe said I need to talk to _you_,\u201d Vi whined. \u201cC\u2019mon, Rae, what is it? You haven\u2019t acted like this since we both showed up at the fall dance wearing the same dress.\u201d\n\nRae rounded on her. \u201cIt\u2019s not a silly dress this time, okay?\u201d she snapped. \u201cI screwed up. I don\u2019t wanna talk about it.\u201d\n\nVi frowned. \u201cBut how is this a screwup? I think it\u2019s pretty neat.\u201d\n\nRae sighed. \u201cWe can\u2019t talk about it here, okay? I\u2019ll meet you after school.\u201d Without waiting for an answer, she turned and walked off toward class.\n\n", "ficly_author_avatar_url": "http://cdn.ficly.com/icons/17/toonrmicon.jpg", "ficly_author_nickname": "Robotech_Master", "ficly_story_int": 10736, "ficly_author_url": "http://ficly.com/authors/robotech_master", "ficly_sequels": [{"ficly_sequel_int": 10911, "ficly_sequel_title": "Break From the Monotony", "ficly_sequel_url": "http://ficly.com/stories/10911"}], "ficly_story_title": "Not So Easily Brushed Off"}