{"ficly_prequels": [{"ficly_prequel_url": "http://ficly.com/stories/10997", "ficly_prequel_title": "Background (II)", "ficly_prequel_int": 10997}], "ficly_story_url": "http://ficly.com/stories/11003", "ficly_story": "I can\u2019t stop crying as I run out of the diner. I can\u2019t believe that Ethan turned out to be a dick, I was almost falling for him.\n\nI have nowhere to run; nowhere to stay. My life couldn\u2019t possibly get any worse. I\u2019ve always been careful when I have sex. I always use a condom and I\u2019m on the pill. Why couldn\u2019t I see this coming? The tears are blurring my vision so I don\u2019t know where I\u2019m headed.\n\nI end up sitting on the sidewalk of a rather empty street, with my hands hugging my legs. Cars pass by occasionally, but none stop to see what\u2019s wrong with a the poor girl crying on the street. But nobody has ever given a shit about me, so why am I so surprised?\n\nA nice jaguar car begins to get close to the sidewalk and stop in front of me.\n\n\u201cHey babe,\u201d a deep voice says as they roll down the window revealing a man in about his 30s, \u201care you free tonight?\u201d\n\nCan\u2019t the bastard see I\u2019m crying? The right thing to do would be to start turning down sex, but what could fuck me up more?\n\n\u201cDepends on how much you\u2019re paying?\u201d\n\n", "ficly_author_avatar_url": "http://cdn.ficly.com/icons/2392/avatar.jpg", "ficly_author_nickname": "Mr.Gabriel", "ficly_story_int": 11003, "ficly_author_url": "http://ficly.com/authors/mistergabriiel", "ficly_sequels": [{"ficly_sequel_int": 11005, "ficly_sequel_title": "Breaking Down (II)", "ficly_sequel_url": "http://ficly.com/stories/11005"}], "ficly_story_title": "Breaking Down (I)"}