{"ficly_prequels": [], "ficly_story_url": "http://ficly.com/stories/10429", "ficly_story": "A feeling of relief as you take that first puff. Knowing that all your stress and emotions will be gone for about four to six hours. A story of a girl who finds herself in the wrong directions, but with friends to guide her back into the girl they\u2019ve always known and loved.\n\nEnding of seventh grade. Some find it awesome and the time of their lives since next year they\u2019ll be going to the junior high, but me.. Not so awesome..   Ah.. School is out. As the bus drove toward my house, I couldn\u2019t even sit still. I tripped out on to the ground. I ran up to the house and started to unlock the door when it just came open. It was my mom. \u201cCrap.. Did u get a call from the school again?\u201d I asked. She looked upset, but I was just guessing she was sick or somethin. \u201cNo.. See.. I got a call from the mortgage company taday.. They said that our house was going to be foreclosured on..\u201d Being the smartest 12 year old I was, I already knew what that was. \u201cWell..\u201d I said. \u201cWhat are we going to do?\u201d\n\n", "ficly_author_avatar_url": "http://cdn.ficly.com/icons/1590/avatar.jpg", "ficly_author_nickname": "sammytrick", "ficly_story_int": 10429, "ficly_author_url": "http://ficly.com/authors/sammytrick", "ficly_sequels": [{"ficly_sequel_int": 10671, "ficly_sequel_title": "LIFE: A Memoir 2", "ficly_sequel_url": "http://ficly.com/stories/10671"}], "ficly_story_title": "LIFE: A Memoir"}