{"ficly_prequels": [], "ficly_story_url": "http://ficly.com/stories/10755", "ficly_story": "Two months. Two months ago she had written to them. And now they had written back. The exact date that she got the letter\u2014November 29th\u2014-was etched in her mind as The Day That Changed Her Life.\n\nShe called her husband, the neighbors, her long forgotten aunts, uncles, and cousins and proudly told them her news. She was going to be a contestant on Treadmills to Bucks.\n\nThe show, a gaudy piece of daytime programming was a game show which only accepted chronic heart patients. The contestant was placed on a moving treadmill and had to keep jogging all while keeping up a steady banter with the host. Every few minutes, the victim (excuse me, _contestant_) had to answer a bonus question worth 500$. If they answered incorrectly, money was deducted from their winnings and the treadmill was sped up.\n\nThe show always ended with the contestant being carried out on a stretcher to pre-recorded applause.\n\nDespite this, Nancy Kilomore had never felt luckier.\n\n", "ficly_author_avatar_url": "http://cdn.ficly.com/icons/1940/avatar.jpg", "ficly_author_nickname": "Paige Leigh", "ficly_story_int": 10755, "ficly_author_url": "http://ficly.com/authors/rockingawesome", "ficly_sequels": [{"ficly_sequel_int": 10756, "ficly_sequel_title": "Contract", "ficly_sequel_url": "http://ficly.com/stories/10756"}], "ficly_story_title": "The Day Everything Changed"}