{"ficly_prequels": [], "ficly_story_url": "http://ficly.com/stories/10023", "ficly_story": "\u201cHey, bunch up!\u201d Rick Matthews said. He squeezed under McKenzie\u2019s black and silver cobwebs umbrella and put his arm across her shoulder.\n\n\u201cGet lost Rick,\u201d McKenzie said. She pushed him back into the pouring rain.\n\n\u201cCome on freak, let me in already!\u201d Rick said. He tugged the edge of her umbrella over his head but this time kept his distance from her.\n\n\u201cYeah, insult me. That\u2019s the way to win me over. Jerk.\u201d\n\n\u201cWhat is your problem?\u201d Rick demanded.\n\n\u201cMy problem? My problem is the time you put a spider up my skirt! And who can forget, the time you snuck into the girl\u2019s changing room and took pictures of me!!\u201d McKenzie was screaming in his face, the rain and umbrella forgotten about.\n\n\u201cThat was\u2026 that was a long time ago McKenzie. And I\u2026\u201d He lent in suddenly and kissed her. But McKenzie elbowed him in the chest.\n\n\u201cGet away from me!\u201d she yelled. McKenzie ran away through the rain, leaving her umbrella lying on the path beside Rick.\n\n", "ficly_author_avatar_url": "http://cdn.ficly.com/icons/1952/avatar.jpg", "ficly_author_nickname": "thelostgirl", "ficly_story_int": 10023, "ficly_author_url": "http://ficly.com/authors/thelostgirl", "ficly_sequels": [{"ficly_sequel_int": 10043, "ficly_sequel_title": "Childish Crush", "ficly_sequel_url": "http://ficly.com/stories/10043"}], "ficly_story_title": "You Can't Stand Under My Umbrella"}