{"ficly_prequels": [{"ficly_prequel_url": "http://ficly.com/stories/1079", "ficly_prequel_title": "Our house is glass.", "ficly_prequel_int": 1079}], "ficly_story_url": "http://ficly.com/stories/1084", "ficly_story": "He quickly scanned the terminal, there must have been an alarm that went off. That was it, everyone had just evacuated. It was probably another of the many bomb scares. He picked up his bags and headed towards the entrance to the hall, more than a bit annoyed. He didn\u2019t think too much of it until he turned the corner and saw it. Mouth open, he stood there paralyzed and was, at least momentarily, unable to comprehend what he was seeing.\n\n", "ficly_author_avatar_url": "http://cdn.ficly.com/icons/981/avatar.jpg", "ficly_author_nickname": "Ronnie", "ficly_story_int": 1084, "ficly_author_url": "http://ficly.com/authors/munkybut", "ficly_sequels": [], "ficly_story_title": "Airport pt 2"}