{"ficly_prequels": [{"ficly_prequel_url": "http://ficly.com/stories/10498", "ficly_prequel_title": "Nothing Special About Revenge", "ficly_prequel_int": 10498}], "ficly_story_url": "http://ficly.com/stories/10533", "ficly_story": "6 grand had been turned into 4 guns, 2 lbs of explosives, and 200 rounds of ammunition. 38 hours in town so he now had 62 hours before it would be too late. Based on his math, he could afford to wait out the glaring daylight hours in a cheap motel room, but nothing too trashy.\n\nMicah was good with numbers; this he knew.\n\nReclined on a hideous purple bedspread, Micah remembered the promises made echoing out of his past. He knew every word, every syllable that had now been violated. Details, habits and tendencies, came easily to mind for planning. On an unrelated note, he had the lyrics to that song about a painted pony stuck in his head.\n\nMicah was good at remembering; this he knew.\n\nHis plan, as he\u2019d formulated it so far, was rather ugly. He\u2019d have to go through the bouncers, hired guns, a low-life friend or two, and maybe an uppity stripper. In the end, it would be him and Dino, two old friends. He\u2019d have to do the final punishing then, make him hurt.\n\nMicah was good at hurting people; this he knew.\n\n", "ficly_author_avatar_url": "http://cdn.ficly.com/icons/29/AHFL_icon.JPG", "ficly_author_nickname": "THX 0477", "ficly_story_int": 10533, "ficly_author_url": "http://ficly.com/authors/thx0477", "ficly_sequels": [{"ficly_sequel_int": 10717, "ficly_sequel_title": "Watching the Dogs", "ficly_sequel_url": "http://ficly.com/stories/10717"}], "ficly_story_title": "Math, Memories, and Hurting People"}