{"ficly_prequels": [], "ficly_story_url": "http://ficly.com/stories/10721", "ficly_story": "One would think that my life is filled with fantasy due to the fact that my daughter is a self-proclaimed \u201cprincess\u201d and my husband duels with dragons in online games. But despite the fact that my home life drips with \u201cfairytales\u201d and \u201cadventure\u201d, somewhere along the line I became trapped within the realities of being.\n\nWhen exactly did I exchange Charles de Lint for Suze Oman? Why exactly did I turn in my renaissance garb for a set of china I never use? How exactly did I lose myself in all of this? And where did I go?\n\nOne cannot say, \u201cThat\u2019s just what happens when you get married and have a kid\u201d. I know women who bring their families along to the ride as they continue to pursue the activities or hobbies they enjoy. Other women seem satisfied to grow into this new self, shedding their old life with ease. Yet I have managed to do neither.\n\n", "ficly_author_avatar_url": "http://cdn.ficly.com/icons/1839/avatar.jpg", "ficly_author_nickname": "piraterose", "ficly_story_int": 10721, "ficly_author_url": "http://ficly.com/authors/piraterose", "ficly_sequels": [{"ficly_sequel_int": 10722, "ficly_sequel_title": "Searching for my Inner Lost Girl.... II", "ficly_sequel_url": "http://ficly.com/stories/10722"}], "ficly_story_title": "Searching for my Inner Lost Girl...."}