{"ficly_prequels": [{"ficly_prequel_url": "http://ficly.com/stories/10458", "ficly_prequel_title": "Find The Equation", "ficly_prequel_int": 10458}], "ficly_story_url": "http://ficly.com/stories/10479", "ficly_story": "I walk into the elevator. I\u2019m on the sixth floor and in a rush to get home and clear my head. I press the \u201c1\u201d button and assault the \u201cDoor Close\u201d button with my finger until the metal doors shut with an almost silent sliding sound.\n\nThe elevator stops three times to pick up seven different people. I\u2019m growing impatient. As the people pile in, the elevator is getting crowded. I\u2019m squished against the wall. My claustrophobia sets in.\n\nNervousness.\n\nI drum my fingers against the wall, out of tune with the elevator music. I clench my jaw a little and breathe less evenly.\n\nWe\u2019re we stop on the 3 floor. My heart rate quickens.\n\nI watch the second hand on my watch go one quarter of the way around. I impatiently count every second as it goes by.\n\nI\u2019m getting out of here.\n\nThe elevator door opens.\n\nI lunge and elbow my way through five and a half people and take the stairs.\n\n", "ficly_author_avatar_url": "http://cdn.ficly.com/icons/153/avatar.jpg", "ficly_author_nickname": "Never Explain (LoA)", "ficly_story_int": 10479, "ficly_author_url": "http://ficly.com/authors/ne", "ficly_sequels": [], "ficly_story_title": "Elevator"}