{"ficly_prequels": [{"ficly_prequel_url": "http://ficly.com/stories/10560", "ficly_prequel_title": "After Hours (I)", "ficly_prequel_int": 10560}], "ficly_story_url": "http://ficly.com/stories/10591", "ficly_story": "We end up in his dazzling apartment, on his bed, completely naked.\n\nHe kisses me nice and soft, and holds me like I\u2019m a normal girl. So I get on top to show him I\u2019m a woman as far as he knows. I begin to kiss him with no tongue. He, on the other hand, seems to enjoy tongue, because thats all he\u2019s been trying to get in my mouth. That\u2019s when I begin to move down his face, to his abs, and begin to suck his dick.\n\n\u201cHmm,\u201d he moans. I tune it out and continue doing what I\u2019m doing, \u201cDamn, you are good. Most girls use teeth.\u201d\n\nI take my mouth off his dick.\n\n\u201cTold you I was good,\u201d I wink, even though he may not see it.\n\n\u201cCan you get off for a second,\u201d he asks. I do as he says.\n\n\u201cWhat?\u201d\n\n\u201cHow about we talk right now. I\u2019ve cummed enough.\u201d\n\n\u201cThis isn\u2019t _Pretty Woman_; I wont be your escort for a week,\u201d I say sharply.\n\n\u201cWhat\u2019s wrong with that movie?\u201d\n\n\u201cProstitutes aren\u2019t like that. And we definitely don\u2019t fall in love,\u201d I say. He shrugs off my sarcasm, which impresses me.\n\nThis can only mean, I might\u2026 like him.\n\n", "ficly_author_avatar_url": "http://cdn.ficly.com/icons/2392/avatar.jpg", "ficly_author_nickname": "Mr.Gabriel", "ficly_story_int": 10591, "ficly_author_url": "http://ficly.com/authors/mistergabriiel", "ficly_sequels": [{"ficly_sequel_int": 10616, "ficly_sequel_title": "Normal Girl By Day (I)", "ficly_sequel_url": "http://ficly.com/stories/10616"}], "ficly_story_title": "After Hours (II)"}