{"ficly_prequels": [{"ficly_prequel_url": "http://ficly.com/stories/10517", "ficly_prequel_title": "A sight to behold", "ficly_prequel_int": 10517}], "ficly_story_url": "http://ficly.com/stories/10518", "ficly_story": "He led her into a large room with plush couches and a luxurious bed. On the crimson walls hung golden framed mirrors.\n\nGeorge stopped in the middle of the room and turned to face her. He grinned His hand carressed her cheek and he bent down and placed his lips on hers. A bittersweet sensation rushed through Zoe as he wrapped his arms around her and she wrapped hers around him.\n\nGeorge manouvered them over to one of the couches, they sat down. His hands slipped under her top and carressed her stomach, moving slowly higher. Zoe tried to push them down more, this was going too fast, she thought. She pulled away. \u201cWait\u201d she said.\n\n\u201cWhat?\u201d asked George, annoyed at having been denied his pleasure.\n\n\u201cI\u2019m not sure about this\u201d Zoe said slowly trying to prise herself away from George.\n\n\u201cYou\u2019re not sure?\u201d he repeated, bewildered. Zoe stood up and adjusted her top. \u201cI\u2019m just not quite ready\u201d she said.\n\nBut before the words were out of her mouth, George had grabbed her arm.\n\n", "ficly_author_avatar_url": "http://cdn.ficly.com/icons/2536/avatar.jpg", "ficly_author_nickname": "Jenni Summers", "ficly_story_int": 10518, "ficly_author_url": "http://ficly.com/authors/jennisummers", "ficly_sequels": [{"ficly_sequel_int": 10531, "ficly_sequel_title": "Not meant to happen", "ficly_sequel_url": "http://ficly.com/stories/10531"}], "ficly_story_title": "Denial"}