{"ficly_prequels": [{"ficly_prequel_url": "http://ficly.com/stories/10852", "ficly_prequel_title": "Don't look back", "ficly_prequel_int": 10852}], "ficly_story_url": "http://ficly.com/stories/10966", "ficly_story": "I am still close to the town. The villagers must have heard my howl last night. I knew it was foolish at the time, but everyone does stupid things in grief. Soon, bounty hunters will come for me. So I do not sit for long. I know I am the killer but I mourn Izar\u2019s death and remember him for a little while. Then, I sit back on my heels and think.\n\nI should leave this place. I should go before they find me. But where do I go? The pungent stink of the dead washes over me as it is carried on a mourning breeze through the tall, yellow grasses. I fall onto hands and knees as I retch and vomit.\n\nStraightening ater my bout of sickness, I watch him one more time. Perhaps I hope he will wake up. Childish as it is, I beg deep in my heart for Izar to jerk awake and hold me\u2026kiss me. He doesn\u2019t. I am still alone. A lone wolf. I will run alone today.\n\nI stare up at the sun. It is still early and the village will still be asleep. I raise my ring to my lips and kiss it for luck. Then, I turn to the horizon. I run.\n\n", "ficly_author_avatar_url": "http://cdn.ficly.com/icons/4271/avatar.jpg", "ficly_author_nickname": "Abby (LoA)", "ficly_story_int": 10966, "ficly_author_url": "http://ficly.com/authors/abbywall", "ficly_sequels": [], "ficly_story_title": "Running Away"}