{"ficly_prequels": [{"ficly_prequel_url": "http://ficly.com/stories/929", "ficly_prequel_title": "The Fear of Clean-Cut suits", "ficly_prequel_int": 929}], "ficly_story_url": "http://ficly.com/stories/1072", "ficly_story": "\u201cOh no! They\u2019re killing the story!\u201d THX yelled.\n\nThis story is dead. So go to the sequel. Do it! Do it! Why are you still here? Do it!\n\n", "ficly_author_avatar_url": "http://ficly.com/images/icons/avatar.jpg", "ficly_author_nickname": "The Note Writer", "ficly_story_int": 1072, "ficly_author_url": "http://ficly.com/authors/note-writer", "ficly_sequels": [{"ficly_sequel_int": 1254, "ficly_sequel_title": "The Member is Revealed", "ficly_sequel_url": "http://ficly.com/stories/1254"}, {"ficly_sequel_int": 1292, "ficly_sequel_title": "Cunning of Foxes", "ficly_sequel_url": "http://ficly.com/stories/1292"}], "ficly_story_title": "The Phantom Story"}