{"ficly_prequels": [{"ficly_prequel_url": "http://ficly.com/stories/11022", "ficly_prequel_title": "Free Garlic Bread", "ficly_prequel_int": 11022}], "ficly_story_url": "http://ficly.com/stories/11023", "ficly_story": "The Italian food put me in a good mood, so I flag down a cab. Luckily the driver is focused on the road more than his customer. When the taxi stops, I fork out some change and hop out, dusting the crumbs off my cloak, brandishing my scythe.\n\nThe house is furnished with disgusting modern artwork that I disapprove of. I glide from room to distasteful room, searching for the dying body.\n\nFound him! Curled in a corner, shivering and sobbing.\n\n\u201cDon\u2019t worry,\u201d I try to soothe this poor young man. \u201cIt will all be over soon.\u201d\n\n\u201cBut I don\u2019t want to go!\u201d he wails, and clings to his knees. This is going to be a long night.\n\n\u201cIt won\u2019t be as bad as you think. You\u2019ll like the underworld. Look, you\u2019re in a lot of pain, right?\u201d\n\nHe whimpers.\n\n\u201cWell, if you come with me, it will go away.\u201d\n\n\u201cI still don\u2019t want to!\u201d Now he struggles to stand, and starts to run in a similar fashion to a headless chicken. I wait, and check my watch. It is more than a half hour before he stops moving, and his soul leaves his body. Time to guide.\n\n", "ficly_author_avatar_url": "http://cdn.ficly.com/icons/1738/avatar.jpg", "ficly_author_nickname": "Violet Turner", "ficly_story_int": 11023, "ficly_author_url": "http://ficly.com/authors/violet_ink", "ficly_sequels": [{"ficly_sequel_int": 11025, "ficly_sequel_title": "Stairway To A Pool Party", "ficly_sequel_url": "http://ficly.com/stories/11025"}], "ficly_story_title": "A Reluctance To Die"}