{"ficly_prequels": [{"ficly_prequel_url": "http://ficly.com/stories/10156", "ficly_prequel_title": "Young Love Part 1", "ficly_prequel_int": 10156}], "ficly_story_url": "http://ficly.com/stories/10157", "ficly_story": "Mia stood in line at starbucks, imaptiently, waiting to order a steaming caramel hot chocolate before she went to work.   \u201cExcuse me?\u201d The man said, tapping Mia on the shoulder   \u201cYes\u201d she said, turning around to look at the man.   \u201cCould I go in front of you? I really got to get to work\u201d he asked   \u201cI\u2019m sorry, no\u201d   \u201cWhy?\u201d he asked   \u201cBecause I also have to wait in line to and I also have to get to work\u201d   \u201cI\u2019m starting a new job today, I don\u2019t want to make a bad impression\u201d   \u201cI\u2019m sorry, but I\u2019ve got to get to work to, I don\u2019t want to get in trouble again\u201d she muttered   The line moved at a faster pace.   \u201cGreat, now I\u2019m late!\u201d he said, cursing at his watch, as she picked up her drink and left.   She got to work late and was surprised to find that the man from starbucks was here.   \u201cPst, Ami, Who is that?\u201d Mia whispered to her friend   \u201cBen Brookes, He\u2019s the bosses new assistant\u201d Ami whispered back   It hit her like a ton of bricks, her childhood love was here and he had stolen her promotion\u2026 this meant war!\n\n", "ficly_author_avatar_url": "http://cdn.ficly.com/icons/1746/avatar.jpg", "ficly_author_nickname": "Breakfast At Jamie's", "ficly_story_int": 10157, "ficly_author_url": "http://ficly.com/authors/breakfastsatjamies", "ficly_sequels": [], "ficly_story_title": "Young Love Part 2"}