{"ficly_prequels": [{"ficly_prequel_url": "http://ficly.com/stories/11014", "ficly_prequel_title": "Wind in the barley", "ficly_prequel_int": 11014}], "ficly_story_url": "http://ficly.com/stories/11013", "ficly_story": "The windows went on forever. From the floor, seemingly up to the sky, marching forwards for at least a hundred metres. The late afternoon sun streamed in, bringing the verdant green of the grass to life even against the polished black marble of the room, and glinting off the row of stainless steel spheres that extended the full length of the gallery.\n\nA bearded nurse accompanied Katie down the room, windows on the left and the spheres on the right. They walked slowly, in silence, their footfalls barely audible in the vast space. After about two dozen spheres, he stopped her and indicated one of the pods. An access port was open, brilliant white light pouring out and mingling with the sunlight on the floor. She climbed up through the aperture, handed her gown down to the nurse and reclined, naked, on the couch.\n\nThe port closed and the sphere danced with images and sounds, calming her and transporting her to another place.\n\n", "ficly_author_avatar_url": "http://cdn.ficly.com/icons/269/avatar.jpg", "ficly_author_nickname": "ethelthefrog", "ficly_story_int": 11013, "ficly_author_url": "http://ficly.com/authors/ethelthefrog", "ficly_sequels": [{"ficly_sequel_int": 10913, "ficly_sequel_title": "Wind in the power-lines", "ficly_sequel_url": "http://ficly.com/stories/10913"}], "ficly_story_title": "Balls. Lots of balls."}