{"ficly_prequels": [{"ficly_prequel_url": "http://ficly.com/stories/10893", "ficly_prequel_title": "Questions of vocal cords.", "ficly_prequel_int": 10893}], "ficly_story_url": "http://ficly.com/stories/10899", "ficly_story": "The head on the wall had an expression of horror across its face. Quite a feat for a Jackalope. Janus looked up at it too.\n\nThe client follow their gaze. \u201cAh yes, my latest taxidermy project, it has the correct amount of _whimsy_, is that the right word?\u201d He smiled.\n\n\u201cUh, yes, very whimsical.\u201d Lauren said, still staring at the head. \u201cDo you have the item\u201d Janus asked. \u201cYes, of course, assuming you have all of the _payment_.\u201d the client replied sweetly.\n\n\u201cOf course, we\u2019re professionals\u201d Janus said humbly. \u201cShall we do the exchange now?\u201d Lauren added meekly. \u201cNo, no, that is not necessary, unless, of course you two are prepared\u2014\u201d the client trailed off, a look of hunger glazing over his eyes.\n\n\u201cWe of course, will need to inspect the item before the exchange.\u201d Janus said sternly. \u201cOf course! Ivan, get _the item_ right now!\u201d\n\n\u201cYes, of course!\u201d Ivan scurried away wheezing breathily. Janus gave Lauren a _Are we sure we want to go through with this_ look. Lauren closed her eyes and nodded slightly. Janus shrugged.\n\n", "ficly_author_avatar_url": "http://ficly.com/images/icons/avatar.jpg", "ficly_author_nickname": "Funtime Bobby", "ficly_story_int": 10899, "ficly_author_url": "http://ficly.com/authors/funtime_bobby", "ficly_sequels": [{"ficly_sequel_int": 10903, "ficly_sequel_title": "Questions of finances.", "ficly_sequel_url": "http://ficly.com/stories/10903"}], "ficly_story_title": "Getting ahead"}