{"ficly_prequels": [{"ficly_prequel_url": "http://ficly.com/stories/10400", "ficly_prequel_title": "Just a typical girl 8", "ficly_prequel_int": 10400}], "ficly_story_url": "http://ficly.com/stories/10500", "ficly_story": "The next morning, I woke still at his house. I found my self laying close next to him. He was still sleeping. I grabbed my phone. 32 missed calls. They were all my mom.   \u2018\u2019Justin, Justin.\u2019\u2019 I was shaking him to wake him up.   \u2018\u2019Yeah?\u2019\u2019 Justin sat up and flipped his gorgeous brown hair.   \u2018\u2019I called my mom. She\u2019s coming at 8. It\u2019s 6 now.\u2018\u2019   \u2019\u2019Okay. Wanna see some of my house?\u2018\u2019   \u2019Okay.\u2019\u2019   We walked all around his gorgeous house.   \u2018\u2019This is my room.\u2019\u2019 I was a Blue with a drum set in the corner, and Mic, and guitar. It was sound proof and had black music notes on the walls. His bed was king size. He sat down oh this huge egg chair. I stood next to it untill he pulled my on his lap.   \u2018\u2019I love you.\u2019\u2019 He said and kissed me.\n\n", "ficly_author_avatar_url": "http://cdn.ficly.com/icons/2213/avatar.jpg", "ficly_author_nickname": "\u2665I.Wont.Apologize.Pick.Me.........\u2665", "ficly_story_int": 10500, "ficly_author_url": "http://ficly.com/authors/bieberbabe24", "ficly_sequels": [{"ficly_sequel_int": 10501, "ficly_sequel_title": "just a typical girl 10", "ficly_sequel_url": "http://ficly.com/stories/10501"}], "ficly_story_title": "Just a typical girl 9"}