{"ficly_prequels": [], "ficly_story_url": "http://ficly.com/stories/10672", "ficly_story": "I knew it as we were in line, and I just as surely knew it while we were being strapped in.\n\nIt was a frenzied, whirling dervish of a ride, with multiple two-seat pods that twirled round and round; flashing multi-colored lights added to the confusion.\n\nMy 15-year-old cousin who isn\u2019t really 15 was with me, but we weren\u2019t in the same pod. We sat by strangers, and I could see the fury, frustration and fear in his eyes as they caught mine.\n\nI should have known better. I did know better.\n\nMy cousin has autism. Despite his lanky frame and peach fuzz, his heart and mind resembled those of a person almost half his age. And he despised these sort of demented rides.\n\nBut I forced him anyway, cajoling him the entire time we waited in line. I figured we\u2019d be fine, that perhaps he\u2019d enjoy himself and thank me after the two minutes were over.\n\n", "ficly_author_avatar_url": "http://cdn.ficly.com/icons/1706/avatar.jpg", "ficly_author_nickname": "Queen Medb", "ficly_story_int": 10672, "ficly_author_url": "http://ficly.com/authors/jrc", "ficly_sequels": [{"ficly_sequel_int": 10674, "ficly_sequel_title": "We shouldn't have been on this ride. (Part 2)", "ficly_sequel_url": "http://ficly.com/stories/10674"}], "ficly_story_title": "We shouldn't have been on this ride."}