{"ficly_prequels": [{"ficly_prequel_url": "http://ficly.com/stories/10026", "ficly_prequel_title": "The Tree Song", "ficly_prequel_int": 10026}], "ficly_story_url": "http://ficly.com/stories/10028", "ficly_story": "Winter freshness kissed Lilly\u2019s cheek as she selected a tree and sat at it\u2019s feet. Her hands crushed into gentle snow and left shadowy imprints as she leant backwards. She did not want to sing today, she shouldn\u2019t have come. The trees stood as statues. They did not move and neither did Lilly. The light caressed her sharp eyes. There was no sound. Lilly drew her coat closer about her slim form and pulled it up to her mouth, chewing on the top button. Frost melted as it touched her warm neck and trickled down her back. She shivered. Even through the early morning mist, she could see the thick, branchless trunks of pine trees. They were all the same. They were all still. Lilly gulped down breaths of freezing air, the sweetness of icy leaves stuck in her mouth. Clouds billowed as she released her tension. She sank a little deeper, her head scraped against the bark, her black hair collected frosty droplets. Lilly closed her eyes so that she could see the trees. Lilly opened her mouth. Lilly sang the tree song.\n\n", "ficly_author_avatar_url": "http://cdn.ficly.com/icons/4271/avatar.jpg", "ficly_author_nickname": "Abby (LoA)", "ficly_story_int": 10028, "ficly_author_url": "http://ficly.com/authors/abbywall", "ficly_sequels": [{"ficly_sequel_int": 10029, "ficly_sequel_title": "A Winter Tree Song", "ficly_sequel_url": "http://ficly.com/stories/10029"}], "ficly_story_title": "A Winter Tree"}