{"ficly_prequels": [{"ficly_prequel_url": "http://ficly.com/stories/1074", "ficly_prequel_title": "ENTER THE HERO --- OR FOOL part 1", "ficly_prequel_int": 1074}], "ficly_story_url": "http://ficly.com/stories/1076", "ficly_story": "I stamped my feet as I stood watching the propane gauges inch upward. When the gauges read 89% I climbed the stairs to the top of the tanks, walked down the gangway to the two tanks and closed their fill valves. Now I was down to one tank to top-off before opening three more tanks to be filled.\n\nAssuming I had plenty of time, before this last tank was filled, I headed for the office to fill out the drivers paperwork. The heat of the office was a relief from the cold, as I removed my parka and sat down to type out his bill of lading.\n\nI was typing when suddenly I heard a roar. I jumped up and ran to the door. With a sinking feeling in my gut, I knew what it was. The lone propane tank had filled and it\u2019s three, six inch relief valves, were all spewing propane into the still night air.\n\nI turned off the electric heater in the office, then ordered the driver to go out on the street and not to let any cars drive through the cloud of propane. Outside, my opened parka flapping, I ran to the power panel.\n\n", "ficly_author_avatar_url": "http://cdn.ficly.com/icons/1346/avatar.jpg", "ficly_author_nickname": "Wyatt Aapr LoA", "ficly_story_int": 1076, "ficly_author_url": "http://ficly.com/authors/bygollee66", "ficly_sequels": [{"ficly_sequel_int": 1077, "ficly_sequel_title": "ENTER THE HERO --- OR FOOL end.", "ficly_sequel_url": "http://ficly.com/stories/1077"}], "ficly_story_title": "ENTER THE HERO --- OR FOOL part 2"}