{"ficly_prequels": [{"ficly_prequel_url": "http://ficly.com/stories/10287", "ficly_prequel_title": "An Unexpected Response", "ficly_prequel_int": 10287}], "ficly_story_url": "http://ficly.com/stories/10291", "ficly_story": "\u201cHe-he, we\u2019re not supposed to be here,\u201d One of them says. I like to call her Dee, just to never get them mixed up.\n\n\u201cBut we really want to hang out with Emily later,\u201d the other one, Sire, says.\n\n\u201cI don\u2019t even think she wants to after the kiss thing,\u201d I whisper, hoping nobody hears me talking to my emotions.\n\n\u201cOh come on, James. She\u2019s such a cutie, just try and get to know her,\u201d Dee tries to convince me.   \u201cFor us?\u201d They say together, like a harmony. Right when I\u2019m about to give in, a visitor, who comes up just as much as Fear, appears.\n\n\u201cJames, lets be real,\u201d says a dry voice. Desire has disappeared and Reality, an old man, is whispering in my ear, \u201cYou just met her today. You probably already freaked her out.\u201d I put my head down knowing he\u2019s right. Or least, I think so.\n\nReality, is doing a better job convincing me then I think. I just hope Courage appears, but when the bell rings, and I\u2019m the last to leave, Reality is still around. Thats when I see Emily a good distance away, and Courage is nowhere in sight.\n\n", "ficly_author_avatar_url": "http://cdn.ficly.com/icons/2392/avatar.jpg", "ficly_author_nickname": "Mr.Gabriel", "ficly_story_int": 10291, "ficly_author_url": "http://ficly.com/authors/mistergabriiel", "ficly_sequels": [{"ficly_sequel_int": 10302, "ficly_sequel_title": "Confidence drives out Fear.", "ficly_sequel_url": "http://ficly.com/stories/10302"}], "ficly_story_title": "More Mixed Emotions"}