{"ficly_prequels": [{"ficly_prequel_url": "http://ficly.com/stories/10532", "ficly_prequel_title": "Santa Stole My Girlfriend", "ficly_prequel_int": 10532}], "ficly_story_url": "http://ficly.com/stories/10558", "ficly_story": "Dear Danny\n\nSo you think you were good. Ho fucking ho, my friend.\n\nLet\u2019s take a look. Daily gym workouts, religiously. No carbs after 6. No porn. And you studiously went down on Debs at least every fortnight. Heck, you even went to _church_. Gotta admit, you tried hard.\n\nHere\u2019s your problem, Danny boy. You bought the ticket for the wrong draw. You already got your prize. The neat six-pack, the bespoke jeans, the never- sullied fingernails\u2026 that was what you angled for, and that\u2019s what you got.\n\nBut there comes a point when good becomes\u2026 invisible. Me, I\u2019ve got a body like a walrus, and I\u2019m old enough to be your father. (Sorry to rub it in.) But sooner or later girls like Debbie want to head out into snowripped tundra with a man who knows how to strip a steak from reindeer carcass. For whom \u2018axe\u2019 means a tool for splitting wood, not for masking body odour.\n\nBetter luck next year.\n\nSanta   P.S. _You\u2019re_ the one still writing letters to Santa. And it comes as a surprise that you got dumped?\n\n", "ficly_author_avatar_url": "http://cdn.ficly.com/icons/1464/avatar.jpg", "ficly_author_nickname": "Coccinella", "ficly_story_int": 10558, "ficly_author_url": "http://ficly.com/authors/coccinella", "ficly_sequels": [], "ficly_story_title": "Dear Danny"}