{"ficly_prequels": [{"ficly_prequel_url": "http://ficly.com/stories/10489", "ficly_prequel_title": "When the clock struck four... Part 2", "ficly_prequel_int": 10489}], "ficly_story_url": "http://ficly.com/stories/10490", "ficly_story": "Again, predicting my fate, I opened my arms and flew away with my amazingly random growth of required bodily function mutation (ARGORBFM), this time, I grew a parachute on my head. Unfortunately, due to my sudden evolution into a zombie, my head detached and flew off as a gale force south-westerly wind picked up. Off my head flew as I fell. I tried to activate my ARGORBFM but due to my lack of head, it didn\u2019t work. I fell onto the spiked and an epic pain shot through my headless body. A helicopter flew ahead. On it said: The Chinese Society of the Calligraphy Writers of Singapore. They dropped a small, not quite long enough rope ladder towards me. Using my previously not working but now mysteriously is ARGORBFM; I reach out with an elongated arm. I climbed the ladder at an alarming rate.\n\n", "ficly_author_avatar_url": "http://cdn.ficly.com/icons/1733/avatar.jpg", "ficly_author_nickname": "The Athiest", "ficly_story_int": 10490, "ficly_author_url": "http://ficly.com/authors/elderlyons", "ficly_sequels": [{"ficly_sequel_int": 10491, "ficly_sequel_title": "When the clock struck four... Part 4", "ficly_sequel_url": "http://ficly.com/stories/10491"}], "ficly_story_title": "When the clock struck four... Part 3"}