{"ficly_prequels": [], "ficly_story_url": "http://ficly.com/stories/10780", "ficly_story": "I awoke in pitch darkness, a black blanket pressing nonexistently against my eyes. The air in this chamber\u2014for that is all I can call it, even now\u2014was so damp that even my clothes were wet. A hum from a starting light penetrated the silence accompanying the darkness, coming to life in an eerie orange glow. It illuminated an empty room, all but a shadowed corner with a hunched mass in it. At first, it appeared to be no more than a pile of clothes, until I realized it was sobbing. I took a cautious, slow step toward the masculine sobs.\n\n\u201cAre you\u2014\u201c I started, thinking better of it too late. I froze where I stood when the mass began to speak.\n\n\u201cAlright?\u201d the voice finished, as masculine as the sobs. \u201cNo, I\u2019m not alright. I\u2019m not safe. You\u2019re in even worse shape. We\u2019re in hell!\u201d He\u2014I assumed male\u2014shouted his final sentence, making me shrink away. What intensity! How was that all I could think?\n\n", "ficly_author_avatar_url": "http://cdn.ficly.com/icons/1547/avatar.jpg", "ficly_author_nickname": "Elisabeth L. Davis(LoA)", "ficly_story_int": 10780, "ficly_author_url": "http://ficly.com/authors/lisdavis", "ficly_sequels": [{"ficly_sequel_int": 10781, "ficly_sequel_title": "Consideration", "ficly_sequel_url": "http://ficly.com/stories/10781"}], "ficly_story_title": "Entrapment"}