{"ficly_prequels": [{"ficly_prequel_url": "http://ficly.com/stories/10381", "ficly_prequel_title": "Just another day in paradise #4", "ficly_prequel_int": 10381}], "ficly_story_url": "http://ficly.com/stories/10393", "ficly_story": "After chatting in my room, then hiting the bowling alley, we decided to go to the ice cream sunday room. It had a giant sundae bar in the middle, with many surronding ooths and tables. We all made our sundaes and sat down by the window seat.   \u201cYour brother is soooooo cute skateboarding!\u201d Alex gushed.   Everyone nodded. It was sooo wierd that everyone thought my brother was hot. He was 16, a year older than us. I also have 12 and 7 year old sisters.   \u201cWho is that, with your brother?\u201d Melanie asked, curious.   I shrugged. \u201cProbably just a new friend.\u201d   \u201cA hot new friend!\u201d Callie winked.   I laughed and looked closer at the new boy. He did actually look pretty cute. He had shaggy brown hair, and he was wearing a yankee hat backwards. I couldn\u2019t see his face, but his jeans and DC sweatshirt definatly qualified him as hot.   \u201cHmmm. I have dibs!\u201d I called.   We all stared at each other for a second, then in at the same time hopped from our seats, and raced for the door.\n\n", "ficly_author_avatar_url": "http://cdn.ficly.com/icons/2443/avatar.jpg", "ficly_author_nickname": "just another girl", "ficly_story_int": 10393, "ficly_author_url": "http://ficly.com/authors/user-354", "ficly_sequels": [{"ficly_sequel_int": 10417, "ficly_sequel_title": "Just another day in paradise #6", "ficly_sequel_url": "http://ficly.com/stories/10417"}], "ficly_story_title": "Just another day in paradise #5"}