{"ficly_prequels": [{"ficly_prequel_url": "http://ficly.com/stories/10028", "ficly_prequel_title": "A Winter Tree", "ficly_prequel_int": 10028}], "ficly_story_url": "http://ficly.com/stories/10029", "ficly_story": "It was then, with haunting melody echoing through the empty woods, that Lilly felt the wind stroking her arms. The trees whispered as the wind caught their empty branches and screamed as it whipped their snowy bark. Lilly let the symphony hold her and support her and embrace her. Her own voice rose high above the quavering trees. Then her notes faded away. Lilly sighed and swallowed her chill saliva that had risen during the performance. Her head had spun but now she felt calm and at peace. She opened her eyes and snow stung the sockets. As quickly as it had begun, the tree song ended. Lilly leant back for a moment and considered singing again but she had emptied her feelings. She had no lyrics to use. The wind sank to the snow and carried the mist away on its wings.   \u201cI can live now,\u201d Lilly whispered, like a pact to the frozen earth, \u201cBut one day\u2026one day I will die like the Tree Song.\u201d\n\n", "ficly_author_avatar_url": "http://cdn.ficly.com/icons/4271/avatar.jpg", "ficly_author_nickname": "Abby (LoA)", "ficly_story_int": 10029, "ficly_author_url": "http://ficly.com/authors/abbywall", "ficly_sequels": [], "ficly_story_title": "A Winter Tree Song"}