{"ficly_prequels": [{"ficly_prequel_url": "http://ficly.com/stories/8878", "ficly_prequel_title": "Controversy", "ficly_prequel_int": 8878}], "ficly_story_url": "http://ficly.com/stories/10594", "ficly_story": "It was fascinating. She could write an article and people would be offended. Not at her, not by her, but at whatever she\u2019d selected as the target of her ire.\n\nStella didn\u2019t really _care_ when newscasters swore on air, or when a new videogame had the audacity to feature red pixels, or when some pretentious playwright had a man call himself Jesus on stage, but that was the beauty of it- so many people did. Enough to bombard people with angry letters and to sell papers by the shedload.\n\nIf she was wrong- and she often was, having cribbed many of her \u201cfacts\u201d from nothing more than hunches or pure imagination- she was never expected to withdraw her statement; no apology, no responsibility. The conglomerate which owned the paper had recently won a court case that declared they had no moral or legal obligation to report the truth.\n\nSo what she wrote and broadcasted didn\u2019t really have to be anything except thought-provoking entertainment. She was always provocative, and watching the fallout was always entertaining\u2026\n\n", "ficly_author_avatar_url": "http://cdn.ficly.com/icons/1677/avatar.jpg", "ficly_author_nickname": "Edcrab", "ficly_story_int": 10594, "ficly_author_url": "http://ficly.com/authors/edcrab", "ficly_sequels": [], "ficly_story_title": "Preaching to the Masses"}