{"ficly_prequels": [{"ficly_prequel_url": "http://ficly.com/stories/10289", "ficly_prequel_title": "In the Shadows of Men", "ficly_prequel_int": 10289}], "ficly_story_url": "http://ficly.com/stories/10316", "ficly_story": "I won\u2019t pretend that I miss my mother and father, I never knew them. They didn\u2019t pass away leaving me an orphan. They disappeared. No ones knows where they went, but I haven\u2019t heard or seen them since. They left me behind with just my nanny. She couldn\u2019t access my parents money and so she wrote a letter to my nearest living realtions, for she couldn\u2019t afford to look after me on the little money she possessed.\n\nSo that is how I came to be at Troughton Farm. There I lived with my Aunt Mary, Uncle Richard and my cousin, Thomas.\n\nAccording to my Aunt, Nanny Judith, for that was her name apparently, had merely knocked on the wooden door of the cottage and handed me over, in the wicker basket. She handed me into a style of life, so completely different to the life I would\u2019ve had, had my mother and father been around. That I might have grown up as a Lady, is a thought I do not care to linger upon.\n\nAfter depositing me with my aunt and Uncle, Nanny Judith stepped back into the carriage and I never saw her again.\n\n", "ficly_author_avatar_url": "http://cdn.ficly.com/icons/2536/avatar.jpg", "ficly_author_nickname": "Jenni Summers", "ficly_story_int": 10316, "ficly_author_url": "http://ficly.com/authors/jennisummers", "ficly_sequels": [{"ficly_sequel_int": 10318, "ficly_sequel_title": "In the Shadows Of Men (3)", "ficly_sequel_url": "http://ficly.com/stories/10318"}], "ficly_story_title": "In the Shadows of Men (2)"}