{"ficly_prequels": [{"ficly_prequel_url": "http://ficly.com/stories/9878", "ficly_prequel_title": "Another Scooter Girl", "ficly_prequel_int": 9878}], "ficly_story_url": "http://ficly.com/stories/10013", "ficly_story": "\u201cYou\u2026you\u2026you\u2026\u201d The mechanical Rae struggled to articulate something negative, but seamlessly written interlock code kept replacing anything she could imagine with a different phrase. Meanwhile, the real Rae had fallen mercifully to sleep in the corner, cuddling a grease rag.\n\n\u201cGo ahead,\u201d the mechanical Violet taunted, \u201csay whatever comes to mind.\u201d\n\n\u201cYou\u2026queen of all payback? Really, you gave yourself that title?\u201d\n\n\u201cYou made me call the fleshling you \u2018mistress\u2019. How twisted was that?\u201d\n\n\u201cIt wasn\u2019t twisted,\u201d came the quick protest, \u201cIt was\u2026it\u2019s just standard for someone who owns something else.\u201d\n\n\u201cHa!\u201d Violet\u2019s metal finger was up and pointing in accusation, \u201cRight there! Exactly, that\u2019s where it got twisted, when you got it into your stupid head to copy, insert, and **own** your quote-unquote best friend. That\u2019s sick, Rae. What kind of person does that?\u201d\n\nNo answer came. Mechanical Rae slumped back against a work bench. There was no defense for what she\u2019d done, and now the desserts were just.\n\n", "ficly_author_avatar_url": "http://cdn.ficly.com/icons/29/AHFL_icon.JPG", "ficly_author_nickname": "THX 0477", "ficly_story_int": 10013, "ficly_author_url": "http://ficly.com/authors/thx0477", "ficly_sequels": [{"ficly_sequel_int": 10015, "ficly_sequel_title": "Scooter Girl Scoots", "ficly_sequel_url": "http://ficly.com/stories/10015"}], "ficly_story_title": "Name Calling and Other Friendly Activities"}