{"ficly_prequels": [{"ficly_prequel_url": "http://ficly.com/stories/106", "ficly_prequel_title": "New Land", "ficly_prequel_int": 106}], "ficly_story_url": "http://ficly.com/stories/110", "ficly_story": "All around him, people thrust their way purposefully through the crowd, heads down and shawls up against the storm, harried but certain of their destinations. Sergei alone seemed to dawdle, looking uncertainly at street signs, trying to remember his few Keltish lessons. _I can speak it well enough, but damned if I can read it\u2026_ he thought, gazing at the strange symbols.\n\nPeople pushed and shoved past him indifferently. The sheer mass of bodies frightened Sergei a little- he hadn\u2019t seen this many people in one place since the-\n\nBut he wasn\u2019t to think about that.\n\nSergei shivered and turned into a small alley. He leaned against the wall, watching the people hurry past him. Across the alley was a doorway with a small awning and a soft-looking rug. Sergei sat down on it and verified that it was indeed very soft. He leaned against the wall and began to finally feel safe\u2026\n\n\u201cHey! That\u2019s MY spot!\u201d A girl about his age was standing in the mouth of the alley, hands on hips and looking very angry.\n\n", "ficly_author_avatar_url": "http://cdn.ficly.com/icons/2978/avatar.jpg", "ficly_author_nickname": "Insert Pen Name Here", "ficly_story_int": 110, "ficly_author_url": "http://ficly.com/authors/insertpennamehere", "ficly_sequels": [{"ficly_sequel_int": 400, "ficly_sequel_title": "Sergei is Given a Break", "ficly_sequel_url": "http://ficly.com/stories/400"}], "ficly_story_title": "Her Spot"}