{"ficly_prequels": [{"ficly_prequel_url": "http://ficly.com/stories/10751", "ficly_prequel_title": "A Time To Be Born . . . A Time to Die", "ficly_prequel_int": 10751}], "ficly_story_url": "http://ficly.com/stories/10753", "ficly_story": "I had just read the poem I wrote after dad died on November 11, 1998. It was Friday the 13th and the poem was wrenching. He died alone, in Atlanta, in a truckstop. He was 58 years old and the heart attack was massive.\n\nAt 3:30 a.m. the phone rang. \u201cKids! Friday the 13th. It must be a prank.\u201d I thought as I rolled over and tried to go back to sleep. But the cell phone rang too, and I knew this was bad news. I had been reminded that November was cruel and Grandma was 90 now.\n\nMy 26 year-old nephew was strong and gentle. He played the drums in a band when he wasn\u2019t working on the farm. Harvest was done, so he was playing a gig with his younger brother at a night club. He collapsed as they were taking the equipment down. It was a massive heart attack; an undiagnosed heart condition the coroner said.\n\nMy Bill, my godson, was gone in an instant. My sister was devastated. We skipped her birthday on the 16th and planned a funeral instead.\n\nThere was lots of music. I read from the Book of Ecclesiastes.\n\n", "ficly_author_avatar_url": "http://cdn.ficly.com/icons/3458/avatar.jpg", "ficly_author_nickname": "stargazer1960", "ficly_story_int": 10753, "ficly_author_url": "http://ficly.com/authors/stargazer1960", "ficly_sequels": [{"ficly_sequel_int": 10754, "ficly_sequel_title": "Billy's Rainbow", "ficly_sequel_url": "http://ficly.com/stories/10754"}], "ficly_story_title": "A Time For Every Purpose Under Heaven"}