{"ficly_prequels": [{"ficly_prequel_url": "http://ficly.com/stories/10442", "ficly_prequel_title": "Mother Natures Witch!! 2", "ficly_prequel_int": 10442}], "ficly_story_url": "http://ficly.com/stories/10463", "ficly_story": "When he jumped you, he scared me. What was he doing I said. Then I reliezed he smelled the carrots growing in my graden filled with so many plants and vegitables.\"Ok\"I told him,\u201cIf you promis not to eat all the vegitables in my garden, then I\u2019ll bring you a hand full of carrots a day\u201d. I looked at him and saw that he wasnt happy, he wanted to nagociate.\u201cOk you want to be a tough guy don\u2019t you, hum.. ok I\u2019ll give you 5 carrots every 6 hours\u201d. He looked at me and shook his head, and I could tell that he had qute an apatight.\"Ok this is my last offer, I\u2019ll give you 8 carrots every\u2026. 3 hours, if you dont eat the vegitables in my garden. Going once\u2026.going twice. I looked at him and saw that he mad a deal with me, he was happy. \u201cOk well welcome to your new home my little buddy, let me give you the grand tour\u201d. I said as i walked in the door of my house.\n\n", "ficly_author_avatar_url": "http://cdn.ficly.com/icons/2759/avatar.jpg", "ficly_author_nickname": "Be.a.teenage.Dream.Tonight&lt;3", "ficly_story_int": 10463, "ficly_author_url": "http://ficly.com/authors/user-1960", "ficly_sequels": [{"ficly_sequel_int": 10464, "ficly_sequel_title": "Mother Nature Witch!!!! 4", "ficly_sequel_url": "http://ficly.com/stories/10464"}], "ficly_story_title": "Mother Natures Witch!!! 3"}