{"ficly_prequels": [], "ficly_story_url": "http://ficly.com/stories/109", "ficly_story": "Scared and out of breath Dr. Richard Benson \u2013 as it turned out, a fifth cousin of the trillionaire of the same name \u2013 tried to enter the small, inconspicuous chapel as noiselessly he could. The the sun-bleached door, however creaked as if to announce the visitor to the old priest just starting with the midnight mass. _Gl\u00f3ria in exc\u00e9lsis Deo_ The chapel was completely empty and the priest hesitated almost disapprovingly before continuing. _et in terra pax hom\u00ednibus bonae volunt\u00e1tis_. Richard quickly shuffled into the second to last pew and kneeled. _Laud\u00e1mus te,_ He quickly rattled off some random prayer, _bened\u00edcimus te,_ sat and closed his eyes. _ador\u00e1mus te,_ His breathing was slowly returning to normal. _glorific\u00e1mus te,_ The ritual incantations washed over him and he thought back to his youth when, _gr\u00e1tias \u00e1gimus tibi propter magnam gl\u00f3riam tuam,_ in boarding school he was forced to attend mass once every day _D\u00f3mine Deus, Rex c\u00e6l\u00e9stis,_ and three times on Sunday.\n\n", "ficly_author_avatar_url": "http://cdn.ficly.com/icons/58/avatar.jpg", "ficly_author_nickname": "Pyropunk 51 (PPP LoA)", "ficly_story_int": 109, "ficly_author_url": "http://ficly.com/authors/pyropunk", "ficly_sequels": [{"ficly_sequel_int": 112, "ficly_sequel_title": "The metallic werewolf P2", "ficly_sequel_url": "http://ficly.com/stories/112"}], "ficly_story_title": "The metallic werewolf P1"}