{"ficly_prequels": [{"ficly_prequel_url": "http://ficly.com/stories/10880", "ficly_prequel_title": "Open Letters to People that Bother Me: Devin", "ficly_prequel_int": 10880}], "ficly_story_url": "http://ficly.com/stories/10914", "ficly_story": "Dear Luke,\n\nPlease explain to me, in words of three syllables or fewer, how you reached the conclusion you did. We are standing in a room full of naked boys, you have an erection and _I_ am the one who is gay?\n\nMaybe, one day, you\u2019ll get a life. Maybe you\u2019ll go to prison. You might enjoy it there.\n\nGlad that you are now but a memory to me,\n\nEtF.\n\n", "ficly_author_avatar_url": "http://cdn.ficly.com/icons/269/avatar.jpg", "ficly_author_nickname": "ethelthefrog", "ficly_story_int": 10914, "ficly_author_url": "http://ficly.com/authors/ethelthefrog", "ficly_sequels": [], "ficly_story_title": "Dear Luke"}