{"ficly_prequels": [{"ficly_prequel_url": "http://ficly.com/stories/10813", "ficly_prequel_title": "Run Away (II)", "ficly_prequel_int": 10813}], "ficly_story_url": "http://ficly.com/stories/10866", "ficly_story": "There\u2019s an awkward silence after I admit it. Maybe I made a mistake confessing it, but denying it would only make him investigate more.\n\nNow I\u2019m in my room, door locked, my back to the wall, reflecting on the future damage I\u2019ve just created. How could I have been so stupid? Going somewhere with him!\n\nI still can\u2019t think straight, when I hear something crash in the living room.\n\nMom and Dad.\n\nI run to the living room and see my mom on the floor protecting her face and my father, angry, hovering over her.\n\n\u201cGet away from her!\u201d I yell at him. I don\u2019t approve of my mother\u2019s drinking, but nobody deserves to be hit.\n\n\u201cWhat the fuck did you just say to me, _bitch_?\u201d he yells back.\n\n\u201cI said, get the _fuck_ off of her!\u201d I yell. He\u2019s not getting away with this.\n\n\u201cYou little shit!\u201d he says trying to insult me. He doesn\u2019t know I\u2019m a fucking prostitute.\n\n\u201cYou fucking bastard. Touch her and you better hope you don\u2019t drop the soap,\u201d I threaten.\n\nHis arm flings and smacks me.\n\nI touch my cheek and it\u2019s bleeding.\n\nBastard.\n\n", "ficly_author_avatar_url": "http://cdn.ficly.com/icons/2392/avatar.jpg", "ficly_author_nickname": "Mr.Gabriel", "ficly_story_int": 10866, "ficly_author_url": "http://ficly.com/authors/mistergabriiel", "ficly_sequels": [{"ficly_sequel_int": 10870, "ficly_sequel_title": "Surprises (II)", "ficly_sequel_url": "http://ficly.com/stories/10870"}], "ficly_story_title": "Surprises (I)"}