{"ficly_prequels": [{"ficly_prequel_url": "http://ficly.com/stories/10469", "ficly_prequel_title": "In the Shadows Of Men (7)", "ficly_prequel_int": 10469}], "ficly_story_url": "http://ficly.com/stories/10621", "ficly_story": "This time, thinking it the best thing to do I kept my mouth shut.\n\n\u201cI ASKED YOU A QUESTION _URCHIN_!\u201d yelled my Uncle. I\u2019d soon learn that whatever I did would be bad in the eyes of my uncle and my cousin.\n\nThe details here are slightly blurred for me. All I remember after that was waking up on the floor of my bedroom with pain springing at my back. My dress had been left undone at the back and as I reached back to see what was wrong, a fresh pain came and my hand came back tingd red with blood.\n\nNo one came to clean me up that day. I was left in my room till the next morning. I ad to be independant if I didn\u2019t want an infection. I was old enough to know that if a wound wasn\u2019t clean it wouldn\u2019t heal and if it didn\u2019t heal bugs could make it nasty. So I found a spare scrap of linen, dipped it in my basin and tried my best to clean myself up.\n\nThat was the first of many beatings for me. Me and my big mouth. It\u2019s how I got into this mess, but I wouldn\u2019t change it for the world.\n\n", "ficly_author_avatar_url": "http://cdn.ficly.com/icons/2536/avatar.jpg", "ficly_author_nickname": "Jenni Summers", "ficly_story_int": 10621, "ficly_author_url": "http://ficly.com/authors/jennisummers", "ficly_sequels": [{"ficly_sequel_int": 10709, "ficly_sequel_title": "In The Shadows Of Men (9)", "ficly_sequel_url": "http://ficly.com/stories/10709"}], "ficly_story_title": "In The Shadows Of Men (8)"}