{"ficly_prequels": [{"ficly_prequel_url": "http://ficly.com/stories/10512", "ficly_prequel_title": "The Old House on St. Godson Street Part 3", "ficly_prequel_int": 10512}], "ficly_story_url": "http://ficly.com/stories/10513", "ficly_story": "A couple of the glass pieces cut into Mat. He screamed in pain and fell to the floor. Emily stopped running and went to help her twin. Mat was bleeding to much. He was becoming pale. He held his hand up.   \u201cRun,\u201d he whispered. His hand fell down. Tears streamed down Emily\u2019s face. She got up and ran towards Jackie. Emily looked back, only to see that Mat\u2019s body was gone. She stopped in shock. Jackie looked back and saw that his body was gone too. She stumbled back, bewildered. Suddenly they saw Mary coming around the corner. They smiled, and them saw her horrid expression. It was just like from back in the bed room. She held up her hand and the paintings flew towards them.   The two girls ran down the hall. Suddenly the ceiling came down on them. Emily rolled to the side just in time, but Jackie got caught under it. Her hand was sticking out of the debris. Her hand reached out, and them went limp. The tears on Emily\u2019s face kept gushing down. She ran as hard as she could. She stopped in the dinning room.\n\n", "ficly_author_avatar_url": "http://cdn.ficly.com/icons/4309/avatar.jpg", "ficly_author_nickname": "maximumride36", "ficly_story_int": 10513, "ficly_author_url": "http://ficly.com/authors/maximumride36", "ficly_sequels": [{"ficly_sequel_int": 10515, "ficly_sequel_title": "The Old House on St. Godson Street Part 5", "ficly_sequel_url": "http://ficly.com/stories/10515"}], "ficly_story_title": "The Old House on St. Godson Street Part 4"}