{"ficly_prequels": [{"ficly_prequel_url": "http://ficly.com/stories/10263", "ficly_prequel_title": "Light Blue Jeans (Part 2)", "ficly_prequel_int": 10263}], "ficly_story_url": "http://ficly.com/stories/10264", "ficly_story": "\u201cI couldn\u2019t help it. I mean it would have been weird if I had been nice to you, you would have gotten ideas. Oh and Jono would never have forgiven me.\u201d He hiccupped.   \u201cWhy? What do you mean?\u201d Abi was surprised.   \u201cYou don\u2019t know? Jono is like in love with you! He has been for years!\u201d He exclaimed.   \u201cOh no. Dear god no!\u201d She was suddenly hit with a realisation. \u201cSo that\u2019s why he told you. So you would hate me and he could rush in and be the hero!\u201d   \u201cNo, not really. He sort of told me that if I ever made a move on you he would never talk to me again and tell everyone my darkest secrets.\u201d Josh said, without much emphasis.   \u201cBut that\u2019s blackmail!\u201d She cried.   \u201cI know, I should have told you earlier. You didn\u2019t deserve all this hurt.\u201d He was apologetic.   \u201cBut\u2026I mean\u2026would you have made a move? Had you been able to?\u201d Abi hid her eyes as she awkwardly asked him the question she had been longing for an answer to.\n\n", "ficly_author_avatar_url": "http://cdn.ficly.com/icons/1883/avatar.jpg", "ficly_author_nickname": "tinkerbelle", "ficly_story_int": 10264, "ficly_author_url": "http://ficly.com/authors/tinkerbelle", "ficly_sequels": [{"ficly_sequel_int": 10265, "ficly_sequel_title": "Light Blue Jeans (Part 4)", "ficly_sequel_url": "http://ficly.com/stories/10265"}], "ficly_story_title": "Light Blue Jeans (Part 3)"}