{"ficly_prequels": [{"ficly_prequel_url": "http://ficly.com/stories/1035", "ficly_prequel_title": "Borough", "ficly_prequel_int": 1035}], "ficly_story_url": "http://ficly.com/stories/1073", "ficly_story": "\u201cWho the hell are you?\u201d Vince\u2019s mother asked. \u201cAce-freakin\u2019-Frehly?\u201d\n\n\u201cIt\u2019s Tony Izadorri, lead guitarist of Black Shark!\u201d\n\n\u201cAnd you\u2019re Billy Gilman!\u201d\n\n\u201cReally, Mom, it\u2019 s him. \"\n\n\u201cIf you\u2019re dealing drugs, I\u2019ll call the cops,\u201d she said, waving her iPhone like it was a loaded weapon.\n\n\u201cLook at the Black Shark poster in my room. It\u2019s him!\u201d\n\nTony pulled his mother by the arm and they moved to the back of the trailer. The main living space was littered with trash, and the smell of wet dog hair was thick in the air.\n\nBehind a closed door in the back, a dog growled and barked. \u201cQuiet, Tiny!\u201d Vince\u2019s Mom yelled, pounding on the thin-plastic door.\n\nTony pulled the poster down from the wall, and handed it to his mother. \u201cHe\u2019s the one with a wood-grain guitar like your old one!\u201d\n\nShe studied the poster for several seconds, until she finally dropped it and said, \u201cOh my God! I\u2019m a fan \u2014 I mean we \u2014 we\u2019ve been fans for so long and when Pete died we -\u201d\n\n\u201cStop, I know! That\u2019s why I\u2019m here. We want Vince to replace him.\u201d\n\n", "ficly_author_avatar_url": "http://cdn.ficly.com/icons/621/avatar.jpg", "ficly_author_nickname": "NinjaChicken", "ficly_story_int": 1073, "ficly_author_url": "http://ficly.com/authors/ninjachicken", "ficly_sequels": [], "ficly_story_title": "Meeting Vince's Mom"}