{"ficly_prequels": [{"ficly_prequel_url": "http://ficly.com/stories/9946", "ficly_prequel_title": "Back From the Dead", "ficly_prequel_int": 9946}], "ficly_story_url": "http://ficly.com/stories/10077", "ficly_story": "He throws her out the bay window, her body thudding to the ground. He turns to face the rest of the room.   \u201cAnyone else care for a taste?\u201d he snarls.   People begin to scatter, seeking whatever shelter they think will keep them from being ripped limb from limb.   He lumbers through the room, exacting his revenge on any who gets in his way.   In mere mintues, the room is blood-soaked, but devoid of all life. The monster that used to be Victor Vitrino, stumbles out the door, lurching to halt in the yard. The life has left his eyes once again.   He falls onto the grass, shivering. Staring at the sky, he whispers, \u201cWhat have I done?\u201d The air escapes his lungs for the second time and soon he is cold and stiff.   A darkly hooded stranger steps out from behind the bushes, rubbing her hands together with glee.   \u201cThat will teach them,\u201d she mumbles.   She grabs the legs of the prostrate man in front of her and begins to drag him into the night.\n\n", "ficly_author_avatar_url": "http://cdn.ficly.com/icons/1627/avatar.jpg", "ficly_author_nickname": "Horrorfan13", "ficly_story_int": 10077, "ficly_author_url": "http://ficly.com/authors/http-ficly-com-horrorfan13-", "ficly_sequels": [], "ficly_story_title": "A Stranger's Revenge"}