{"ficly_prequels": [{"ficly_prequel_url": "http://ficly.com/stories/10460", "ficly_prequel_title": "My Wish", "ficly_prequel_int": 10460}], "ficly_story_url": "http://ficly.com/stories/10920", "ficly_story": "I stared up at the spinning sky, not seeing the stars but seeing them, so many of them. The policeman\u2019s pretty blue eyes no longer locked with my vision, so I was free to stare at the skies. That is, until he came back over and picked me up, deeming me unfit to walk since I had collapsed. He carried me over to an ambulance that was pulled over on the side of the bridge. A crowd of people were gathering, and they all shouted in relief when they saw the policeman carrying me. A fellow officer ran up to him, crying. \u201cCharlie, do you know why she tried to jump?\u201d He blurted. Charlie responded, \u201cNo. I\u2019m just glad she\u2019s safe.\u201d He set me on the rolling gurney, and the paramedics bundled me up into the ambulance and roared off, Charile in the back with me.\n\nMust\u2019ve passed out, because when I woke up I was sitting in a hopsital bed with those ANNOYING beeping machines around me. Charlie was snoring in an easy chair by the door, and a nurse was drawing blood. I shrieked when I saw the needle, and began thrashing.\n\n", "ficly_author_avatar_url": "http://cdn.ficly.com/icons/368/avatar.jpg", "ficly_author_nickname": "Racing", "ficly_story_int": 10920, "ficly_author_url": "http://ficly.com/authors/lycansbeauomg", "ficly_sequels": [], "ficly_story_title": "My Wish: Wishes"}