{"ficly_prequels": [{"ficly_prequel_url": "http://ficly.com/stories/10011", "ficly_prequel_title": "The Ultimate Chronicle-Part 21", "ficly_prequel_int": 10011}], "ficly_story_url": "http://ficly.com/stories/10612", "ficly_story": "Time/Space Poe tucked his Ravenchucks under his arm as he, Lincoln, and Musashi stood on the last piece of rubble in the Universe as it slowly circled the event horizon of the Omega Singularity in the year gazabajillion. Their perch, a half of a McDonald\u2019s \u2018golden arch,\u2019 shuddered as it moved toward the singularity.\n\nMusashi sat in the lotus position. What he saw, none can say, but he held his eyes unflinching on the depths. Space/Time Lincoln needed his goggles AND his cool sunglasses to see.\n\nPoe shouted over the screaming silence. \u201cAt the end of all things, I will finally unlock the Secret Special Rue Morgue Maneuver!\u201d\n\n\u201cNot if I stop you first!\u201d\n\nIn a flash, Lincoln and Miyamoto disappeared. In their place, mounted on a flaming unicorn, was Genghis, Khan of All Werewolves.\n\n\u201cWhat have you done with my friends?\u201d demanded Poe.\n\n\u201cThe same thing I\u2019m going to do to you,\u201d said Genghis. \u201cIt took all of time for me to reconstitute myself, but now it ends.\u201d\n\nPoe kissed his Ravenchucks. \u201cLet\u2019s rock!\u201d\n\n", "ficly_author_avatar_url": "http://cdn.ficly.com/icons/665/avatar.jpg", "ficly_author_nickname": "bluefish", "ficly_story_int": 10612, "ficly_author_url": "http://ficly.com/authors/bluefish", "ficly_sequels": [{"ficly_sequel_int": 11560, "ficly_sequel_title": "The Ultimate Chronicle - Part 23", "ficly_sequel_url": "http://ficly.com/stories/11560"}], "ficly_story_title": "The Ultimate Chronicle - Part 22"}