{"ficly_prequels": [], "ficly_story_url": "http://ficly.com/stories/10919", "ficly_story": "A stranger yells at me in the street. I don\u2019t know him, I\u2019ve done nothing to him, yet he feels the need to put me in my place. \u201cPurple hair doesn\u2019t make you more interesting!\u201d   I pause. I gather my thoughts. 99% of the time I\u2019d walk away, but for this one shining moment, I am without mercy.\n\n\u201cAnd being a dick doesn\u2019t make your penis bigger, ironically, yet here we are.\u201d He opens his mouth to retort, but I interrupt \u2013 this one\u2019s a monologue, bitch.   \u201cOf course, it couldn\u2019t be that I just _like_ having purple hair, can it? No, ridiculous. I _must_ be seeking attention!\u201d Guilt. I should have taken the moral high ground, should have walked on with my head held high, but it is too late now. The beast is loose. I must eviscerate him.   \u201cWhy would anyone ever want to be different to _you_, with your white trainers and your stylish tracksuit? Truly, sir, you are the epitome of class. Anyway, since your time is clearly valuable, I\u2019ll be on my way. Sorry for my awful, awful hair.\u201d\n\nI smile, I walk away, I regret it. Later.\n\n", "ficly_author_avatar_url": "http://cdn.ficly.com/icons/1852/avatar.jpg", "ficly_author_nickname": "Thiefree", "ficly_story_int": 10919, "ficly_author_url": "http://ficly.com/authors/thiefree", "ficly_sequels": [{"ficly_sequel_int": 23245, "ficly_sequel_title": "The girl with purple hair.", "ficly_sequel_url": "http://ficly.com/stories/23245"}], "ficly_story_title": "Putting the anger in stranger"}