{"ficly_prequels": [], "ficly_story_url": "http://ficly.com/stories/10475", "ficly_story": "\u201cHey, Mary are you sure you want to come?\u201d Emily asked. Earlier Mary, Roger, Jackie, Emily, and Mat were dared to spend the night at the old house at the end of the street, it was said to still be haunted be the old man that lived there. Mr. Ronson. He was a mean old man. He died of a heart attack, in his very home.   \u201cUm, yeah I\u2019m coming with you guys,\u201d Mary said, unsure.   \u201cWell.OK then. C\u2019mon,\u201d Emily said. Then the five of them walked into the old house. As soon as they walked in the door slammed shut behind them. The girls shrieked.   \u201cRelax, I\u2019m sure it was just the wind,\u201d Mat said. Unlike Roger, Mat was a nice boy. He was Emily\u2019s twin brother, and hated it when she was upset.   \u201cOr the old man\u2019s ghost,\u201d Roger said with a creepy voice.   \u201cOh cut it out Roger. There\u2019s no such thing as ghosts,\u201d Mat said, rolling his eyes. Roger snickered. Then they all went into a bedroom that had enough beds for all of them. They all went to sleep afterwards. Later on Mary woke up and screamed. The other 3 woke to her screams.\n\n", "ficly_author_avatar_url": "http://cdn.ficly.com/icons/4309/avatar.jpg", "ficly_author_nickname": "maximumride36", "ficly_story_int": 10475, "ficly_author_url": "http://ficly.com/authors/maximumride36", "ficly_sequels": [{"ficly_sequel_int": 10476, "ficly_sequel_title": "The Old House on St. Godson Street Part 2", "ficly_sequel_url": "http://ficly.com/stories/10476"}], "ficly_story_title": "The Old House on St. Godson Street Part 1"}