{"ficly_prequels": [], "ficly_story_url": "http://ficly.com/stories/11017", "ficly_story": "She was slowly stripping out of her clothes. There was tears streaming down her face. I grinned, bringing my gun closer to her face.   \u201cYou should be more careful about who you talk to on the internet,\u201d I chuckled. Sure I was a married man, but I just can\u2019t stop this. I love seeing young women\u2019s bodies. After all her clothes were on the ground, I grabbed her arm and yanked her to me. She shrieked in fear as she thudded against my chest.   \u201cPlease don\u2019t hurt me,\u201d she whispered. My grin widened.   \u201cNow we\u2019re gonna have some fun,\u201d I said. I ran my hands everywhere. She had such soft skin. Her long black hair was like silk. The whole time I felt her, she cried silently. After I had my fun I shot her. She fell to the ground with a hole through her head. I brought her to the river. I felt her ass again before I threw her in.   As I drove home, my thoughts were dictated by her perfection. She was the best one so far this week. They all come so willingly only to meet their death. They really should have been more careful.\n\n", "ficly_author_avatar_url": "http://cdn.ficly.com/icons/4309/avatar.jpg", "ficly_author_nickname": "maximumride36", "ficly_story_int": 11017, "ficly_author_url": "http://ficly.com/authors/maximumride36", "ficly_sequels": [{"ficly_sequel_int": 12119, "ficly_sequel_title": "Crackdown pt 1", "ficly_sequel_url": "http://ficly.com/stories/12119"}], "ficly_story_title": "She Never Saw It Coming"}