{"ficly_prequels": [{"ficly_prequel_url": "http://ficly.com/stories/1010", "ficly_prequel_title": "His Beating Heart", "ficly_prequel_int": 1010}], "ficly_story_url": "http://ficly.com/stories/1012", "ficly_story": "The heavenly mirage melted away and in its place was something truly horrible, a cruel smile spread across the creatures face \u201cGame Over\u201d it uttered.\n\n", "ficly_author_avatar_url": "http://ficly.com/images/icons/avatar.jpg", "ficly_author_nickname": "Spectrum", "ficly_story_int": 1012, "ficly_author_url": "http://ficly.com/authors/ryan", "ficly_sequels": [{"ficly_sequel_int": 1014, "ficly_sequel_title": "It walks", "ficly_sequel_url": "http://ficly.com/stories/1014"}], "ficly_story_title": "Game Over"}