{"ficly_prequels": [{"ficly_prequel_url": "http://ficly.com/stories/10908", "ficly_prequel_title": "Questions of planning.", "ficly_prequel_int": 10908}], "ficly_story_url": "http://ficly.com/stories/10951", "ficly_story": "It all went remarkably smooth from there. The forged passports were found in a dumpster outside of St. Petersburg and the border guards into Europe were easily bribed.\n\nThey were now in Spain, negotiating the final transport of the item and themselves across the Atlantic.\n\n\u201cBoth of you are couriers? Who sends couriers with a crate on a cargo ship?\u201d The man behind the desk asked curiously.\n\n\u201cWe can\u2019t give you any details, patenting pending, you see.\u201d Janus replied in immaculate Spanish.\n\nThe cargo company manager laughed. \u201cEh, whatever. All your paperwork is in order and your line of credit for shipping the crate and your accommodations on the cargo ship are clear. Good luck, I hope you don\u2019t end up killing each other out of boredom.\u201d he smirked and eyed Lauren and Janus.\n\n\u201cOh don\u2019t worry, we\u2019ve done stuff like this before.\u201d Lauren replied, her \u201cFrench-Canadian\u201d accent coming through in her Spanish.\n\n\u201cHave you now?\u201d the manager grinned as he signed the final forms.\n\nNothing could stop them now. Not even _him_.\n\n", "ficly_author_avatar_url": "http://ficly.com/images/icons/avatar.jpg", "ficly_author_nickname": "Funtime Bobby", "ficly_story_int": 10951, "ficly_author_url": "http://ficly.com/authors/funtime_bobby", "ficly_sequels": [{"ficly_sequel_int": 10953, "ficly_sequel_title": "Questions of Cartagena.", "ficly_sequel_url": "http://ficly.com/stories/10953"}], "ficly_story_title": "Across The Mediterranean"}