{"ficly_prequels": [{"ficly_prequel_url": "http://ficly.com/stories/11048", "ficly_prequel_title": "Not the Jones's", "ficly_prequel_int": 11048}], "ficly_story_url": "http://ficly.com/stories/11050", "ficly_story": "That evening, Jimmy stomped inside, seemingly exhausted from his day\u2019s work. He\u2019d not been late, but his boss had decided that the drains in the pool showers needed cleared. It was a million times worse than cleaning your tub drain at home, and Jimmy decided to ask his wife to clean theirs tonight, because if he saw even one hair in theirs, he\u2019d lose his lunch.   \u201cWhat\u2019s for dinner?\u201d   \u201cSpaghetti.\u201d   \u201cAgain?! We have that every day!\u201d She ignores his comment and places a plate of food on a TV tray in front of him. She pours him some iced tea and joins him, balancing the plate on her lap. Jimmy had already broken the other TV tray.   \u201cGet me some more.\u201d   She gets up, her plate half eaten, and serves him seconds. The baby wakes up, wailing.   \u201cGo shut her up!\u201d   She disappears into the nursery, but soon carries the baby to the bathroom.   \u201cHey, clean that drain while you\u2019re in there! I don\u2019t want to see all the shampoo slime covered hairs tonight!\u201d   \u201cAlright!\u201d she calls. She doesn\u2019t tell him about class. He\u2019d not understand.\n\n", "ficly_author_avatar_url": "http://cdn.ficly.com/icons/3054/avatar.jpg", "ficly_author_nickname": "ElshaHawk (LoA)", "ficly_story_int": 11050, "ficly_author_url": "http://ficly.com/authors/elshahawk", "ficly_sequels": [], "ficly_story_title": "Not the Jones's 2"}