{"ficly_prequels": [{"ficly_prequel_url": "http://ficly.com/stories/9943", "ficly_prequel_title": "The Neurophages XIV", "ficly_prequel_int": 9943}], "ficly_story_url": "http://ficly.com/stories/10054", "ficly_story": "Alba\u2019s monkey-wrench sword blazed, Marie-Louise\u2019s tool belt clinked as she searched for a suitable weapon and Mile\u2019s knuckles cracked. They were prepared for battle. The hatch swung silently outward. Three pairs of eyes adjusted to the darkness beyond the door and what they saw temporarily stunned them.   Nothing.   The hangar was completely deserted. No clicking automatons, no Charles Babbage the thirteenth, no welcoming committee of any kind.   They cautiously stepped out of the escape pod, twisting their necks, waiting for the surprise attack form the rear.   Still nothing.   They edged forward.   **BOOM**   Then they saw it. A hulking monstrosity was crushing it\u2019s way towards them. It was studded with glinting spikes and whizzing blades. Steam puffed from various orifices and it\u2019s eyes glowed menacingly.   Alba stepped forward brandishing her sword.   \u201cThis one\u2019s mine!\u201d she shouted and sprinted to meet her adversary, leaving Lou and Miles slightly bewildered.\n\n", "ficly_author_avatar_url": "http://cdn.ficly.com/icons/58/avatar.jpg", "ficly_author_nickname": "Pyropunk 51 (PPP LoA)", "ficly_story_int": 10054, "ficly_author_url": "http://ficly.com/authors/pyropunk", "ficly_sequels": [{"ficly_sequel_int": 10080, "ficly_sequel_title": "The Neurophages XVI", "ficly_sequel_url": "http://ficly.com/stories/10080"}], "ficly_story_title": "The Neurophages XV"}