{"ficly_prequels": [{"ficly_prequel_url": "http://ficly.com/stories/10272", "ficly_prequel_title": "Sore feet (Dancing through life #1)", "ficly_prequel_int": 10272}], "ficly_story_url": "http://ficly.com/stories/10355", "ficly_story": "I invited my 4 best dance friends back to my house for smoothies. I lived in New york city, in a high rise penthouse apartment. It was a big apartment, lets just say my family was somewhat \u201cupper class\u201d. I borrayed into the kitchen, followed by Gianna, Holly, Dylan, and Skye. We all grabbed ingriedents and started cutting.   \u201cHm..I\u2019ll have bannanas, strawberrys, and blueberrys, yogurt, milk, and grapes, and watermelon, oh maybe kiwi!\u201d Holly said.   We all exploded into giggles. Holly was a big eater.   \u201cI dont want a smoothie. I\u2019ll just have an apple.\u201d Dylan reached for one.   I slapped her arm. Dylan was the smallest girl I\u2019ve ever seen. She was also the loudest and most visicous girl I\u2019d ever met.   \u201cYour not allowed to have an apple unless its in a smoothie.\u201d Skye told her.   Holly started the blender.   \u201cWait! Add more apples!\u201d Dylan lifted the lid of the blender, splattering all its contents over Gianna.   She screamed, ran to my fridge, got milk, and pouring it over Dylans head. Soonwe we having a smoothie fight.\n\n", "ficly_author_avatar_url": "http://cdn.ficly.com/icons/2443/avatar.jpg", "ficly_author_nickname": "just another girl", "ficly_story_int": 10355, "ficly_author_url": "http://ficly.com/authors/user-354", "ficly_sequels": [{"ficly_sequel_int": 10397, "ficly_sequel_title": "Debbie's School of Dance (Dancing through life #3)", "ficly_sequel_url": "http://ficly.com/stories/10397"}], "ficly_story_title": "Smoothie explosion (Dancing through life #2)"}