{"ficly_prequels": [], "ficly_story_url": "http://ficly.com/stories/10622", "ficly_story": "Ami sat at her bedroom desk, her laptop sitting half opened as she finished her history homework. Her long ebony hair fell in her face as she wrote about the Holocaust. When she finished she opened up the laptop and logged into facebook.   A new friend request popped up.   Hudson Anderson. \u2018Who Are you\u2019 She whispered. She clicked accept and went to his profile.   He was 16 and lived in Ohio. \u201cAn old friend?\u201d She questioned aloud. \u201cNo, I would remember him.\u201d He is handsome she thought to herself.   Just then She heard the ping of a chat window opening it was him.   Hudson: _Hey_ 8:15 p.m.   Ami stared at the screen. _\u2018should I say hi back or ignore him?\u2019_   She slowly typed in _Hi_. She waited as he replied. The anticipation of finding who he was killed her. Finally the computer pinged and she read his reply.   _What\u2019s up? I\u2019m in a local band and we\u2019re trying to get fans._ Ami sighed. Why did he add her as a friend?   _nm. thats cool. Do you go to my school._ She said not knowing it would lead to a 2 hour long conversation.\n\n", "ficly_author_avatar_url": "http://cdn.ficly.com/icons/2879/avatar.jpg", "ficly_author_nickname": "Gothling(tm)", "ficly_story_int": 10622, "ficly_author_url": "http://ficly.com/authors/sierarabandnerd", "ficly_sequels": [{"ficly_sequel_int": 10650, "ficly_sequel_title": "Soul Mate?", "ficly_sequel_url": "http://ficly.com/stories/10650"}], "ficly_story_title": "He Friend Requested Me"}