{"ficly_prequels": [{"ficly_prequel_url": "http://ficly.com/stories/10547", "ficly_prequel_title": "Time to Seduce", "ficly_prequel_int": 10547}], "ficly_story_url": "http://ficly.com/stories/10560", "ficly_story": "I leave the stage with nothing on except my lingerie.\n\n\u201cJesus,\u201d Mesmerizing Mary says as she wipes her mouth with one of the many baby wipes she carries around, \u201cI hate guys with small dicks, they have the most come.\u201d\n\n\u201cHoney, you get used to it after the first 6 times,\u201d Kendra advises. Kendra, like most of the others, don\u2019t have nicknames. Only the really good dancers get them.\n\n\u201cWhatever, I really have to pee, is the bathroom free?\u201d I ask.\n\n\u201cFree if you wanna join in to make a three way with Marline and her client,\u201d Mary says. I roll my eyes and sigh. \u201cWant a cup or something?\u201d\n\n\u201cI\u2019m okay, I\u2019ve gotta customer. You\u2019ve gotta little come on your shirt,\u201d I point out as I put clothes back on. I exit through the back door to the parking lot where I see Julie jacking off someone I had sex with once.\n\n\u201cHow much are you?\u201d I turn around and see the guy from the club smiling at me. He\u2019s cute, which is going to make this more fun.\n\n\u201c100 every hour.\u201d\n\n\u201cBetter be a damn good night,\u201d he says.\n\n\u201cOh, it\u2019s gonna be.\u201d\n\n", "ficly_author_avatar_url": "http://cdn.ficly.com/icons/2392/avatar.jpg", "ficly_author_nickname": "Mr.Gabriel", "ficly_story_int": 10560, "ficly_author_url": "http://ficly.com/authors/mistergabriiel", "ficly_sequels": [{"ficly_sequel_int": 10591, "ficly_sequel_title": "After Hours (II)", "ficly_sequel_url": "http://ficly.com/stories/10591"}], "ficly_story_title": "After Hours (I)"}