{"ficly_prequels": [{"ficly_prequel_url": "http://ficly.com/stories/10977", "ficly_prequel_title": "I've Got a Bad Feeling About This (2)", "ficly_prequel_int": 10977}], "ficly_story_url": "http://ficly.com/stories/10978", "ficly_story": "James, she thought as her heart felt a twinge of pain and nostalgia. Kelsey reached across the table for Jesse\u2019s drink, not caring what was in it.   \u201cHey!\u201d Jesse protested.   \u201cYou shouldn\u2019t drink,\u201d Kelsey said after downing the drink.   It didn\u2019t matter though, he still had those eyes.   \u201cI guess this is going to be an interesting night,\u201d Jesse said.   \u201cYou can\u2019t imagine,\u201d Kelsey said.\n\nJust then, her husband called her cell, Kelsey didn\u2019t have to glance at her phone, she could tell it was him by the song her cell was singing before she turned it off:   _Anyone will do tonight, anyone will do tonight, Close your eyes and just settle, settle\u2026_\n\n", "ficly_author_avatar_url": "http://cdn.ficly.com/icons/1696/avatar.jpg", "ficly_author_nickname": "Raegan Dauterive", "ficly_story_int": 10978, "ficly_author_url": "http://ficly.com/authors/stfu_anddance", "ficly_sequels": [], "ficly_story_title": "I've Got a Bad Feeling About This (3)"}