{"ficly_prequels": [{"ficly_prequel_url": "http://ficly.com/stories/69", "ficly_prequel_title": "Snacktime Onboard the USS Ficly", "ficly_prequel_int": 69}], "ficly_story_url": "http://ficly.com/stories/107", "ficly_story": "As the hard drives were thrown over the edge, a face flickered to life on the main monitor. The face. Of the Canceler. Captain Jason ran up to it, screaming \u201cWhat do you want, Canceler???!!\u201d\n\nThe Canceler cackeled. \u201cI want your ship! After all, it still has my logo printed on the side!\u201d\n\nCaptain Jason looked down at the ficlets logo on the side of the ship (They hadn\u2019t had time to insert the ficly logo) as the Canceler continued. \u201cAnd the attorneys will reach you in one minute. Happy lawsuit!\u201d\n\nJason swung the ship to the side suddenly, towards the nearest landmass. G2 fell off her stool. \u201cWHAT ARE YOU DOING!\u201d she screamed at him. \u201cIMPROVISING WELL IS HARD ENOUGH WITHOUT BEING CHUCKED OFF YOUR STOOL!\u201d\n\n\u201cBrace Yourselves!\u201d Jason yelled as they ran aground.\n\n", "ficly_author_avatar_url": "http://cdn.ficly.com/icons/48/avatar.jpg", "ficly_author_nickname": "Oy", "ficly_story_int": 107, "ficly_author_url": "http://ficly.com/authors/tower_addict", "ficly_sequels": [{"ficly_sequel_int": 108, "ficly_sequel_title": "The island of disgruntled ficleteers", "ficly_sequel_url": "http://ficly.com/stories/108"}], "ficly_story_title": "AWAY FROM THE SHIP"}