{"ficly_prequels": [{"ficly_prequel_url": "http://ficly.com/stories/10794", "ficly_prequel_title": "LIFE: A Memoir 4", "ficly_prequel_int": 10794}], "ficly_story_url": "http://ficly.com/stories/10857", "ficly_story": "I sat down in my assigned seat and tried to ignore the fact that she was there. Right next to me. Oh. Ma. Gawd. I kept glancing next to me, wondering what she was thinking of me. My thoughts were interrupted by the teacher. \u201cOkay class, today were going to get on the lap tops and go to this website..\u201d She trailed on. I looked over at the girl and she caught my eyes looking at her. \u201cHi\u201d, I said. She looked at me for a second and then said, \u201cHey. What\u2019s your name again?\u201d, she asked me. \u201cSam. So what do we have to do?\u201d I asked. To be honest she looked as confused as me. \u201cI don\u2019t even fuckin\u2019 know dude. I just fuckin hate school.\u201d I thought to myself, what\u2019s with the f bomb? So, this girl turns out to be a bad kid. But if this bad kid was willing to talk to me, than I definately want to be friends with her.\n\nSince I have to walk to and from school, I decided to walk with her and her friends, since she lives like right down the street from me. I kind of liked her friends, but they were also a bunch of stupids.\n\n", "ficly_author_avatar_url": "http://cdn.ficly.com/icons/1590/avatar.jpg", "ficly_author_nickname": "sammytrick", "ficly_story_int": 10857, "ficly_author_url": "http://ficly.com/authors/sammytrick", "ficly_sequels": [{"ficly_sequel_int": 11096, "ficly_sequel_title": "LIFE: A Memoir 6", "ficly_sequel_url": "http://ficly.com/stories/11096"}], "ficly_story_title": "LIFE: A Memoir 5"}