{"ficly_prequels": [], "ficly_story_url": "http://ficly.com/stories/10103", "ficly_story": "\u201cHoney! We\u2019re going to be late,\u201d Brian called.   \u201cI don\u2019t think I can make it tonight,\u201d Lilly said. She wiped her palms on her jeans and took a better grip on the controller. Brian appeared in the doorway. He was wearing a suit that made him look very distinguished but Lilly barely noticed.   \u201cYou\u2019re not dressed yet!\u201d Brian exclaimed. \u201cYou said you were dressed!\u201d   \u201cI lied. Listen honey, why don\u2019t you go on without me? I\u2019m kind of in the middle of a quest here. It could take a while. Dammit LucanKnight! I told you to watch out for that dragon! How many times do we need to do this before you remember!\u201d Lilly yelled into her headset. \u201cNow we have to loot your worthless hide and meet back at the tavern.\u201d   Brian stared at his wife. Even in his old sweater and baggy jeans she was beautiful. But sometimes it was very hard to love her.   \u201cAll right honey,\u201d he said. \u201cI\u2019ll see you later.\u201d   \u201cBrian wait!\u201d Lilly called. \u201cWould you get me a six pack of red bull from the fridge before you go? Love you.\u201d\n\n", "ficly_author_avatar_url": "http://cdn.ficly.com/icons/1952/avatar.jpg", "ficly_author_nickname": "thelostgirl", "ficly_story_int": 10103, "ficly_author_url": "http://ficly.com/authors/thelostgirl", "ficly_sequels": [{"ficly_sequel_int": 10107, "ficly_sequel_title": "Evaporating Fumes", "ficly_sequel_url": "http://ficly.com/stories/10107"}], "ficly_story_title": "A Night On The Sofa"}