{"ficly_prequels": [{"ficly_prequel_url": "http://ficly.com/stories/10472", "ficly_prequel_title": "Hunter: What Is GOING ON?!", "ficly_prequel_int": 10472}], "ficly_story_url": "http://ficly.com/stories/10922", "ficly_story": "Doctor Mills entered the room striding quickly. He entered and without explanation, unlocked Amy and woke her up, leading her over to a armchair and sitting her down in it. He did the same with me. Amy and I crossed our arms, staring at each other for a minute, speaking with our eyes, before turning back to the Doc. \u201cSo Doc, give us some anwsers, buddy.\u201d I growled, absentmindedly rubbing my wrists where the metal had sunk in. The Doctor glanced at us, then spoke. \u201cCarlie, Amy, we haven\u2019t been fair to you. We realize this now, and you two need anwsers. What are your questions, I will anwser them as truthfully as I can.\u201d\n\nIt took me a minute to gather up my courage, but when I was about to blurt my questions, Amy started growling. I glanced over at her and she hissed, pulling back her lips to reveal teeth covered in braces. I sniffed the air and scented what she had: Blood. I ran my tounge over my teeth, eyes flickering every which way. The Doctor stared at us both as I began to grin, licking my lips. He saw.\n\n", "ficly_author_avatar_url": "http://cdn.ficly.com/icons/368/avatar.jpg", "ficly_author_nickname": "Racing", "ficly_story_int": 10922, "ficly_author_url": "http://ficly.com/authors/lycansbeauomg", "ficly_sequels": [{"ficly_sequel_int": 11597, "ficly_sequel_title": "Hunter: Bloody Good", "ficly_sequel_url": "http://ficly.com/stories/11597"}], "ficly_story_title": "Hunter: Anwsers"}