{"ficly_prequels": [{"ficly_prequel_url": "http://ficly.com/stories/10160", "ficly_prequel_title": "Having Eaten the Bargaining Chips", "ficly_prequel_int": 10160}], "ficly_story_url": "http://ficly.com/stories/10315", "ficly_story": "He blinked, then slowly grinned. \u201cAh, so that\u2019s the way it is? I could sue you for theft, you know.\u201d\n\nI snorted. \u201cIt was self-defense. Besides, she\u2019d just eaten my brother.\u201d\n\nHe shrugged. \u201cIt\u2019s natural behavior for her. And she _is_ my property.\u201d\n\n\u201cHow on earth is it right for you to own another person?\u201d I asked. \u201cI\u2019ve never understood that. All these gene-mod non-person laws just passed like magic.\u201d\n\n\u201cBut they are the law.\u201d The millionaire grinned. \u201cAnd thus, you\u2019ve eaten my property. How are you going to pay me back?\u201d\n\n\u201cIf you like her so much, you can join her!\u201d I growled, moving forward. Then he raised his hand, and I gagged and fell backward, retching at the scent.\n\nHe held up a broken glass vial. \u201cAfraid that\u2019s not going to work,\u201d he said, smearing himself with the fluid within. \u201cI take precautions.\u201d He grinned. \u201cNow I have a deal for you.\u201d\n\nDoors opened behind me, and several security guards entered\u2014as well as a fairly large tiger neko. \u201cYou can be a new pet for me\u2026or you can be dinner for him.\u201d\n\n", "ficly_author_avatar_url": "http://cdn.ficly.com/icons/1588/avatar.jpg", "ficly_author_nickname": "Throat Wolf", "ficly_story_int": 10315, "ficly_author_url": "http://ficly.com/authors/throatwolf", "ficly_sequels": [{"ficly_sequel_int": 10793, "ficly_sequel_title": "Negotiations", "ficly_sequel_url": "http://ficly.com/stories/10793"}], "ficly_story_title": "A New Deal"}