{"ficly_prequels": [], "ficly_story_url": "http://ficly.com/stories/10372", "ficly_story": "\u201cWell, we\u2019ve got our orders. Looks like it\u2019s seven-thirty,\u201d Gerard called out.\n\nRod nods. \u201cLet\u2019s go. I have to get home early tonight.\u201d\n\nThey walk down the hallway, one clutching a Taser, one carrying several small vials of liquid. The liquid is brownish-green and bubbly, straight out of a mad-scientist\u2019s laboratory.\n\n**Knock. Knock. Knock.** \u201cMr. Kenny, are you in there? We\u2019re coming in!\u201d Gerard calls, pressing the button that sends the door sliding into the wall. \u201cAre you ready for your correction?\u201d\n\nMr. Kenny looks frightened. He hasn\u2019t been here long, he\u2019s not used to anything yet. This is his first correction. He screams.\n\n\u201cHold him down, Rod!\u201d Gerard screams as Rod tackles him. Mr. Kenny\u2019s head writhes about until Gerard slams his forehead on the floor.\n\nGerard pours the substance, the correction, down Mr. Kenny\u2019s throat. He chokes a bit, then swallows.\n\n\u201cWhew. One down,\u201d Rod remarks as he walks out, closing the door behind him.\n\n\u201cAnd seventy to go,\u201d Gerard sighs. \u201cNext\u2026 a Mr. Rogers.\u201d\n\n", "ficly_author_avatar_url": "http://cdn.ficly.com/icons/2439/avatar.jpg", "ficly_author_nickname": "Sam Ervin", "ficly_story_int": 10372, "ficly_author_url": "http://ficly.com/authors/samervin", "ficly_sequels": [{"ficly_sequel_int": 10366, "ficly_sequel_title": "I Am My Own Prisoner", "ficly_sequel_url": "http://ficly.com/stories/10366"}], "ficly_story_title": "Corrections"}