{"ficly_prequels": [{"ficly_prequel_url": "http://ficly.com/stories/10019", "ficly_prequel_title": "There Went the Neighborhood", "ficly_prequel_int": 10019}], "ficly_story_url": "http://ficly.com/stories/10075", "ficly_story": "\u201cWait, what? But, if they got you, then they would have\u2026\u201d Josh was clearly a bit confused by that statement. After all, she was standing right in front of him.\n\n\u201cI got better. When they scan you for processing, they sequence your DNA and append it to the data. With the right equipment, they can clone you and put you back in the cloned body. In my case, they needed me, and needed me human, because I have some friends in high places.\u201d she explained.\n\n\u201cWait, you\u2019re saying that they can put people back in their own bodies? Then why keep them locked up in the libraries? That\u2019s false imprisonment.\u201d he asked.\n\n\u201cCloning is expensive, and even clones still aren\u2019t identical to the original. All sorts of things set up how you look, not just genetics. Besides, if we just cloned everyone and set them loose, there are two problems. One, the Marauders would just snatch them again, and two, word would pretty quickly get out that there are giant robots out there kidnapping people. If that happened, it would cause a panic.\u201d\n\n", "ficly_author_avatar_url": "http://cdn.ficly.com/icons/1586/avatar.jpg", "ficly_author_nickname": "Cossy", "ficly_story_int": 10075, "ficly_author_url": "http://ficly.com/authors/cossy", "ficly_sequels": [{"ficly_sequel_int": 10211, "ficly_sequel_title": "DTA Exemption", "ficly_sequel_url": "http://ficly.com/stories/10211"}], "ficly_story_title": "False Imprisonment"}