{"ficly_prequels": [{"ficly_prequel_url": "http://ficly.com/stories/10850", "ficly_prequel_title": "Memories of a Werewolf", "ficly_prequel_int": 10850}], "ficly_story_url": "http://ficly.com/stories/10851", "ficly_story": "My howl lasts as long as any. It echoes through the valleys and bounces off hills until it reaches the moon. Izar chuckles and a thin line of blood trickles from between his lips. I lay my head on his lacerated chest and I will not move. No mortal hands will part us. Ever.\n\nHis breathing becomes slow and he brings his hand again to my head. \u201cIt\u2019s not your fault.\u201d he whispers. Tears roll down my furry cheeks and drop onto his handsome face. There is nothing I can do. I cannot help him. \u201cDon\u2019t be too sad, Glade.\u201d he smiles.\n\nMy paw finds his and he clutches it as my claws retract. \u201cI know you didn\u2019t mean to hurt me.\u201d he whispers, \u201cAnd, Glade, I love you. So much.\u201d   The moon hides for a moment, slipping between heavy clouds. The return to human is quicker than the change to wolf. I am naked on the ground beside my dying lover. Because of one memory. One mistake.\n\nIzar kisses me. I can taste his sharp blood on my tongue. It repulses me but I return his love. When we part, he has left me. As so many lovers have.\n\n", "ficly_author_avatar_url": "http://cdn.ficly.com/icons/4271/avatar.jpg", "ficly_author_nickname": "Abby (LoA)", "ficly_story_int": 10851, "ficly_author_url": "http://ficly.com/authors/abbywall", "ficly_sequels": [{"ficly_sequel_int": 10852, "ficly_sequel_title": "Don't look back", "ficly_sequel_url": "http://ficly.com/stories/10852"}], "ficly_story_title": "Mistakes"}