{"ficly_prequels": [{"ficly_prequel_url": "http://ficly.com/stories/10432", "ficly_prequel_title": "A Clean Break", "ficly_prequel_int": 10432}], "ficly_story_url": "http://ficly.com/stories/10648", "ficly_story": "As his car zoomed off the side of the bridge, engine revving, he closed his eyes. He enjoyed the feeling of falling, imagining he was a bird soaring to freedom.   His car had tilted forward after careening off the bridge, so when he hit the water, his body slammed into the windshield. He wasn\u2019t wearing his seatbelt. He felt it was just another way \u201cthe man\u201d was trying to keep him in line.   Luckily, his end was quick and he had no time to feel pain. The car slowly sank to the bottom of the river. The cops stood in the gap, watching it sink, but also calling for help. They looked so small against the rest of the back- drop.   In true incompetant fashion, the divers took awhile to arrive at the scene. At that point, there was no hope of finding him alive.   They dragged his lifeless body from the river and chucked it into an ambulance. A cop was later reported as saying, \u201cGood riddance to bad rubbish.\u201d   What the authorities didn\u2019t know is that ten miles away, a man was awakening from his coma after ten years.\n\n", "ficly_author_avatar_url": "http://cdn.ficly.com/icons/1627/avatar.jpg", "ficly_author_nickname": "Horrorfan13", "ficly_story_int": 10648, "ficly_author_url": "http://ficly.com/authors/http-ficly-com-horrorfan13-", "ficly_sequels": [], "ficly_story_title": "A New Beginning"}