{"ficly_prequels": [], "ficly_story_url": "http://ficly.com/stories/10432", "ficly_story": "The tires squealed as he pulled away from the curb in front of the bank. The police were not far behind.   And yet, he wasn\u2019t even sweating. Not a single drop. It seems the bloom was off the rose when it came to stealing money.   He had done it all and it just wasn\u2019t exciting anymore. Not even when the police chased him. They were so incompetent that he always made a clean getaway.   Within minutes, he was approaching what he called his \u201cexit\u201d bridge. This was where he lost the law and lived to steal another day.   Just as he was entering the bridge, a different thought popped into his head for a change. What if this time they caught him? Just for something different?   He shook his head vehemently. That wouldn\u2019t do. He had to make a clean break. Start over. And there was only one way to do that.   He stomped the accelerator to the floor.   In the middle of the bridge was an open spot. The state had been working on repairing it for months now.   He aimed the nose of his car for the middle of that vast expanse.\n\n", "ficly_author_avatar_url": "http://cdn.ficly.com/icons/1627/avatar.jpg", "ficly_author_nickname": "Horrorfan13", "ficly_story_int": 10432, "ficly_author_url": "http://ficly.com/authors/http-ficly-com-horrorfan13-", "ficly_sequels": [{"ficly_sequel_int": 10648, "ficly_sequel_title": "A New Beginning", "ficly_sequel_url": "http://ficly.com/stories/10648"}], "ficly_story_title": "A Clean Break"}