{"ficly_prequels": [{"ficly_prequel_url": "http://ficly.com/stories/9988", "ficly_prequel_title": "The Curse:Kidnapped", "ficly_prequel_int": 9988}], "ficly_story_url": "http://ficly.com/stories/10580", "ficly_story": "_The voices were clearly agitated.\u201cCome to us.\u201dit said.\u201cLeave me alone.Who are you?What do you want?\u201dI yelled, starting to freak out.Nobody answered me.I heard Sam howl.I howled back,he came running over.He pulled out a gun and shot me._\n\nI sat up and said \u201cSam?\u201d   I stood up and howled, it meant confusion and despair.I walked to the center of the clearing.I heard a growl and saw a big black wolf jump out of the woods.I growled in response and backed up.My look softened as I stared into his eyes.   \u201cJohnny?\u201dI asked, staring at him.   He stood up strait and looked at me,as if relieved I recognized him.I ran over and wrapped him in a hug.   \u201cJohnny, you\u2019re here.\u201dI whispered, almost sobbing.   He hugged me back.   \u201cYeah, I am.\u201dHe said, staring into the woods.   Sam walked out of the woods and walked over to us.   \u201cMay I cut in?\u201dHe asked.   I looked up and started sobbing.He hugged me,as I hid me face in his shoulder.   \u201cNever scare me like that again.\u201dI said \u201cThat goes for both of you.\u201dI added.   Lorcan trotted up behind us.\n\n", "ficly_author_avatar_url": "http://cdn.ficly.com/icons/4222/avatar.jpg", "ficly_author_nickname": "Wolfie", "ficly_story_int": 10580, "ficly_author_url": "http://ficly.com/authors/wolfie", "ficly_sequels": [{"ficly_sequel_int": 10976, "ficly_sequel_title": "The Curse:Boys", "ficly_sequel_url": "http://ficly.com/stories/10976"}], "ficly_story_title": "The Curse:Twisted"}