{"ficly_prequels": [], "ficly_story_url": "http://ficly.com/stories/10123", "ficly_story": "By happenstance, three men entered the local tavern in quick succession. Father McMannus, Rabbi Pewterman, and Shaquawn Johnson the local basketball coach noted one another with apprehensive cordiality. Each man sat at the bar, each as stiff and uncomfortable as the next. Hans the bartender hesitated in asked what they might like.\n\n\u201cLook,\u201d the rabbi began, \u201cWe\u2019re all thinking it. If we just remain calm, do our usual thing, this will all just blow over.\u201d\n\n\u201cI don\u2019t know, man,\u201d the coach answered, his voice quavering, \u201cThere\u2019s a joke in all this somewhere. It\u2019s gotta\u2019 come out.\u201d\n\n\u201cWhat joke?\u201d the priest challenged, \u201cSome silly thing based on outdated stereotypes? Nonsense.\u201d\n\n\u201cI\u2019m telling you,\u201d the coach persisted, \u201cit\u2019s gonna happen.\u201d\n\n\u201cYou\u2019re upset. He\u2019s upset. I could just go,\u201d Rabbi Pewterman offered. No answer met this option as the door to the establishment creaked open. The three men froze. They knew the implications. One more stereotype, and they were all done for.\n\nSadly, Pierre sauntered in.\n\n", "ficly_author_avatar_url": "http://cdn.ficly.com/icons/29/AHFL_icon.JPG", "ficly_author_nickname": "THX 0477", "ficly_story_int": 10123, "ficly_author_url": "http://ficly.com/authors/thx0477", "ficly_sequels": [{"ficly_sequel_int": 10131, "ficly_sequel_title": "...Just Waiting to be Answered", "ficly_sequel_url": "http://ficly.com/stories/10131"}], "ficly_story_title": "...Just Waiting to Happen"}