{"ficly_prequels": [{"ficly_prequel_url": "http://ficly.com/stories/10392", "ficly_prequel_title": "Becoming Sophia (40)", "ficly_prequel_int": 10392}], "ficly_story_url": "http://ficly.com/stories/10403", "ficly_story": "I awoke in a daze. The smell of roasted vegetables and chicken muddled my senses and I felt my stomach clench at the thought of a meal. I made to move, to get up and find out where I was, but my head throbbed and a wave of dizziness overwhelmed me. I settled back with a groan, feeling every nerve in my body scream with protest at any sort of movement.\n\n\u201cMama, mama, she\u2019s awake!\u201d A little boy whispered loudly nearby.\n\n\u201cOh, dear.\u201d I heard more than saw someone moving towards me. \u201cUp we go,\u201d she said and heaved my sore body into a sitting position. I whimpered pitifully and cracked open my eyes.\n\n\u201cWhere\u2014where\u2014\u201d I couldn\u2019t seem to get a simple sentence out.\n\n\u201cShe\u2019s really pretty, mama,\u201d I heard the little boy murmur and I blushed.\n\n\u201cThank you,\u201d I said absently. My own voice sounded strange to me\u2014hoarse and raspy.\n\n\u201cDrink some of this, _mon chere_,\u201d She said and there was suddenly a hot broth pressing at my chapped lips. It felt amazing pouring warmly down my sore throat. I gulped every drop down greedily.\n\n", "ficly_author_avatar_url": "http://cdn.ficly.com/icons/1292/avatar.jpg", "ficly_author_nickname": "K-Jellybean", "ficly_story_int": 10403, "ficly_author_url": "http://ficly.com/authors/sophia_dsoleil", "ficly_sequels": [{"ficly_sequel_int": 10410, "ficly_sequel_title": "Becoming Sophia (42)", "ficly_sequel_url": "http://ficly.com/stories/10410"}], "ficly_story_title": "Becoming Sophia (41)"}