{"ficly_prequels": [{"ficly_prequel_url": "http://ficly.com/stories/279", "ficly_prequel_title": "Twisted Love - Protecting", "ficly_prequel_int": 279}], "ficly_story_url": "http://ficly.com/stories/1083", "ficly_story": "Kasey, her best friend, had one of those all-star boyfriends who did every sport and went to as many practices as she could, normally dragging along Hannah. She didn\u2019t mind. Athletes tended to be hot and her favorite sport was hot guy spotting.\n\nHannah had almost refused to go to this one track practice. Having felt used and depressed all day, the last thing she had wanted to do was sit and watch all that she didn\u2019t have. She had just wanted to go home and mope. Maybe type up an epic rant on Ficly. No, she had let Kasey persuade her into joining her on the bleachers by the track field.\n\nIt was on this particular day that Rob had been running late and so ran out onto the field way after Hannah and Kasey had situated themselves in the bleachers and the other guys had started their stretches. Hannah had never seen someone run so gracefully. She could\u2019ve spent the entire day, week, month following the movement of his legs. Those legs that hardly touched the ground and yet traveled along it so swiftly.\n\n", "ficly_author_avatar_url": "http://cdn.ficly.com/icons/260/avatar.jpg", "ficly_author_nickname": "penguincaptain", "ficly_story_int": 1083, "ficly_author_url": "http://ficly.com/authors/vicky", "ficly_sequels": [{"ficly_sequel_int": 1086, "ficly_sequel_title": "Twisted Love - Rob", "ficly_sequel_url": "http://ficly.com/stories/1086"}], "ficly_story_title": "Twisted Love - Best Friends and Sports"}