{"ficly_prequels": [{"ficly_prequel_url": "http://ficly.com/stories/10440", "ficly_prequel_title": "Expanded", "ficly_prequel_int": 10440}], "ficly_story_url": "http://ficly.com/stories/10441", "ficly_story": "Deeper into the center the smallest of pieces still breaking   the light gathers as it transforms once more.   Receding from the edges of birth-destruction   the light gathers and pulls the edges of what\u2019s left together   and the pressure from her eyes.   The pops and swirls of breaking matter form back into   the light in front of her, unblurring,   her eyes see the computer screen wink to life before them   and she surfaces with a breath.   She moves her fingers to the key board and hesitates,   watching the tears pool onto the letters.\n\n", "ficly_author_avatar_url": "http://cdn.ficly.com/icons/1176/avatar.jpg", "ficly_author_nickname": "Barefoot Contessa", "ficly_story_int": 10441, "ficly_author_url": "http://ficly.com/authors/barefootcontessa", "ficly_sequels": [], "ficly_story_title": "Reformed"}