{"ficly_prequels": [{"ficly_prequel_url": "http://ficly.com/stories/10684", "ficly_prequel_title": "The Hiding pt.6", "ficly_prequel_int": 10684}], "ficly_story_url": "http://ficly.com/stories/10685", "ficly_story": "Walking down the hall, an uneasy feeling began creep up on her like poison ivy, pushing the breath out of her lungs. She began to feel weak and stopped at the end of her hall, where it opened up into her lounge. With shaking hands, she pulled on the string and slashed at the paper. Her nails scraped along a sheet of metal, breaking off and falling to the ground; she was left with rough, claw-like fingers.   The paper fell back, revealing a refrigerator \u2013 her refrigerator.   As she stood aghast, as a small slip of paper drifted to the floor. In the same messy handwriting as the previous one, a note was written.   Don\u2019t try to run, don\u2019t try to hide   We will find you   We are after all   The Hiding   Then Mary fell. Her legs gave way and her head felt as if it were filled with lead. She came crashing to the ground and collapsed to a lump of flesh.\n\n", "ficly_author_avatar_url": "http://cdn.ficly.com/icons/1883/avatar.jpg", "ficly_author_nickname": "tinkerbelle", "ficly_story_int": 10685, "ficly_author_url": "http://ficly.com/authors/tinkerbelle", "ficly_sequels": [{"ficly_sequel_int": 10686, "ficly_sequel_title": "The Hiding pt.8", "ficly_sequel_url": "http://ficly.com/stories/10686"}], "ficly_story_title": "The Hiding pt.7"}