{"ficly_prequels": [{"ficly_prequel_url": "http://ficly.com/stories/10842", "ficly_prequel_title": "The Fading Masquerade", "ficly_prequel_int": 10842}], "ficly_story_url": "http://ficly.com/stories/10952", "ficly_story": "The Rose of Tears   Is coming for you   Can\u2019t you hear the dripping sound?   The Rose of Tears   Its coming for you   It bids you turn around\n\nThe petals are colored with depression   The stem is thorned regret   The leaves are beckoning to you   A dark and deadly sonnet\n\nThe Rose of Tears   Is in your path   Corrupting your heart\u2019s garden   The Rose of Tears   Its in your path   Causing your soul to harden\n\nIn its blooms are worry   In its fragrance fear   In its beauty calls you   And begs you hold it dear\n\nThe Rose of Tears   Is coming for you   Can\u2019t you hear the dripping sound?   The Rose of Tears   Its coming for you   It bids you turn around\n\nI hear the Rose of Tears   Its dark, foreboding, echoes   I have held the Rose of Tears   My fingers will not let go\n\n", "ficly_author_avatar_url": "http://cdn.ficly.com/icons/24/amj.jpg", "ficly_author_nickname": "Lone Writer", "ficly_story_int": 10952, "ficly_author_url": "http://ficly.com/authors/lonewriter", "ficly_sequels": [], "ficly_story_title": "The Rose of Tears"}