{"ficly_prequels": [{"ficly_prequel_url": "http://ficly.com/stories/9929", "ficly_prequel_title": "Squeal Piggie, Squeal", "ficly_prequel_int": 9929}], "ficly_story_url": "http://ficly.com/stories/10042", "ficly_story": "\u201cRelax, John-boy,\u201d the Hillbilly Batman said, \u201cthe windows are tinted. Nobody can see you.\u201d\n\n\u201cI\u2019ll stay right where I\u2019m at, thanks.\u201d John said in a low voice from his slumped seating position in the 1987 Chevy Silverado \u201cBatmobile\u201d.\n\nThe truck, with its primer black paint job, Bat logo front license plate, heavy duty winch, roll bar festooned with spot lights, intimidating lift kit, deafening cat-back dual exhaust, and over-sized mud/snow tires, rolled down the city streets. At home in the trailer park, in the city streets the truck was nearly as outlandish as the actual Batmobile would be.\n\nThe truck turned where John instructed, rumbling loudly with acceleration. The Hillbilly Batman rolled down the road, carefully coasting to a stop in front of a high-end apartment complex.\n\n\u201cThere,\u201d John pointed, \u201cKrulltar is on the fifteenth floor, apartment 1573.\u201d\n\n\u201cSecurity?\u201d the Batman asked.\n\n\u201cHe\u2019s got some guys, all armed. They\u2019re scumbags, man. Just like Krulltar.\u201d\n\n\u201cI\u2019ll be right back,\u201d the Hillbilly said.\n\n", "ficly_author_avatar_url": "http://cdn.ficly.com/icons/3041/avatar.jpg", "ficly_author_nickname": "Anonymuncule", "ficly_story_int": 10042, "ficly_author_url": "http://ficly.com/authors/shorthillbilly", "ficly_sequels": [{"ficly_sequel_int": 18196, "ficly_sequel_title": "Krulltar's Release", "ficly_sequel_url": "http://ficly.com/stories/18196"}], "ficly_story_title": "The Snitch"}