{"ficly_prequels": [{"ficly_prequel_url": "http://ficly.com/stories/10359", "ficly_prequel_title": "Just another day in paradise #3", "ficly_prequel_int": 10359}], "ficly_story_url": "http://ficly.com/stories/10381", "ficly_story": "Since the girls and I couldn\u2019t figure out what to do, we just decided to hang at my place. I walked through the giant brass doors of my house.   \u201cMOM! WERE HOME!\u201d   She probably didn\u2019t hear because she was in another wing of the house.   All the girls followed me up 2 flights of stairs, around hallway after hallway, the to a very slim stairway. We ended up in the library. All the girls giggled. I used one of the bookshelfes as a door to get to my room.   The girls had gotton used to the fact that I had one 500 billion dollars, 5 years ago. They had gotton used to the fact that my house was one of the biggest in america.   We stepped into my room. I loved my room. I had a queen theme. I had pink and orange crowns accenting my white walls. My huge heart shaped bed was covered with a gigantic pink, fluffy comfoter with an orray of pillows. I had a monsterous plasma tv, and lots of furniture spread out though my room. I walked over to my mac computer and started blasting music. Everyone laughed and started dancing.\n\n", "ficly_author_avatar_url": "http://cdn.ficly.com/icons/2443/avatar.jpg", "ficly_author_nickname": "just another girl", "ficly_story_int": 10381, "ficly_author_url": "http://ficly.com/authors/user-354", "ficly_sequels": [{"ficly_sequel_int": 10393, "ficly_sequel_title": "Just another day in paradise #5", "ficly_sequel_url": "http://ficly.com/stories/10393"}], "ficly_story_title": "Just another day in paradise #4"}