{"ficly_prequels": [{"ficly_prequel_url": "http://ficly.com/stories/10934", "ficly_prequel_title": "Finally Told Off", "ficly_prequel_int": 10934}], "ficly_story_url": "http://ficly.com/stories/10993", "ficly_story": "I rarely have outbursts like that, but Brett was honestly getting on my last nerve. Which is probably why I feel weird when he stops me in the hallway on my way to my 7th period class.\n\n\u201cGabe, about what happened in 4th\u2026\u201d he says. I look at him awkwardly because of the randomness and his sudden tenderness.\n\n\u201cYou made fun of gay people, Brett,\u201d I say.\n\n\u201cI know, and I\u2019m sorry about that. Just appearances I have to keep up,\u201d\n\n\u201cStop sounding like something from _Degrassi_, Brett. Thats no excuse,\u201d\n\n\u201cOkay, Gabe. I get it, look. How about we hang out or something. Show you I\u2019m a nice guy and all,\u201d\n\nIs he flirting with me? The school\u2019s top homophobe is asking the gay kid to hang out. I\u2019ve got to see where this is going to end up.\n\n\u201cFine, but I swear to God, if I hear any rumors about this\u2026\u201d\n\n\u201cYou wont,\u201d he assures me, \u201cmeet me in the lobby after school.\u201d I nod and I\u2019m back on my way to my 7th period class.\n\nThe Gay kid with the Homophobe.\n\nSeems like this friendship will bring a lot of drama.   Cant wait.\n\n", "ficly_author_avatar_url": "http://cdn.ficly.com/icons/2392/avatar.jpg", "ficly_author_nickname": "Mr.Gabriel", "ficly_story_int": 10993, "ficly_author_url": "http://ficly.com/authors/mistergabriiel", "ficly_sequels": [], "ficly_story_title": "Weird Response"}