{"ficly_prequels": [], "ficly_story_url": "http://ficly.com/stories/1062", "ficly_story": "Honky tonk women are so hard to find.\n\nNot because there aren\u2019t many around. And not because they are limited to one location. It\u2019s because nobody seems to now what constraints justify the label.\n\nBeing a Rolling Stones fan for years, I\u2019d always wondered about the basis of my favourite song. The words didn\u2019t clearly tell you what honky tonk women were. That was before finding _Sticky Fingers_.\n\nI was visiting Dallas, Texas, for the fourth time in as many years, finding new things each time. I loved that city. While going through a part of town I hadn\u2019t been to, my eye was magnetised to the big neon sign of the title of the Stones album. Sticky Fingers. It was a bar with a theme of the band.\n\n\u201cSo what do you think makes a honky tonk woman, Lola?\u201d I asked the redhead I was having a drink with. I\u2019d found her sitting alone when I\u2019d come in to have a look at the bar.\n\n\u201cI don\u2019t rightly know sugar,\u201d she whispered in her sexy southern drawl, \u201cbut I\u2019d like to try to find out upstairs, if you\u2019re game\u2026\u201d\n\n", "ficly_author_avatar_url": "http://cdn.ficly.com/icons/680/avatar.jpg", "ficly_author_nickname": "scratch'n'scrawl", "ficly_story_int": 1062, "ficly_author_url": "http://ficly.com/authors/brendano", "ficly_sequels": [{"ficly_sequel_int": 2682, "ficly_sequel_title": "Lo-la la", "ficly_sequel_url": "http://ficly.com/stories/2682"}], "ficly_story_title": "It's not in the lyrics..."}