{"ficly_prequels": [{"ficly_prequel_url": "http://ficly.com/stories/10685", "ficly_prequel_title": "The Hiding pt.7", "ficly_prequel_int": 10685}], "ficly_story_url": "http://ficly.com/stories/10686", "ficly_story": "When she regained consciousness, she found herself enclosed in a very tight space, the air almost non-existent. She tried to open her eyes, but her lids seemed glued shut. Her finger twitched and a massive, crippling wave of pain overwhelmed her. She noticed her limbs were jutting out in unnatural positions; her bones broken. Gently, she moved her right forearm, which didn\u2019t hurt quite as much, and felt her surroundings.   \u2018That isn\u2019t right\u2026\u2019 she thought \u2018that feels like\u2026.paper\u2026!\u2019   Her heartbeat quickened and she began to hyperventilate. Her thoughts spun in circles, hitting against the side of her head with seemingly audible bumps. Again she tried to open her eyes, but this proved impossible. Suddenly a voice broke through her confusion.   \u201cDon\u2019t struggle ma\u2019am, you\u2019ll only hurt yourself. Don\u2019t worry; it won\u2019t take too much longer.\u201d\n\n", "ficly_author_avatar_url": "http://cdn.ficly.com/icons/1883/avatar.jpg", "ficly_author_nickname": "tinkerbelle", "ficly_story_int": 10686, "ficly_author_url": "http://ficly.com/authors/tinkerbelle", "ficly_sequels": [{"ficly_sequel_int": 10687, "ficly_sequel_title": "The Hiding pt.9", "ficly_sequel_url": "http://ficly.com/stories/10687"}], "ficly_story_title": "The Hiding pt.8"}