{"ficly_prequels": [], "ficly_story_url": "http://ficly.com/stories/10217", "ficly_story": "I rolled out of my bed and hit my alarm clock. It was 6:30 AM on Friday. Today is the day Justin Bieber was coming into MY school! I had to look great, better then Lexa. Lexa is one of my 5 best friends. We\u2019ve been friends since we were in 1st grade. Shes known to always be the best dressed and the prettied of our clique. I opened my small closet door and pulled out a mini skirt and an aero tee. I had to look good.   \u2018\u2019 Izzy. Your going to miss the bus.\u2019\u2019 My dad shouted. I grabbed my backpack and slipped on my coach shoes and ran out the door. My bus was pulling away. I watched it go by. I started to walk to school.\n\n", "ficly_author_avatar_url": "http://cdn.ficly.com/icons/2213/avatar.jpg", "ficly_author_nickname": "\u2665I.Wont.Apologize.Pick.Me.........\u2665", "ficly_story_int": 10217, "ficly_author_url": "http://ficly.com/authors/bieberbabe24", "ficly_sequels": [{"ficly_sequel_int": 10306, "ficly_sequel_title": "Just a typical girl 2", "ficly_sequel_url": "http://ficly.com/stories/10306"}], "ficly_story_title": "Just a typical girl"}