{"ficly_prequels": [{"ficly_prequel_url": "http://ficly.com/stories/11019", "ficly_prequel_title": "The Life Of A Grim Reaper", "ficly_prequel_int": 11019}], "ficly_story_url": "http://ficly.com/stories/11021", "ficly_story": "Tonight, since I\u2019m not working, I wear a midnight blue cloak, and head off to the nightclub.\n\nI find a spare seat at the bar, and order a scotch on the rocks. Soon a pretty woman with long black locks sits beside me.\n\n\u201cCan I buy you a drink?\u201d I ask her meekly. My last relationship didn\u2019t turn out so well, and left me shy with women.\n\nShe rolles her eyes at my appearance, turns to her friend beside her, and says:\n\n\u201cYou were right. This place attracts such losers.\u201d She then twists towards me. \u201cWhy would you wear such a dumb costume to a club?\u201d\n\nWith a skeletal hand, I remove my hood to show her its not a costume. She screams and runs, taking her friend\u2019s hand with her.\n\nI sigh and order a stronger drink from the bar. Why will no one give me a chance? They either shriek with terror at the sight of my face, or they try to use me. Then I have to patiently explain that I simply bring the deceased\u2019s soul to the underworld, and I can\u2019t choose if the person lives or not.\n\nSuddenly, my pager beeps. Duty calls.\n\n", "ficly_author_avatar_url": "http://cdn.ficly.com/icons/1738/avatar.jpg", "ficly_author_nickname": "Violet Turner", "ficly_story_int": 11021, "ficly_author_url": "http://ficly.com/authors/violet_ink", "ficly_sequels": [{"ficly_sequel_int": 11022, "ficly_sequel_title": "Free Garlic Bread", "ficly_sequel_url": "http://ficly.com/stories/11022"}], "ficly_story_title": "The Dating Scene"}