{"ficly_prequels": [{"ficly_prequel_url": "http://ficly.com/stories/9968", "ficly_prequel_title": "Taking Stock", "ficly_prequel_int": 9968}], "ficly_story_url": "http://ficly.com/stories/10160", "ficly_story": "Nothing said I had to maintain the status quo, however. By the time that I got back to the building that she, er, I worked at, I had a plan thrown together. Going through her mind, it turned out she had been planning to rebirth my brother as a kitten and offer him to her owner in trade for her freedom. She thought that she had gotten lucky when she found out I existed. One could buy her freedom, the second of a pair of twins could be sold to provide her a pretty comfortable nest-egg to start her newly independent life.\n\nWhen I arrived, he was annoyed. I knew why, he was rather possessive of her. It was why he was going to fire my brother in the first place. Apparently he had become quite infatuated with her, and her boss had noticed. Mental note, find a different fur coat to wear. The idea that my brother liked this one was a little gross\u2026\n\n\u201cNadia, where have you been?\u201d he snapped and I couldn\u2019t help but smirk as I changed back to my own form.\n\n\u201cShe\u2019ll be back in nine months, if you cooperate.\u201d\n\n", "ficly_author_avatar_url": "http://cdn.ficly.com/icons/2375/avatar.jpg", "ficly_author_nickname": "Firefox", "ficly_story_int": 10160, "ficly_author_url": "http://ficly.com/authors/vyzr", "ficly_sequels": [{"ficly_sequel_int": 10315, "ficly_sequel_title": "A New Deal", "ficly_sequel_url": "http://ficly.com/stories/10315"}], "ficly_story_title": "Having Eaten the Bargaining Chips"}