{"ficly_prequels": [], "ficly_story_url": "http://ficly.com/stories/10473", "ficly_story": "We bolted down the tracks, jumping over couplings to run between trains parked side by side. A box car was open on a third train that was picking up speed. We ran for it.   Kyle was faster, he caught it and swung himself aboard, reaching out for my hand. \u201cCome on! You can do it!\u201d\n\nI reached, I felt his fingertips. I was winded, my chest was sore from breathing, but my life depended on grabbing his hand. I pushed myself. I caught his hand and he helped pull me aboard.\n\nI sat down to catch my breath, the buildings giving way to houses and trees, then those disappearing in fields and grasses. I looked over at Kyle. He was not looking outside. He was slouching against the wall and obviously lost in thought. I wished I could see his aura. I would know if he was thinking about the past, the present, or the future. The past would be sad, a gray/blue, the present would be fearful, a red-orange, and the future would be full of planning, calculating thoughts, a green with bits of dark and light hues.\n\n", "ficly_author_avatar_url": "http://cdn.ficly.com/icons/3054/avatar.jpg", "ficly_author_nickname": "ElshaHawk (LoA)", "ficly_story_int": 10473, "ficly_author_url": "http://ficly.com/authors/elshahawk", "ficly_sequels": [{"ficly_sequel_int": 10502, "ficly_sequel_title": "In the Present", "ficly_sequel_url": "http://ficly.com/stories/10502"}], "ficly_story_title": "The Aurist and The Shield (part of my nano story)"}