{"ficly_prequels": [{"ficly_prequel_url": "http://ficly.com/stories/1086", "ficly_prequel_title": "Twisted Love - Rob", "ficly_prequel_int": 1086}], "ficly_story_url": "http://ficly.com/stories/1088", "ficly_story": "Sure once she started talking you couldn\u2019t get her to stop and every story she told revolved around the same five topics but when it came to the dating status of an athlete she was your girl. It was easy for her considering she had been with just about all of them. Rumors went around saying that she even had her own janitor\u2019s closet in the boys locker room.\n\nFastest way to get an answer from Mary was through text, yes even faster than just speaking to her (if you did that you would have to go through the whole hey, how are you? I\u2019m fine. How are your parents? Good. Your brother? That\u2019s great. Then after you hear about five different stories about lord knows what, you get to ask your question). Hannah took out her phone. \u201cWats da deal w/ Rob?\u201d she text Mary. Hannah hated using the text shorthand but it was the only way Mary would understand. No one knew how she passed her classes but they were pretty sure she had a nerd trapped in her closet that did all her work/translated everything for her.\n\n", "ficly_author_avatar_url": "http://cdn.ficly.com/icons/260/avatar.jpg", "ficly_author_nickname": "penguincaptain", "ficly_story_int": 1088, "ficly_author_url": "http://ficly.com/authors/vicky", "ficly_sequels": [{"ficly_sequel_int": 1090, "ficly_sequel_title": "Twisted Love - The Answer", "ficly_sequel_url": "http://ficly.com/stories/1090"}], "ficly_story_title": "Twisted Love - Mary the know-it-all"}