{"ficly_prequels": [], "ficly_story_url": "http://ficly.com/stories/10156", "ficly_story": "Ben and Mia were the longest lasting couple in their pre-school classroom. The other kids were sure that they were going to get married, they had been together for 2 whole weeks. One day before nap time,Ben got down on one knee and announced in front of all his friends: \u201cMia, Will you be my wife?\u201d he asked. She was happy and said yes.Ben placed a round cheesel on her ring finger. It was announced that they would get married after nap time and they all went to sleep happy. They had a very happy marriage that lasted 1 whole week. Ben\u2019s dad was moving the family to New York.   \u201cPlease don\u2019t go Ben! I\u2019ll miss you, what will I do with kids?\u201d Mia pleaded   \u201cI don\u2019t know\u2026I don\u2019t want to leave you alone with them. I don\u2019t want to leave you\u201d Ben replied giving her a hug   Mia started to cry and Ben pulled away and wiped her tears.   \u201cYou are the best wife in the whole world\u201d he said   She pulled his face to hers and kissed him, the way they did in the movies.\n\nBen and Mia hadnt seen each other since they were 3, until now\u2026\n\n", "ficly_author_avatar_url": "http://cdn.ficly.com/icons/1746/avatar.jpg", "ficly_author_nickname": "Breakfast At Jamie's", "ficly_story_int": 10156, "ficly_author_url": "http://ficly.com/authors/breakfastsatjamies", "ficly_sequels": [{"ficly_sequel_int": 10157, "ficly_sequel_title": "Young Love Part 2", "ficly_sequel_url": "http://ficly.com/stories/10157"}], "ficly_story_title": "Young Love Part 1"}