{"ficly_prequels": [], "ficly_story_url": "http://ficly.com/stories/10150", "ficly_story": "I stare at you from far away, discretely may I add. If it weren\u2019t the fact we were both the same gender I\u2019d stare at you openly, not ashamed with the fact I found an attraction to you.\n\nYou don\u2019t sit too far from me, but your desk is by the window compared to my desk that sits in row next to you, only a few behind. I change my gaze, to hide what my actions are. To hide what I\u2019m craving for.\n\nThrough the window glass, rays of light land on your unending beauty. The silky look of your chocolate colored hair, the absolute creaminess of your skin. As I continue to scan, to stare, it becomes hard to concentrate in class.\n\nWhen school is ending, your with your friends and I by myself. I notice your smiling face, your kind features and are reminded of how much I\u2019m drawn to you.\n\nAt the end of the day, when I lay in bed, staring at the blank ceiling. I picture your face, and think of my longing.\n\nThe only I can do, for now, until you\u2019re finally mine. Is wait and continue with my addiction\u2026 From afar.\n\n", "ficly_author_avatar_url": "http://cdn.ficly.com/icons/1779/avatar.jpg", "ficly_author_nickname": "akitore", "ficly_story_int": 10150, "ficly_author_url": "http://ficly.com/authors/akitore", "ficly_sequels": [{"ficly_sequel_int": 26380, "ficly_sequel_title": "What a mess I've made", "ficly_sequel_url": "http://ficly.com/stories/26380"}], "ficly_story_title": "My Addiction."}