{"ficly_prequels": [], "ficly_story_url": "http://ficly.com/stories/10460", "ficly_story": "I looked up into the night sky over the bridge, leaning on the railing as cars whizzed past behind me. The sky was dark except for one bright star exactly above me. I stared up at it, considering making a wish, even though everyone knows that wishes don\u2019t come true. I stared at it for what felt like forever, then whispered the words my mother had taught me so long ago.\n\n\u201c_Star light, star bright, first star I see tonight, I wish I may, I wish I might, have the wish I wish tonight. Star, I wish that I could become a horse._\u201d\n\nI could\u2019ve sworn for just a minute that the star winked like a cloud had passed over it, and then shone brighter, before becoming normal again. Something deep in side of me awoke, and for a minute I heard the distant sound of a neighing horse before it faded. My eyes closed and I slumped to the ground, stopped only by a policeman\u2019s tight grip on my shoulders. I stared into shockingly blue eyes as his gaze lifted and he set me on the ground, spinning and calling out, \u201cParamedic!\u201d\n\n", "ficly_author_avatar_url": "http://cdn.ficly.com/icons/368/avatar.jpg", "ficly_author_nickname": "Racing", "ficly_story_int": 10460, "ficly_author_url": "http://ficly.com/authors/lycansbeauomg", "ficly_sequels": [{"ficly_sequel_int": 10920, "ficly_sequel_title": "My Wish: Wishes", "ficly_sequel_url": "http://ficly.com/stories/10920"}], "ficly_story_title": "My Wish"}