{"ficly_prequels": [{"ficly_prequel_url": "http://ficly.com/stories/9986", "ficly_prequel_title": "Burned: Mysterious Man", "ficly_prequel_int": 9986}], "ficly_story_url": "http://ficly.com/stories/10012", "ficly_story": "Jade awoke in a white room, much like a hospital. There was running water heard in the background, but Jade dismissed it, as one of the guys in the bathroom. It wasn\u2019t the case. A brown haired man entered the room with a green towel around his waist.\n\n\u201cGood morning.\u201d The man said, a seemingly gentle smile on his face.\n\n\u201cWho are you?\u201d Jade asked, her blue eyes narrowed into a hateful glare.\n\n\u201cPardon me. My name is Cole.\u201d He held his pale hand out to her.\n\nJade pushed his hand away and went to stand. Cole sighed and stepped through another door. Jade assumed it was a walk-in closet since Cole returned with denim pants on and a plain grey shirt in hand. Cole dried his hair with the towel and threw it in a hamper, pulling his shirt.\n\n\u201cWhy am I here?\u201d Jade asked angrily.\n\n\u201cYou are my prisoner.\u201d Cole answered as if it was the simplist thing in the world.\n\nJade was stunned for a second, but abruptly stood and attempted to jump out the window that was next to her.\n\n\u201cNo you don\u2019t.\u201d Cole grabbed her around the waist.\n\n", "ficly_author_avatar_url": "http://cdn.ficly.com/icons/4222/avatar.jpg", "ficly_author_nickname": "Wolfie", "ficly_story_int": 10012, "ficly_author_url": "http://ficly.com/authors/wolfie", "ficly_sequels": [{"ficly_sequel_int": 15714, "ficly_sequel_title": "Burned: Stakes", "ficly_sequel_url": "http://ficly.com/stories/15714"}], "ficly_story_title": "Burned: Prisoner"}