{"ficly_prequels": [{"ficly_prequel_url": "http://ficly.com/stories/10802", "ficly_prequel_title": "Kat is Sexy (1)", "ficly_prequel_int": 10802}], "ficly_story_url": "http://ficly.com/stories/10803", "ficly_story": "We walked into a room with curtains covering the windows and doors. She wiggled into her new uniform with ease. She handed me some straps and instructed me to pull them as hard, as tight as possible. I bite my lip and silently rejoiced at the excuse for us to get physically closer. I weaved the straps under and over and pulled with all my might as our bodies crashed together.   _41-35-40_. My woman\u2019s body, which I used to my advantage as a moan escaped my lips.\n\nFireworks, flowers blooming, lightning striking\u2026 all of that.\n\nI opened the door to find a group of pre-school kids, ecstatic to see Kat in her giraffe costume.\n\n", "ficly_author_avatar_url": "http://cdn.ficly.com/icons/1696/avatar.jpg", "ficly_author_nickname": "Raegan Dauterive", "ficly_story_int": 10803, "ficly_author_url": "http://ficly.com/authors/stfu_anddance", "ficly_sequels": [], "ficly_story_title": "Kat is Sexy (2)"}