{"ficly_prequels": [{"ficly_prequel_url": "http://ficly.com/stories/103", "ficly_prequel_title": "Frustration", "ficly_prequel_int": 103}], "ficly_story_url": "http://ficly.com/stories/104", "ficly_story": "\u201cI-I miss my old life, Queen. And I don\u2019t like this Plane. Nothing happens here.\u201d Elise shuffled her feet awkwardly.\n\n_All Selphs miss their old lives, Elise. It cannot be helped. You should be honored to have been chosen._\n\n\u201cI- suppose so\u2026\u201d replied Elise hesitantly. \u201cBut-\u201c\n\n_And furthermore, this Plane is designed especially for you, to preserve your safety and comfort. Is that not pleasing to you?_\n\n\u201cWell\u2026yes. Yes, it\u2019s very pleasing to me, Queen, thank you.\u201d Elise struggled to put a smile on her face. She knew there was no use arguing with Queen- she was always right, and that was that.\n\n_Good. I am glad you are happy, my child._ The ethereal voice faded away.\n\nElise plopped back onto the ground heavily and sighed. But I\u2019m not\u2026\n\n", "ficly_author_avatar_url": "http://cdn.ficly.com/icons/2978/avatar.jpg", "ficly_author_nickname": "Insert Pen Name Here", "ficly_story_int": 104, "ficly_author_url": "http://ficly.com/authors/insertpennamehere", "ficly_sequels": [{"ficly_sequel_int": 106, "ficly_sequel_title": "New Land", "ficly_sequel_url": "http://ficly.com/stories/106"}], "ficly_story_title": "But I'm Not"}