{"ficly_prequels": [{"ficly_prequel_url": "http://ficly.com/stories/1058", "ficly_prequel_title": "Cryptic", "ficly_prequel_int": 1058}], "ficly_story_url": "http://ficly.com/stories/1060", "ficly_story": "All I needed now was to find the courage somewhere within me to open that door.\n\nThe courage to take that first step\u2026\n\n", "ficly_author_avatar_url": "http://cdn.ficly.com/icons/343/avatar.jpg", "ficly_author_nickname": "MissCookie", "ficly_story_int": 1060, "ficly_author_url": "http://ficly.com/authors/misscookie", "ficly_sequels": [{"ficly_sequel_int": 1066, "ficly_sequel_title": "Faith", "ficly_sequel_url": "http://ficly.com/stories/1066"}], "ficly_story_title": "Courage"}