{"ficly_prequels": [{"ficly_prequel_url": "http://ficly.com/stories/10309", "ficly_prequel_title": "Just a typical girl 5", "ficly_prequel_int": 10309}], "ficly_story_url": "http://ficly.com/stories/10367", "ficly_story": "After 8th and 9th period I got my bags and went on the bus. I took my phone out. I had 1 new message.\n\n**From: 9328956**   **Message: hey its justin b.**\n\nI replied:   **Hey! Whats up?!**\n\n**From: Justin B**   *Message: nothing. What are you doing tonight?\n\n**To: Justin B**   **Message: uhmm.. nothing i think why??**\n\n**From: Justin B**   **Message: wanna go to the movies?! Me and you?**\n\nI started to freak. I couldnt believed he asked me out!\n\n**To: Justin B**   **Message: Sure! what time?!**\n\n**From: Justin B**   **Message: i\u2019ll pick you up at 530. We\u2019ll get some dinner on the way.**\n\n**To: Justin B**   **Message: okay. See you then! Bye!**\n\n**From: Justin B**   **Message: Bye**\n\nI called Lexa.   \u2018\u2019Lex, Gues what!?\u2019\u2019   \u2018\u2019Whatt?\u2019\u2019   \u2018\u2019Im going out with Justin tonight!\u2019\u2019   \u2018\u2019Are you serious!?\u2019\u2019   \u2018\u2019Yea! He asked if I wanted to go to the movies and I said yes!\u2019\u2019   She groaned.   \u2018\u2019I gotta go. Bye.\u2019\u2019 She hung up before I could say anything.   \u2018\u2019Bye?\u2019\u2019 I said into silence. I lay on my bed and stared at the ceiling thinking. \u2018\u2019Why was she so mad?\u2019\u2019\n\n", "ficly_author_avatar_url": "http://cdn.ficly.com/icons/2213/avatar.jpg", "ficly_author_nickname": "\u2665I.Wont.Apologize.Pick.Me.........\u2665", "ficly_story_int": 10367, "ficly_author_url": "http://ficly.com/authors/bieberbabe24", "ficly_sequels": [{"ficly_sequel_int": 10368, "ficly_sequel_title": "Just a typical girl 7", "ficly_sequel_url": "http://ficly.com/stories/10368"}], "ficly_story_title": "Just a typical girl 6"}