{"ficly_prequels": [], "ficly_story_url": "http://ficly.com/stories/10757", "ficly_story": "I\u2019d like to come back and bring something fresh and new. Knowing my luck, you guys might think writings/styles are completley dated and stale.\n\nYou guys must think of me as Ficly\u2019s Tupac. I leave unannounced and I\u2019m still putting material out.\n\nI\u2019ll write again in another thousand years,\n\nSneakyCleazy\n\n", "ficly_author_avatar_url": "http://cdn.ficly.com/icons/1432/avatar.jpg", "ficly_author_nickname": "Sneaky&quot;LoA&quot;Cleazy", "ficly_story_int": 10757, "ficly_author_url": "http://ficly.com/authors/sneaky", "ficly_sequels": [{"ficly_sequel_int": 17527, "ficly_sequel_title": "Password", "ficly_sequel_url": "http://ficly.com/stories/17527"}], "ficly_story_title": "I'd Like to Come Back."}