{"ficly_prequels": [], "ficly_story_url": "http://ficly.com/stories/10895", "ficly_story": "The girls around me chattered like songbirds about this and that: boys, gossip, how much they hate blah blah blah. I hated them. I hated all of them. I didn\u2019t mind being in class with them until I _gasp_ got to know them.   I was the girl in black. The weirdo. The freak. The \u201cemo.\u201d Like my relationship with my classmates, I hated that word. Emo. The name practically makes people called that doomed to live the life of a harrased, bullied person their whole life. The only one out of my high school population I didn\u2019t hate was him. He was with his friends, not even noticing me. I wished he would.   It was a shame he didn\u2019t know that he was one of the reasons I cried at night. One of the many reasons I cut myself. He passed me and I pulled down my sleeves to make sure he didn\u2019t see my scars. If he did, he wouldn\u2019t care. I knew that for a fact. He\u2019d seen them before. I slipped the love note in his locker before he noticed.I\u2019d just have to go crazy thinking of his possible reactions.He had to know I loved him.\n\n", "ficly_author_avatar_url": "http://cdn.ficly.com/icons/1410/avatar.jpg", "ficly_author_nickname": "This is SPARTA (LoA)", "ficly_story_int": 10895, "ficly_author_url": "http://ficly.com/authors/http-ficly-com-punkrockgymnast-", "ficly_sequels": [{"ficly_sequel_int": 10897, "ficly_sequel_title": "You Say Emo I Say Troubled", "ficly_sequel_url": "http://ficly.com/stories/10897"}], "ficly_story_title": "You Say Dramatic I Say Depressed"}