{"ficly_prequels": [{"ficly_prequel_url": "http://ficly.com/stories/1340", "ficly_prequel_title": "Sol", "ficly_prequel_int": 1340}], "ficly_story_url": "http://ficly.com/stories/1098", "ficly_story": "You shine, you shine   Upon the earth   Thank you for   Your blissful worth.\n\nThank you for   Your swaying light   Which sticks with us   Until the night.\n\nTo grace the sky   Your foe awaits   Until, until   It does get late.\n\nThe battle begins   With both in view   You\u2019re jealous of him   He\u2019s jealous of you.\n\nOne must die   One folds their cards   And when one falls   One falls down hard.\n\nThe other becomes   The God of the sky   The only object   To grace the eye.\n\nA daily battle   To reign the high   He can not share   Someone must die.\n\n", "ficly_author_avatar_url": "http://cdn.ficly.com/icons/438/avatar.jpg", "ficly_author_nickname": "One Time, One Chance", "ficly_story_int": 1098, "ficly_author_url": "http://ficly.com/authors/otoc", "ficly_sequels": [{"ficly_sequel_int": 1293, "ficly_sequel_title": "Lun", "ficly_sequel_url": "http://ficly.com/stories/1293"}], "ficly_story_title": "The Sky is a Battlefield"}