{"ficly_prequels": [{"ficly_prequel_url": "http://ficly.com/stories/10350", "ficly_prequel_title": "An Emotional Battle", "ficly_prequel_int": 10350}], "ficly_story_url": "http://ficly.com/stories/10405", "ficly_story": "My hands are shaking as I undo the paper\u2019s perfect fold. My heart\u2019s pounding hard and Fear, Reality, Uncertainty, and Doubt are all battling with Confidence, and its all up to me to either shut them up or make more emotions arrive.\n\n_james about after school\u2026 i\u2019m not so sure we can hang_ I read. Confidence seems to be gone and everyone else is smiling and laughing evilly, but I see there is more writing on the bottom of the paper.\n\n_But tmrrw sounds nice if ur free_ My eyes light up and I smile bigger than ever.\n\n\u201cNO!\u201d they all yell together, they disappear suddenly and I finally feel relieved. My heart beat is slower and I feel almost\u2026\n\n\u201cHello James,\u201d Happiness says. Her motherly voice unstresses me more.\n\n\u201cHi, Happiness,\u201d I whisper, \u201cwhere\u2019ve you been?\u201d\n\n\u201cWaiting for you to summon me,\u201d she laughs soothingly, \u201cbut James, you seem to be feeling something else.\u201d I sigh. I thought I could keep it away, but my emotions always seem to surface.\n\nThats when Worry, a little blonde girl, appears next to me.\n\n", "ficly_author_avatar_url": "http://cdn.ficly.com/icons/2392/avatar.jpg", "ficly_author_nickname": "Mr.Gabriel", "ficly_story_int": 10405, "ficly_author_url": "http://ficly.com/authors/mistergabriiel", "ficly_sequels": [{"ficly_sequel_int": 10445, "ficly_sequel_title": "Worry's Worries", "ficly_sequel_url": "http://ficly.com/stories/10445"}], "ficly_story_title": "Moment of Happiness or Worry?"}