{"ficly_prequels": [{"ficly_prequel_url": "http://ficly.com/stories/10023", "ficly_prequel_title": "You Can't Stand Under My Umbrella", "ficly_prequel_int": 10023}], "ficly_story_url": "http://ficly.com/stories/10043", "ficly_story": "Rick felt immensely ridiculous as he walked to Mckenzie\u2019s front door, her umbrella grasped in his sweaty palms. Suddenly remembering he forgot to look in the mirror, he smoothed his hair back in a manner he thought suave. His index finger hesitated, then pressed the doorbell. The arched wooden doors opened to reveal a tall and slightly awkward girl, flustering at the sight of him so much so that she forgot she was suppose to be cross with Rick.\n\n\u201cSo, I brought you your umbrella,\u201d Rick blurted out after a few seconds of silence. \u201cDidn\u2019t want you to get wet or anything.\u201d\n\n\u201cOh,\u201d she said, surprised, and beamed at him. \u201cThat was nice of you.\u201d Then, pausing to think, she added, \u201cWe could still \u2018bunch up\u2019, you know.\u201d\n\n\u201cSure,\u201d he grinned, and gave her the umbrella, putting his arm around her, at a slight distance. She opened the black and silver umbrella slowly, and suddenly screamed.\n\n\u201cRick, you moron! I can\u2019t believe you stuck a spider in my umbrella!\u201d Rick laughed, then ran, dodging Mckenzie\u2019s slapping hand.\n\n", "ficly_author_avatar_url": "http://cdn.ficly.com/icons/1738/avatar.jpg", "ficly_author_nickname": "Violet Turner", "ficly_story_int": 10043, "ficly_author_url": "http://ficly.com/authors/violet_ink", "ficly_sequels": [], "ficly_story_title": "Childish Crush"}