{"ficly_prequels": [{"ficly_prequel_url": "http://ficly.com/stories/11021", "ficly_prequel_title": "The Dating Scene", "ficly_prequel_int": 11021}], "ficly_story_url": "http://ficly.com/stories/11022", "ficly_story": "On the way to my next client, I stop to buy a pizza at Pinocio\u2019s. I search with my hands for my wallet, and then remember I\u2019m low on change.\n\n\u201cWhat will it be?\u201d the owner questions me, eyeing my scythe with raised and crazed eyebrows.\n\n\u201cOh, just a vegetarian pizza, hold the pineapple,\u201d I say casually, then add, \u201cI\u2019m very sorry about this, but I\u2019m low on cash at the moment. Is there any way I could come by in an hour or so and pay you back?\u201d The owner stares at me in disbelief, then smiles cruelly as he replies.\n\n\u201cNo.\u201d\n\n\u201cLook here, pal,\u201d I begin, and grasp the collar of his shirt. These motions cause my hood to fall, and my nothing-but-bone face is visible. \u201cDid you notice I ordered a _vegetarian_ pizza? I don\u2019t like being responsible for any deaths. Don\u2019t make me change my mind.\u201d\n\nHe stutters and mumbles, and finally we have an agreement. On my way out, I balance my pizza along with a free soda can and garlic bread.\n\nThere are some pluses when it comes to being Grim Reaper.\n\n", "ficly_author_avatar_url": "http://cdn.ficly.com/icons/1738/avatar.jpg", "ficly_author_nickname": "Violet Turner", "ficly_story_int": 11022, "ficly_author_url": "http://ficly.com/authors/violet_ink", "ficly_sequels": [{"ficly_sequel_int": 11023, "ficly_sequel_title": "A Reluctance To Die", "ficly_sequel_url": "http://ficly.com/stories/11023"}], "ficly_story_title": "Free Garlic Bread"}