{"ficly_prequels": [{"ficly_prequel_url": "http://ficly.com/stories/10904", "ficly_prequel_title": "Transaction complete, withdraw more?", "ficly_prequel_int": 10904}], "ficly_story_url": "http://ficly.com/stories/10905", "ficly_story": "\u201cNow wait a second.\u201d Janus turned to Lauren. \u201cWe\u2019re outside of what appears to be a damn castle in Russia, and we have to figure out a way to get _that_\u201d <del>-motioning to the item</del>\\- \u201cto a city six thousand miles away.\u201d\n\n\u201cWhat?\u201d Lauren asked. \u201cIt\u2019s not like we can\u2019t lift it and get it into town, and once we get there we can steal a truck. It\u2019s not like you haven\u2019t hotwired a car before. After that, the only problem is crossing the ocean with it.\u201d\n\nJanus did not look convinced, but nonetheless picked up one end of the case. Lauren picked up the other, and they left the client\u2019s manor. The case did get them some strange looks in the town, but given the time there were few people about.\n\nOnce they had found a secluded location to hide the item, Janus left to find a truck. While she waited, Lauren kept watch over the item \u2026 she started to worry, Janus had been gone a long time \u2026 but no sooner had the thought occurred than Janus made her way to the curb.\n\n\u201cReady?\u201d Janus asked.\n\n\u201cReady.\u201d Lauren confirmed.\n\n", "ficly_author_avatar_url": "http://ficly.com/images/icons/avatar.jpg", "ficly_author_nickname": "Phoenix", "ficly_story_int": 10905, "ficly_author_url": "http://ficly.com/authors/phoenixv07", "ficly_sequels": [{"ficly_sequel_int": 10907, "ficly_sequel_title": "And awaaaay we go", "ficly_sequel_url": "http://ficly.com/stories/10907"}], "ficly_story_title": "Questions of conveyance."}