{"ficly_prequels": [{"ficly_prequel_url": "http://ficly.com/stories/10869", "ficly_prequel_title": "Still in the crate", "ficly_prequel_int": 10869}], "ficly_story_url": "http://ficly.com/stories/10871", "ficly_story": "Edward attempted to lift one end of the crate, to no avail. \u201cDamn, this thing is heavy \u2026 a little help?\u201d\n\nJoe reluctantly abandoned his sandwich and lumbered to the other end of the crate. \u201cYou weren\u2019t kidding, were you? Wouldn\u2019t think a crate so small would weigh so much. You think maybe we should see what\u2019s in there?\u201d\n\nEdward answered the question with a glare. \u201cWe made a deal with the client. We don\u2019t ask questions. Whatever weighs so much is his business, not ours.\u201d\n\nThey heard a loud _thud_ as they dropped the crate onto the platform. \u201cWell. That heavy and it ain\u2019t even full \u2026 wonder if we\u2019re moving gold bricks or something?\u201d Joe laughed at his own joke, earning him a glare from Edward as the platform lifted the crate into the waiting truck.\n\n", "ficly_author_avatar_url": "http://ficly.com/images/icons/avatar.jpg", "ficly_author_nickname": "Phoenix", "ficly_story_int": 10871, "ficly_author_url": "http://ficly.com/authors/phoenixv07", "ficly_sequels": [{"ficly_sequel_int": 10884, "ficly_sequel_title": "Boxed in but castled", "ficly_sequel_url": "http://ficly.com/stories/10884"}], "ficly_story_title": "Questions of density."}