{"ficly_prequels": [{"ficly_prequel_url": "http://ficly.com/stories/10152", "ficly_prequel_title": "Janie", "ficly_prequel_int": 10152}, {"ficly_prequel_url": "http://ficly.com/stories/10184", "ficly_prequel_title": "JANIE CONTINUED...2", "ficly_prequel_int": 10184}], "ficly_story_url": "http://ficly.com/stories/10153", "ficly_story": "7th grade Janie HAD a best friend named Marry Newton. Mary. Has not a lot but a few friends. Marry was always talking to Janie about her birthday party. But Janie grew sad when she heard her friends getting invites and she did not.\n\n8th grade Janie\u2019s best friend Gary who she has a crush on asked her out. When Janie said yes her best friend in the entire world hated her because she had a secret crush on Gary. After that day the school split in to 2. 1 side was Alice\u2019s half of the people who disliked Janie and Gary. The other side was Janie and Gary who disliked Alice.\n\n9th grade was when all of the drama stopped everything was perfect. She had a boyfriend, she had lots of friends and anyone she had a problem with before was on Alice\u2019s side. Until Gary had the accident.\n\nHe had got in a car accident. He could not remember anything. So Alice took advantage over that.   To be continued\u2026\n\n", "ficly_author_avatar_url": "http://cdn.ficly.com/icons/1783/avatar.jpg", "ficly_author_nickname": "Tamara G", "ficly_story_int": 10153, "ficly_author_url": "http://ficly.com/authors/tamaragebert", "ficly_sequels": [], "ficly_story_title": "Janie contiued"}