{"ficly_prequels": [{"ficly_prequel_url": "http://ficly.com/stories/1132", "ficly_prequel_title": "Hindsight twenty-twenty.", "ficly_prequel_int": 1132}], "ficly_story_url": "http://ficly.com/stories/1101", "ficly_story": "The ambassador slumped onto the couch, and the vase used to hit him miraculously did not break. Reiko sighed relief and began carefully undressing him, taking care to avoid the trickle of blood stemming from the ambassador\u2019s ear. Reiko then donned the robes, and fixed his hair to mimic that of his still unconscious quarry, whom he clothed in his assassin\u2019s garb. He hid a knife in the man\u2019s belt \u2013 a violation of Koagrad\u2019s Peace Talk protocol.\n\nThe arrangement was complete \u2013 all except for the extreme similarity between the two men. Reiko lifted the vase, turned it on its side, and this time struck the ambassador with it in the face until it broke. Whatever likeness they had shared was now obscured by ceramic shards. _Now_ he screamed, and within moments there were several aides in the room.\n\n\u201cAmbassador Jorm! What is the meaning of this!\u201d one of them asked, immediately launching to check the vitals of the corpse.\n\n\u201cA Verdan assassin, is what that is! Here through your incompetence!\u201d\n\nReiko was in.\n\n", "ficly_author_avatar_url": "http://cdn.ficly.com/icons/439/avatar.jpg", "ficly_author_nickname": "Yuriy Zubovski", "ficly_story_int": 1101, "ficly_author_url": "http://ficly.com/authors/silentalias", "ficly_sequels": [{"ficly_sequel_int": 1130, "ficly_sequel_title": "Promotion for the sous?", "ficly_sequel_url": "http://ficly.com/stories/1130"}, {"ficly_sequel_int": 18358, "ficly_sequel_title": "Profession of the Recently Unemployed", "ficly_sequel_url": "http://ficly.com/stories/18358"}], "ficly_story_title": "Mimicry is only half of the work."}