{"ficly_prequels": [{"ficly_prequel_url": "http://ficly.com/stories/10871", "ficly_prequel_title": "Questions of density.", "ficly_prequel_int": 10871}], "ficly_story_url": "http://ficly.com/stories/10884", "ficly_story": "The crate jostled as Janus and Lauren conversed. Lauren let out a muffled grunt as the crate dropped.\n\n\u201cI think we made another transit connection.\u201d Janus said sarcastically. Lauren complained incomprehensibly, having apparently gotten stuck in some packing material in the crate.\n\nJanus sighed. They had real idea of where they were going, promises had been made, yes. But not by trustworthy people. Hopefully it was worth the risk.\n\n\u201cAre you okay?\u201d Janus inquired. Through Lauren\u2019s muffled complaints, Janus heard spitting. \u201cYeah, just got something that tasted like packing peanuts and felt in my mouth. I\u2019m okay now.\u201d\n\n\u201cDo you think we\u2019ll make it?\u201d Janus asked. \u201cOf course, I mean, we have to make it!\u201d Lauren replied confidently. Janus nodded in the dark. \u201cYes, you\u2019re right, we just need a little time after we arrive to put the last pieces in place. Even if we _don\u2019t_ make it, remember the backup plans we have in place.\u201d Lauren added \u201cYup, Carmen has the letter, if we don\u2019t make it the plan will still happen.\u201d\n\n", "ficly_author_avatar_url": "http://ficly.com/images/icons/avatar.jpg", "ficly_author_nickname": "Funtime Bobby", "ficly_story_int": 10884, "ficly_author_url": "http://ficly.com/authors/funtime_bobby", "ficly_sequels": [{"ficly_sequel_int": 10887, "ficly_sequel_title": "Questions of tardiness.", "ficly_sequel_url": "http://ficly.com/stories/10887"}], "ficly_story_title": "Boxed in but castled"}