{"ficly_prequels": [{"ficly_prequel_url": "http://ficly.com/stories/10235", "ficly_prequel_title": "The Diary of Three Friend 7 (continued)", "ficly_prequel_int": 10235}], "ficly_story_url": "http://ficly.com/stories/10250", "ficly_story": "Dear Diary,   On my way to my new big house. Can\u2019t wait till I have all new friends and get confy in my new area. I moving to west chester, New York a beautiful town with the richest peopel in the sate( maybe). I cant wait to go to school tommorw and start my new life at st. Bernards prep school. I wonder if anyone will like me or will it take forever to make friends???? I hope not. Well got to go help mom get the stuff out of the car were home!!!!!!!!!\n\n", "ficly_author_avatar_url": "http://cdn.ficly.com/icons/2759/avatar.jpg", "ficly_author_nickname": "Be.a.teenage.Dream.Tonight&lt;3", "ficly_story_int": 10250, "ficly_author_url": "http://ficly.com/authors/user-1960", "ficly_sequels": [], "ficly_story_title": "Diary Of 3 Friends!!8"}