{"ficly_prequels": [{"ficly_prequel_url": "http://ficly.com/stories/10075", "ficly_prequel_title": "False Imprisonment", "ficly_prequel_int": 10075}], "ficly_story_url": "http://ficly.com/stories/10211", "ficly_story": "Josh was sure there were some flaws in her logic, but he\u2019d been hit with so much already in just the last hour or so that he was having a hard time thinking straight. \u201cI suppose that\u2019s right,\u201d he said at last.\n\n\u201cAnd also there are all those \u2018sixth day\u2019 laws and treaties still on the books.\u201d The woman shook her head. \u201cFunny thing: I\u2019m technically illegal. But since Aegis is an arm of the UN, we have a special \u2018DTA\u2019 exemption.\u201d\n\n\u201cDTA?\u201d Josh asked.\n\nRedshift, the woman\u2019s automech partner, chuckled. \u201c\u2019Don\u2019t Tell Anybody,\u2019\u201d he explained. \u201cShe uses that same joke on all the newbies. It gets so old after a while.\u201d\n\nThe woman snorted. \u201cYou use it just as often.\u201d\n\n\u201cOnly after you inflicted it on me to begin with.\u201d\n\nThe woman stuck out her tongue and gave the automech the hairy eyeball. It responded by giving her the finger. \u201cOh, yeah,\u201d one of the motorcycle riders said. \u201cVery mature, guys.\u201d\n\nJosh held up the knapsack. \u201cUm, I hate to be a downer, but maybe we should continue this somewhere that _isn\u2019t_ a war zone?\u201d\n\n", "ficly_author_avatar_url": "http://cdn.ficly.com/icons/17/toonrmicon.jpg", "ficly_author_nickname": "Robotech_Master", "ficly_story_int": 10211, "ficly_author_url": "http://ficly.com/authors/robotech_master", "ficly_sequels": [{"ficly_sequel_int": 10789, "ficly_sequel_title": "Into Body Experience", "ficly_sequel_url": "http://ficly.com/stories/10789"}], "ficly_story_title": "DTA Exemption"}