{"ficly_prequels": [{"ficly_prequel_url": "http://ficly.com/stories/10355", "ficly_prequel_title": "Smoothie explosion (Dancing through life #2)", "ficly_prequel_int": 10355}], "ficly_story_url": "http://ficly.com/stories/10397", "ficly_story": "I flipped through the racks of clothes in my closet. Tonight, I had hip-hop. I had dance everynight of the week. I decided on a pink t-shirt with the quote;   \u201cIf dance were any easier, it would be called football,\u201d silver spandex, black short shorts that said dancer on the butt, and my blue \u201cDebbies\u201d sweatshirt.   Debbie was my mom, and she was the most amazing dancer in the world. Shes the reason I dance. I want to be just like her when I\u2019m older.   I slipped my feet through my hip hop shoes, the scurried down into the front of the building to meet my driver, James.   \u201cGood day, Miss Martienez.\u201d   I nodded at him. I hated him. He was always flirting with my mom, and lets just said she didn\u2019t object. It annoyed me sooo much.   \u201cTo the studio?\u201d He asked.   \u201cObviously.\u201d I rolled my eyes as I slid into the car.   Ever since my dad died, my mom had never dated, and I didn\u2019t want that to change. I thought we were just fine by oursleves.   \u201cI\u2019ll pick you up later, Katrina.\u201d James called.   I slammed the door in his face.\n\n", "ficly_author_avatar_url": "http://cdn.ficly.com/icons/2443/avatar.jpg", "ficly_author_nickname": "just another girl", "ficly_story_int": 10397, "ficly_author_url": "http://ficly.com/authors/user-354", "ficly_sequels": [], "ficly_story_title": "Debbie's School of Dance (Dancing through life #3)"}