{"ficly_prequels": [{"ficly_prequel_url": "http://ficly.com/stories/10773", "ficly_prequel_title": "Calendar of a Blind man...part 3", "ficly_prequel_int": 10773}], "ficly_story_url": "http://ficly.com/stories/10774", "ficly_story": "November 19th: The doctor gives John a neck support and returns the pillows. They don\u2019t smell right. John complains, but the nurses don\u2019t understand him. The illness is forcing him to lose his speech.\n\nNovember 20th: The nurses take away his clothes for washing. No one explains to John. He can\u2019t find his clothes, the jacket his daughter bought him. He gets agitated and falls out of bed. He hurts his healing neck again.\n\nNovember 21st: The clothes are returned smelling unfamiliar, like the pillows. John doesn\u2019t like lavendar, only rose. They don\u2019t feel soft either and he refuses to get dressed. The nurses leave him cold.\n\nNovember 22nd: John\u2019s neck twinges but he refuses to complain. He wants to play his guitar and forgets that he didn\u2019t bring it with him. He feels ice on the window when he stands by it in the evening.\n\nNovember 23rd: The air smells of musk like it did in John\u2019s mother\u2019s laundry room. John sits in the rocking chair and listens to Classic FM. John reminises.\n\nNovember 24th: John lies in bed.\n\n", "ficly_author_avatar_url": "http://cdn.ficly.com/icons/4271/avatar.jpg", "ficly_author_nickname": "Abby (LoA)", "ficly_story_int": 10774, "ficly_author_url": "http://ficly.com/authors/abbywall", "ficly_sequels": [{"ficly_sequel_int": 10775, "ficly_sequel_title": "Calendar of a Blind man...part 5", "ficly_sequel_url": "http://ficly.com/stories/10775"}], "ficly_story_title": "Calendar of a Blind man...part 4"}