{"ficly_prequels": [{"ficly_prequel_url": "http://ficly.com/stories/1064", "ficly_prequel_title": "Ali", "ficly_prequel_int": 1064}], "ficly_story_url": "http://ficly.com/stories/1065", "ficly_story": "\u2026name as many types of water as you can. For example you could say, \u2018fresh water.\u2019 I will repeat the problem. You have one minute to think and two minutes to respond. Your problem is to name as many types of water as you can. For example you could say, \u2018fresh water.\u2019\"   (_Salt water, fresh water, water melon, waterfall, ice, steam_)   \u201cYou may begin.\u201d We go around in circles naming different kinds of water. You can\u2019t skip and you can\u2019t repeat answers.   \u201cWatermelon.\u201d I say, trying to show the other kids more creative answers.   \u201cIce.\u201d Grant says. Good. He\u2019s catching on.   \u201cSalt water.\u201d   \u201cWarm water.\u201d   \u201cYellow water.\u201d   \u201cWater you doing?\u201d I say. Everyone laughs. I used that one last year and got some major points for it.   \u201cBlue water.\u201d   \u201cRed water.\u201d   \u201cNo more colors.\u201d Coach says.   \u201cVodka!\u201d   \u201cExplain.\u201d Caoch says.   \u201cThere\u2019s water in vodka.\u201d Enrique whines. Coach nodds.   \u201cWaterfall.\u201d   \u201cTIME.\u201d   We all stop talking. A few kids are whispering to each other about their answers, probably guessing which ones were creative.   \u201cGot it, Ali?\u201d\n\n", "ficly_author_avatar_url": "http://cdn.ficly.com/icons/637/avatar.jpg", "ficly_author_nickname": "Distant Memories", "ficly_story_int": 1065, "ficly_author_url": "http://ficly.com/authors/emilyz123", "ficly_sequels": [], "ficly_story_title": "Water You Doing?"}