{"ficly_prequels": [{"ficly_prequel_url": "http://ficly.com/stories/10533", "ficly_prequel_title": "Math, Memories, and Hurting People", "ficly_prequel_int": 10533}], "ficly_story_url": "http://ficly.com/stories/10717", "ficly_story": "Though the green light winked at him, Micah did not move. He had not moved all night, nor had he taken the traffic signal\u2019s advice the two previous nights. His lonely vigil, thus far inneffectual, kept him parked in a rented car outside \u2018Howling Mutt\u2019s Gentlemen\u2019s Club\u2019.\n\nMen came and went, though none gentlemen and none his quarry. Drumming his fingers on the stearing wheel, Micah prayed to a god he\u2019d long forgotten that Dino would show. He had to. Tomorrow would be too late.\n\nFor now he had to watch the scum parade before his eyes, adorned with garrish trinkets and wearing designer clothes. He cursed the part of himself that wanted to reach out and take it from them, claim that life of ease and privilege for himself. They certainly didn\u2019t deserve. The taking would be easy, the accumulation of wealth only a matter of time.\n\nPushing that aside, Micah had bigger concerns, bigger fish to fry. Hair slicked back and necklaces twinkling under streetlights, his fish finally arrived, fresh for the frying.\n\n", "ficly_author_avatar_url": "http://cdn.ficly.com/icons/29/AHFL_icon.JPG", "ficly_author_nickname": "THX 0477", "ficly_story_int": 10717, "ficly_author_url": "http://ficly.com/authors/thx0477", "ficly_sequels": [{"ficly_sequel_int": 10825, "ficly_sequel_title": "Working Up to It", "ficly_sequel_url": "http://ficly.com/stories/10825"}], "ficly_story_title": "Watching the Dogs"}