{"ficly_prequels": [], "ficly_story_url": "http://ficly.com/stories/10207", "ficly_story": "A golden day, afternoon bringing a bit of light to what looks like a field of pure gold. In a path through this gold, a single man walks through. His hands are at his side, his gait is a relaxed one. He looks somewhat fatigued, yet he looks pretty energetic too. At his sides are four swords in sheathes, and he himself looks capable of using them. He wears a standard white peasant shirt with a black chain vest over it, and chain pants. He looks quite battle- scarred, too, as though he were returning from a war. _\u2018Ah, yes, the beautiful fields, how I mssed them.\u2019_ He thinks as he walks further on his quest into town.\n\nSuddenly, a bandit jumps out of the tall wheat to each side. The bandit laughs and tries to mug the swordsman, but he has drawn his blades, apparently interconnecting, two in each hand. They form two creepy crescents, and within a few moments, the bandit is made into meaty ribbions.\n\nThe swordsman continues on his path, through the golden wheat\u2026\n\n", "ficly_author_avatar_url": "http://cdn.ficly.com/icons/1924/avatar.jpg", "ficly_author_nickname": "Clotifoth", "ficly_story_int": 10207, "ficly_author_url": "http://ficly.com/authors/clotifoth", "ficly_sequels": [{"ficly_sequel_int": 7664, "ficly_sequel_title": "The Story Begins", "ficly_sequel_url": "http://ficly.com/stories/7664"}], "ficly_story_title": "Nentar, Quadblade"}