{"ficly_prequels": [], "ficly_story_url": "http://ficly.com/stories/11048", "ficly_story": "\u201cDammit woman! I told you to buy my Root Beer yesterday!\u201d Jimmy yelled from inside the fridge, leaning in to grab items for his lunch. He was running late for work, and the last time he showed up a few minutes late his boss made him clean the second floor urinals with a toothbrush. His blood pressure was rising.\n\n\u201cThey are in the pantry!\u201d called his wife, quickly coming to his rescue. \u201cI\u2019m sorry I forgot to put them in the fridge.\u201d\n\nThe sight of her slight form eased some of his tension, along with the acquiring of his fizzy beverage. \u201cWell, remember next time!\u201d\n\nShe packed his lunch quickly and efficiently and kissed his cheek, sending him off to work. He slammed the door, making his wife wince. The baby woke then and started caterwauling.\n\nShe knew he hated working as a janitor, but without his high school diploma, he couldn\u2019t get anything else. She diapered and cooed to their daughter, then fed her while finishing her online classwork. She\u2019d have her degree soon, so things can get better.\n\n", "ficly_author_avatar_url": "http://cdn.ficly.com/icons/3054/avatar.jpg", "ficly_author_nickname": "ElshaHawk (LoA)", "ficly_story_int": 11048, "ficly_author_url": "http://ficly.com/authors/elshahawk", "ficly_sequels": [{"ficly_sequel_int": 11050, "ficly_sequel_title": "Not the Jones's 2", "ficly_sequel_url": "http://ficly.com/stories/11050"}], "ficly_story_title": "Not the Jones's"}