{"ficly_prequels": [{"ficly_prequel_url": "http://ficly.com/stories/10532", "ficly_prequel_title": "Santa Stole My Girlfriend", "ficly_prequel_int": 10532}], "ficly_story_url": "http://ficly.com/stories/10748", "ficly_story": "Dear Ex-Boyfriend,\n\nYour girlfriend was good all year, too, so maybe next time you should check what\u2019s on her Christmas list before blaming a guy for doing his job.\n\nBest,   Santa\n\n", "ficly_author_avatar_url": "http://cdn.ficly.com/icons/3407/avatar.jpg", "ficly_author_nickname": "cthulhuburger", "ficly_story_int": 10748, "ficly_author_url": "http://ficly.com/authors/cthulhuburger", "ficly_sequels": [], "ficly_story_title": "Dear Ex-Boyfriend"}