{"ficly_prequels": [], "ficly_story_url": "http://ficly.com/stories/10969", "ficly_story": "The elf\u2019s heart was a cold metal machine, thudding against his metallic arteries. His hands, always pinching, prodding, were robotic claws. His eyes were small, sharp spheres of steel, always remembering. His ears were large microphones instinctively trained to eavesdrop, and his lips loudspeakers that emitted gossip at any opportunity. The elf had an endless supply of undesirable qualities but of all of them, his envy was the worst.\n\nWhen he saw a person with a higher quality computer than his own, he would boil with rage and envy and then whip to the store to buy the same, if not a better one. The elf couldn\u2019t stand it if anyone had anything that was superior to what he had. Of course this led the elf to financial problems. The elf could barely afford the basic necessities, let alone all of the latest gadgets he so desperately wanted.\n\n", "ficly_author_avatar_url": "http://cdn.ficly.com/icons/1740/avatar.jpg", "ficly_author_nickname": "Tillie Turner", "ficly_story_int": 10969, "ficly_author_url": "http://ficly.com/authors/typing_tillie", "ficly_sequels": [{"ficly_sequel_int": 10970, "ficly_sequel_title": "The Elf Goes Pop", "ficly_sequel_url": "http://ficly.com/stories/10970"}], "ficly_story_title": "The Envious Elf"}