{"ficly_prequels": [{"ficly_prequel_url": "http://ficly.com/stories/1001", "ficly_prequel_title": "You Don't Always Need Protection", "ficly_prequel_int": 1001}], "ficly_story_url": "http://ficly.com/stories/1003", "ficly_story": "\u201cHey, Julie! Come here! They\u2019re talking about \u2018you-know-what!\u2019\u201d\n\nThe girls giggled, both of their ears pressed against the ventilation grill in the wall in between the boys\u2019 and girl\u2019s locker rooms.\n\n\u201cJulie! How could you say that to him!\u201d one of them giggled. \u201cHe took you, like, totally seriously!\u201d\n\nThe other one laughed, \u201cHe\u2019s so sweet! He believes everything I say!\u201d\n\nThey kept listening until they heard their respective boyfriends leave the adjacent locker room.\n\nFinally, Julie sat with her back against the wall, saying, \u201cSo what are you going to do now, Hannah?!\u201d\n\nShe giggled, \u201cI don\u2019t know, but apparently not Xavier!\u201d\n\n", "ficly_author_avatar_url": "http://cdn.ficly.com/icons/1286/avatar.jpg", "ficly_author_nickname": "OrangeOreos (LoA)", "ficly_story_int": 1003, "ficly_author_url": "http://ficly.com/authors/orangeoreos", "ficly_sequels": [], "ficly_story_title": "You Don't Always Need Protection (2)"}