{"ficly_prequels": [{"ficly_prequel_url": "http://ficly.com/stories/10476", "ficly_prequel_title": "The Old House on St. Godson Street Part 2", "ficly_prequel_int": 10476}], "ficly_story_url": "http://ficly.com/stories/10512", "ficly_story": "\u201cWhat was that?\u201d Mary asked. They looked at the old rotted door. They heard another moan.   \u201cIt\u2019s Roger. I\u2019ll prove it,\u201d Mat said. He got out of his creaky bed, and opened the door. He looked out into the hallway. It was the same as when they got there. Long ripped red curtains covering the huge windows. The old chipped paintings on the opposite wall, and the either broken or flickering lights on the ceiling.   \u201cIs Roger there?\u201d Jackie asked. Mat shook his head. Mary started to whisper to herself.   \u201cWhat is it Mary?\u201d Emily asked. Mary looked at them with wide eyes, nose flared, and a grimace.   \u201cLeave my home now. Or you\u2019ll end up like that boy who mocked me,\u201d Mary said, her voice hollow. The others backed away for her.   \u201cThe ghost possessed Mary!\u201d Jackie wailed. Mary got up and limped towards them. Black mist was all around her.   \u201cLeave now!\u201d Mary shrieked. Her shriek was not possible for any mere mortal to do. The others screamed and ran down the hallway. Then a storm started to pick up. The windows shattered.\n\n", "ficly_author_avatar_url": "http://cdn.ficly.com/icons/4309/avatar.jpg", "ficly_author_nickname": "maximumride36", "ficly_story_int": 10512, "ficly_author_url": "http://ficly.com/authors/maximumride36", "ficly_sequels": [{"ficly_sequel_int": 10513, "ficly_sequel_title": "The Old House on St. Godson Street Part 4", "ficly_sequel_url": "http://ficly.com/stories/10513"}], "ficly_story_title": "The Old House on St. Godson Street Part 3"}