{"ficly_prequels": [{"ficly_prequel_url": "http://ficly.com/stories/10591", "ficly_prequel_title": "After Hours (II)", "ficly_prequel_int": 10591}], "ficly_story_url": "http://ficly.com/stories/10616", "ficly_story": "I\u2019ll be honest with you, for a second I actually thought I liked that guy, but after he paid me my $500 for the night, I thought I liked the guy after that and after that. So, none of them really impressed me, it doesn\u2019t change that it was just a stage, you know?\n\nThe weekend went by really fast and when I got home late as hell Sunday night, my parents didn\u2019t even notice. I didn\u2019t see the guy again at the club, so I got around a lot faster since he wasn\u2019t wasting my time trying to _talk_.\n\nI get to school a little late, but today we have Chapel so thankfully everyone is too busy praying to Jesus and Mary to notice me coming late. The only people that notice are the girls in the back pews that I end up sitting with.\n\n\u201cSo, what did you do this weekend, Margaret?\u201d Becky, the peppy one, asks.\n\n\u201cMy parents made me go to this baby shower. _Boring_,\u201d she sings the last part, \u201cwhat did you do Stace?\u201d\n\nThey all look at me.\n\n\u201cMe? Oh, I just slept all weekend,\u201d\n\nWhat? It\u2019s not a lie.\n\n", "ficly_author_avatar_url": "http://cdn.ficly.com/icons/2392/avatar.jpg", "ficly_author_nickname": "Mr.Gabriel", "ficly_story_int": 10616, "ficly_author_url": "http://ficly.com/authors/mistergabriiel", "ficly_sequels": [{"ficly_sequel_int": 10678, "ficly_sequel_title": "Normal Girl By Day (II)", "ficly_sequel_url": "http://ficly.com/stories/10678"}], "ficly_story_title": "Normal Girl By Day (I)"}