{"ficly_prequels": [{"ficly_prequel_url": "http://ficly.com/stories/10516", "ficly_prequel_title": "The Old House on St. Godson Street Part 6", "ficly_prequel_int": 10516}], "ficly_story_url": "http://ficly.com/stories/10577", "ficly_story": "\u201cTyler? Shawn?\u201d Mary said stunned. It was two of her friends.   \u201cWe heard lots of screaming, so we came over to see what happened,\u201d Tyler said, \u201cwhere is the others?\u201d Mary started to sob again. Shawn hugged Mary, trying to calm her down. After she stopped they asked her again.   \u201cThe others are dead. He killed them,\u201d Mary whispered. The boys exchanged confused glances, wondering who she\u2019s talking about.   \u201cWho?\u201d Shawn asked.   \u201cMr.Ronson,\u201d Mary whispered.   \u201cThe dead guy?\u201d Tyler asked. Mary nodded. Shawn was about to say something, but was cut off by a moaning. Mary\u2019s eyes widened.   \u201cHe\u2019s coming,\u201d she whispered, \u201cI don\u2019t want to die. Not like the others.\u201d   \u201cLets go,\u201d Tyler said. The guys helped her up, and then once they got into the hall, there was a blasted of cold air. Mary covered her ears, to something only she could hear.   \u201cMake them stop. Make the screaming stop!\u201d Mary cried. There was another moan. Suddenly, Mary stopped screaming. Her face twisted in a horrible grimace.   \u201cLeave now, or die,\u201d her voice was hollow.\n\n", "ficly_author_avatar_url": "http://cdn.ficly.com/icons/4309/avatar.jpg", "ficly_author_nickname": "maximumride36", "ficly_story_int": 10577, "ficly_author_url": "http://ficly.com/authors/maximumride36", "ficly_sequels": [{"ficly_sequel_int": 11372, "ficly_sequel_title": "The Old House on St. Godson Street Part 8", "ficly_sequel_url": "http://ficly.com/stories/11372"}], "ficly_story_title": "The Old House on St. Godson Street Part 7"}