{"ficly_prequels": [{"ficly_prequel_url": "http://ficly.com/stories/10780", "ficly_prequel_title": "Entrapment", "ficly_prequel_int": 10780}], "ficly_story_url": "http://ficly.com/stories/10781", "ficly_story": "\u201cMe? Why am I in bad shape?\u201d My tongue had loosened ever-so slightly from the shock of his warning. He stood and faced me. Yes, he was male. But his face wasn\u2019t entirely human. No, his face was scarcely human, almost solely lupine in appearance and posture. His wolven eyes searched me as though sizing me up as a meal.\n\n\u201cYes, they\u2019ll like you. Pretty, young\u2026 they\u2019ll probably have you before they begin the experiments. If you can bear it, it\u2019ll be a welcome delay.\u201d He\u2019d lost me. Have me? Did he mean\u2026 and what experiments?\n\n\u201cYes, I do mean that. You should work on not thinking aloud.\u201d\n\n\u201cThen answer my other question. What experiments?\u201d I felt my voice grow hysterical. Why?\n\n\u201cI don\u2019t know,\u201d he answered, keeping a level tone to contrast my tension for which I still had determined no source. His silver fur glowed orange; he must have once had light hair. \u201cThey\u2019re different for each. I doubt they\u2019ll try genetic engineering on you; you\u2019re too thin. Not enough body fat to support another animal\u2019s DNA.\u201d\n\n", "ficly_author_avatar_url": "http://cdn.ficly.com/icons/1547/avatar.jpg", "ficly_author_nickname": "Elisabeth L. Davis(LoA)", "ficly_story_int": 10781, "ficly_author_url": "http://ficly.com/authors/lisdavis", "ficly_sequels": [], "ficly_story_title": "Consideration"}