{"ficly_prequels": [{"ficly_prequel_url": "http://ficly.com/stories/10297", "ficly_prequel_title": "The Diary of Three Friend 7 (continued)", "ficly_prequel_int": 10297}], "ficly_story_url": "http://ficly.com/stories/10365", "ficly_story": "Later in Spanish we were suposed to be writing letters to our pen pals in Spain but me and Dani were writing in our diaries. We have both been writing in our diaries for four years. I write everything down! I\u2019ve had six diaries since my first one in fifth grade. Today I was writing about Nick and Andrew, how Andrew will always think of me as a neighbor but that Nick thinks of me as something more.   Dear Diary,   Senora Emiliana is giving us a lecture while we \u201cwrite\u201d our pen pal letters. I\u2019m so excited for prom. Nick oh Nick! This is going to be great, soccer captain! Hott! I\u2019m so over whats his name Dan, Michael, Corey? I don\u2019t even remember! Well I got to go we\u2019re getting a new student!   Love,   Liz\n\n", "ficly_author_avatar_url": "http://cdn.ficly.com/icons/1784/avatar.jpg", "ficly_author_nickname": "Peace.Love.Softball", "ficly_story_int": 10365, "ficly_author_url": "http://ficly.com/authors/emme", "ficly_sequels": [], "ficly_story_title": "The Diary of Three Friends 8"}