{"ficly_prequels": [{"ficly_prequel_url": "http://ficly.com/stories/782", "ficly_prequel_title": "Stepping on Feet", "ficly_prequel_int": 782}], "ficly_story_url": "http://ficly.com/stories/1034", "ficly_story": "\u201cNaw, it\u2019s my fault,\u201d He says back in a rather amazing voice (the kind you just don\u2019t want to stop listening to).\n\nI take a step back and look up through my bangs to examine his attire. In addition to his Converse shoes, he\u2019s wearing plain blue jeans that are slightly faded at the knees. Off to the right I can see a hint of his blue plaid boxers. He\u2019s wearing a grey long-sleeve shirt layered by a red short sleeve shirt with a black Etnies logo in the center. The last thing I notice are the drum sticks stored in his back pocket. He looks amazing.\n\nI guess I stared too long because he clears his throat and asks \u201cUm, you OK?\u201d\n\n_Crap._ \u201cUh\u2026yeah, I\u2019m fine. You?\u201d\n\nHe chuckles a bit and says \u201cYeah, I\u2019m cool.\u201d\n\n\u201cUm\u2026uh, I\u2019m\u2026I mean, uh, my name\u2019s\u2026.um uh\u2026ARIZONA!\u201d I finally belt out, \u201cArizona Smith,\u201d I stay softly.\n\nI dare to look up and I see his smile again and I instantly look down.\n\n\u201cHey, I\u2019m Aaron \u2013 Aaron Tanner, nice to meet you.\u201d Manners. That\u2019s it, he\u2019s perfect.\n\n", "ficly_author_avatar_url": "http://cdn.ficly.com/icons/308/avatar.jpg", "ficly_author_nickname": "Overlooked_Merchandise", "ficly_story_int": 1034, "ficly_author_url": "http://ficly.com/authors/era", "ficly_sequels": [{"ficly_sequel_int": 1166, "ficly_sequel_title": "Seems Familar", "ficly_sequel_url": "http://ficly.com/stories/1166"}], "ficly_story_title": "Aaron Tanner"}