{"ficly_prequels": [{"ficly_prequel_url": "http://ficly.com/stories/570", "ficly_prequel_title": "Starlight", "ficly_prequel_int": 570}], "ficly_story_url": "http://ficly.com/stories/1024", "ficly_story": "_And we zoomed off into the sunset._   I can remember that too. These words play such a significant role in my life. It\u2019s all I have left of her. I think we were in high school\u2026 in our third year. We were sophomores on spring vacation to the beach. Somehow we were alone on the beach. We sat on a hill. It was dusk. The sun was setting on the beach. She stared into the waters and said, \u201cThis must be the single most beautiful thing on the earth.\u201d I thought for a short while. \u201cWell, last time I checked, you were on earth, right?\u201d She laughed and squeezed me tight. \u201cI had a dream one night. We were on a beach on a night just like this. We watched the water for a bit and then we flew away. And we zoomed off into the sunset.\u201d\n\n", "ficly_author_avatar_url": "http://cdn.ficly.com/icons/3748/avatar.jpg", "ficly_author_nickname": "fish", "ficly_story_int": 1024, "ficly_author_url": "http://ficly.com/authors/mistafeesh", "ficly_sequels": [], "ficly_story_title": "Sunset"}