{"ficly_prequels": [{"ficly_prequel_url": "http://ficly.com/stories/10436", "ficly_prequel_title": "My Girl, Forever.", "ficly_prequel_int": 10436}], "ficly_story_url": "http://ficly.com/stories/10521", "ficly_story": "A **month** has passed.   **Five months** have passed.   And still, the only thing that matters to me is you.   There\u2019s nothing more I could want then to lay all day, all night in your arms.   When I stare in your eyes, I see a glimpse of what everything means.   I understand life when I\u2019m with you. For what it is.   The good, the bad. _Everything is okay when I\u2019m with you._   You keep my mind off all of the bad. You make me focus on everything that makes my life perfect.   Which is **You**.   YOU make my life perfect. You never have me expect the worst in things, you always have me looking forward to waking up tomorrow morning. You encourage me to hold on when I\u2019m about to give up. You are my life saver. You are my love. You are my baby. You are my sweetheart. You are my first, my last, my one, and my only. I will always feel this way for you. Until the world stops spinning, until the sun and stars stop shining, until my heart stops beating.\n\nJune 12, 2009. I will ALWAYS love you.<3\n\n", "ficly_author_avatar_url": "http://cdn.ficly.com/icons/1727/avatar.jpg", "ficly_author_nickname": "fish61209", "ficly_story_int": 10521, "ficly_author_url": "http://ficly.com/authors/-mike_fisher-", "ficly_sequels": [], "ficly_story_title": "To My Angel."}