{"ficly_prequels": [{"ficly_prequel_url": "http://ficly.com/stories/10925", "ficly_prequel_title": "Confessions (I)", "ficly_prequel_int": 10925}], "ficly_story_url": "http://ficly.com/stories/10932", "ficly_story": "\u201cDo you ever let that go, Ethan?\u201d I ask. I knew that question was coming.\n\n\u201cI won\u2019t answer until you answer me,\u201d he says.\n\n\u201cYou\u2019re going to have to wait then cause I\u2019m leaving,\u201d I say and walk out the bus. He\u2019s there speechless and isn\u2019t coming after me, which makes leaving to club Majesty easier. I don\u2019t know why I would want him going after me. I half wanted him to ask that question, but then I half didn\u2019t want him to. If that even makes sense.\n\nI walk through club Majesty\u2019s **Employees Only** door and see the faces I haven\u2019t seen in a while.\n\n\u201cSeducer is coming on a week day?\u201d Mary asks. \u201cThat\u2019s a first.\u201d\n\n\u201cI need to get away from things,\u201d I tell her.\n\n\u201cI have some pills, honey, if you really need to get away,\u201d Karen offers, but I shake my head.\n\n\u201cI just need to do some work and get it over with,\u201d I say. A knock on the employee door surprises everyone. They enter the door, but I don\u2019t look back. They\u2019re probably not important.\n\n\u201cI\u2019m sorry,\u201d Ethan\u2019s voice says to me.\n\nHe came after me.\n\n", "ficly_author_avatar_url": "http://cdn.ficly.com/icons/2392/avatar.jpg", "ficly_author_nickname": "Mr.Gabriel", "ficly_story_int": 10932, "ficly_author_url": "http://ficly.com/authors/mistergabriiel", "ficly_sequels": [{"ficly_sequel_int": 10994, "ficly_sequel_title": "Background (I)", "ficly_sequel_url": "http://ficly.com/stories/10994"}], "ficly_story_title": "Confessions (II)"}