{"ficly_prequels": [], "ficly_story_url": "http://ficly.com/stories/10695", "ficly_story": "James and Lane were two young teens, fulfilling a life so empty. Never knowing what their parents once looked like, or what their voices may have sounded like.   Feeling as strength was bounded by one another, a strong hold unfolded with each other.\n\n\u201cSo James, how do like this one of a kind dress.\u201d Lane swung the dressing door open revealing a blue teal dress.\n\n\u201cIt all looks the same Lane, how come you\u2019re punishing me over this?\u201d James slouched in his chair huffed loudly to express his sheerness of boredom.\n\n\u201cOkay James, what would you like to do instead of gawking at me?\u201d Lane spoke in a forgiving voice.\n\n\u201cI don\u2019t really know, maybe we could go towards the ice cream parlor get their blast from the past scoop.\u201d James jumped out of his chair and then rushed quickly to the entrance of the shop eagerly waiting for Lane to finish off dressing.\n\nLane was disappointed in the choice of James wanting to leave so quickly, she didn\u2019t know if he did not find her attracted at all anymore.\n\n", "ficly_author_avatar_url": "http://cdn.ficly.com/icons/206/avatar.jpg", "ficly_author_nickname": "Francis James", "ficly_story_int": 10695, "ficly_author_url": "http://ficly.com/authors/phantom", "ficly_sequels": [{"ficly_sequel_int": 10696, "ficly_sequel_title": "The Object Of Love Part II", "ficly_sequel_url": "http://ficly.com/stories/10696"}], "ficly_story_title": "The Object Of Love Part I"}