{"ficly_prequels": [{"ficly_prequel_url": "http://ficly.com/stories/10264", "ficly_prequel_title": "Light Blue Jeans (Part 3)", "ficly_prequel_int": 10264}], "ficly_story_url": "http://ficly.com/stories/10265", "ficly_story": "\u201cUm\u2026yeah, I guess,\u201d he shrugged.   She tried to hide her euphoria at his statement. He squeezed her hand, not fooled by her guise.   He finally looked up, meeting her eyes as she stared out at the setting sun.   \u201cThey\u2019re splitting up, my parents.\u201d He whispered, smiling a small, sad smile. \u201cIt\u2019s probably my fault. They were always arguing over things I did.\u201d   \u201cDon\u2019t be ridiculous! That\u2019s not true! But, I\u2019m sorry.\u201d She leant forward and nervously hugged him. He smiled and hugged back.   \u201cThank you for being here; and not laughing at me. My mates just joked about how I should go live with dad because he\u2019ll let me do whatever I want, and then laughed when I cried. I guess I won\u2019t be going back to them.\u201d   \u201cYou know all too well I would never do that. I\u2019ll always be here, waiting for you\u2026even though you will never want me.\u201d She sighed   \u201cI think that it\u2019s time to change your mind.\u201d He stated decisively. And with that he took her hand and walked her home.\n\n", "ficly_author_avatar_url": "http://cdn.ficly.com/icons/1883/avatar.jpg", "ficly_author_nickname": "tinkerbelle", "ficly_story_int": 10265, "ficly_author_url": "http://ficly.com/authors/tinkerbelle", "ficly_sequels": [{"ficly_sequel_int": 10266, "ficly_sequel_title": "Light Blue Jeans (Part 5)", "ficly_sequel_url": "http://ficly.com/stories/10266"}], "ficly_story_title": "Light Blue Jeans (Part 4)"}