{"ficly_prequels": [{"ficly_prequel_url": "http://ficly.com/stories/10678", "ficly_prequel_title": "Normal Girl By Day (II)", "ficly_prequel_int": 10678}], "ficly_story_url": "http://ficly.com/stories/10682", "ficly_story": "What could he possibly be doing here? I know I thought he was young, but _damn_, I didn\u2019t think he was that young. I couldn\u2019t deny those blue eyes or that jet black hair. I have to show around the guy who I gave a blow job to _and_ had sex with anonymously. Bright side of it all, I don\u2019t have to take that quiz.\n\n\u201cI\u2019m Ethan,\u201d he says to me. I wonder if he recognizes me with clothes on.\n\n\u201cHi, I\u2019m Stacie,\u201d I say back politely. Any sarcastic remark could lead him to remember me, \u201cWhy\u2019d you transfer?\u201d\n\n\u201cParents wanted me to get into God more, you know parents. They think I\u2019m really promiscuous,\u201d he says.\n\n\u201cAnd you\u2019re not?\u201d I ask, already knowing the answer.\n\n\u201cI don\u2019t go sleeping around like crazy, but I\u2019ve done it,\u201d he admits. I feel as if he\u2019s sharing this with me like we\u2019ve met before and I don\u2019t want that feeling. Him ever finding out that his Friday night girl was me could be crucial to my reputation.\n\n\u201cThen welcome to St. Mark,\u201d I joke.\n\n\u201cSo you\u2019ve done it?\u201d\n\n\u201cVirgin,\u201d I lie. He doesn\u2019t seem to be buying it.\n\n", "ficly_author_avatar_url": "http://cdn.ficly.com/icons/2392/avatar.jpg", "ficly_author_nickname": "Mr.Gabriel", "ficly_story_int": 10682, "ficly_author_url": "http://ficly.com/authors/mistergabriiel", "ficly_sequels": [{"ficly_sequel_int": 10693, "ficly_sequel_title": "Normal Girl By Day (IV)", "ficly_sequel_url": "http://ficly.com/stories/10693"}], "ficly_story_title": "Normal Girl By Day (III)"}