{"ficly_prequels": [], "ficly_story_url": "http://ficly.com/stories/10443", "ficly_story": "\u201cThis place is still beautiful.\u201d   I looked around. \u201cYeah, I guess it is.\u201d We were sitting on an old fallen log on my parents\u2019 land, amidst a field of tall grass and old trees. It hadn\u2019t meant much to me as a child, but as a young adult just out of college, I had begun to appreciate the beauty in simplicity.   \u201cAlmost as beautiful as you in that dress.\u201d His eyes crinkled with laughter, but he made no sound.   \u201cYou making fun of me?\u201d He shook his head. \u201cWell, you can quit your sweet talking. I won\u2019t go out with you. Even if you are\u2014\u201d   \u201cWhat? Even if I am what?\u201d   I frowned and shook my head. \u201cIrritating. You\u2019re a god damn nuisance, Jim! You always have been.\u201d   Jim scooted closer. \u201cAnd you\u2019ve always liked it. Admit it, Shawna!\u201d He chuckled and moved in to kiss my cheek, but I swiveled at the last second and his lips landed on mine. I jerked away, amazed.   \u201cYou did that on purpose,\u201d I said, as a mischievous smile grew on my face. We laughed as I chased him around the field, secretly planning our next encounter.\n\n", "ficly_author_avatar_url": "http://cdn.ficly.com/icons/1976/avatar.jpg", "ficly_author_nickname": "Mackizme", "ficly_story_int": 10443, "ficly_author_url": "http://ficly.com/authors/mackizme", "ficly_sequels": [{"ficly_sequel_int": 10506, "ficly_sequel_title": "Anticipation", "ficly_sequel_url": "http://ficly.com/stories/10506"}], "ficly_story_title": "A Kiss"}