{"ficly_prequels": [{"ficly_prequel_url": "http://ficly.com/stories/10285", "ficly_prequel_title": "Clearing Up the Confusion", "ficly_prequel_int": 10285}], "ficly_story_url": "http://ficly.com/stories/10586", "ficly_story": "Once it became clear that fear of rejection was at the root of the problem, it didn\u2019t seem like such a big deal after all. So what if he was turned down? He\u2019d finally be able to move on, focus on somebody else. Most important, what if he wasn\u2019t turned down?\n\nHe half expected not to find her there. It was a silly thought, he knew her work schedule by heart already. \u201cListen, uh\u2026 Well, I\u2019m sure you get this all the time, but, uh, wouldyouliketogooutsometime?\u201d\n\n\u201cI\u2019m sorry?\u201d\n\n\u201cWould you like to maybe, uh, get a coffee? Or something?\u201d\n\n\u201cOh!\u201d, she smiled. \u201cYeah, sure.\u201d\n\n\u201cI meant, like, with me.\u201d\n\nHer smile broadened, \u201cI got that.\u201d\n\nAfter her shift ended, they had coffee and talked for hours. He couldn\u2019t believe how easy it was to talk to her. It felt like they\u2019d known each other forever, and seemed only natural that she\u2019d invite him over after the coffee house closed.\n\nWhen his mutilated body washed up next day, the police were unable to identify what animal had attacked him, but dismissed the case as an accident.\n\n", "ficly_author_avatar_url": "http://cdn.ficly.com/icons/1731/avatar.jpg", "ficly_author_nickname": "maidden", "ficly_story_int": 10586, "ficly_author_url": "http://ficly.com/authors/maidden", "ficly_sequels": [], "ficly_story_title": "No More Confusion"}