{"ficly_prequels": [{"ficly_prequel_url": "http://ficly.com/stories/9994", "ficly_prequel_title": "Girl Inside My Head", "ficly_prequel_int": 9994}], "ficly_story_url": "http://ficly.com/stories/10014", "ficly_story": "My memories were a bit blurry when I woke up, but not so blurry I couldn\u2019t remember the broad, uh, _strokes_. As I drew water and shaved, I turned my attention inward, to where Jackie was sleeping on the couch. She looked happy.\n\nI was glad of that\u2014and that she was sleeping. Geas or not, I was going to have to go to school today. What if she decided to get\u2026affectionate?\n\nBut fortunately, nothing like that happened. I sat through class after class, took my random scribbles of notes\u2026then on the way home I noticed I was actually thinking about the lessons, and remembering what they had been about, better than I had before.\n\nWhen I got home, I looked inward again. The attic was\u2026tidy. Everything was sorted and organized. There was a ladder down, too; I took it and found myself in a house that I was sure hadn\u2019t been there before.\n\nAnd there a big room full of bookshelves, with Jackie shelving\u2026wearing glasses and a dowdy \u201clibrarian\u201d dress. \u201cOh, hi! Hope you don\u2019t mind\u2014I\u2019ve just been organizing your thoughts.\u201d\n\n", "ficly_author_avatar_url": "http://cdn.ficly.com/icons/17/toonrmicon.jpg", "ficly_author_nickname": "Robotech_Master", "ficly_story_int": 10014, "ficly_author_url": "http://ficly.com/authors/robotech_master", "ficly_sequels": [], "ficly_story_title": "An Organized Mind"}