{"ficly_prequels": [{"ficly_prequel_url": "http://ficly.com/stories/10418", "ficly_prequel_title": "Earth in the Balance", "ficly_prequel_int": 10418}], "ficly_story_url": "http://ficly.com/stories/10766", "ficly_story": "The alien\u2019s communicator beeped.\n\n_Radio waves? How primitive._\n\nThe audio that played through his glove\u2019s speaker was translated automatically. A message of anger, of revenge, of hatred. The newly elected Earth Leader wanted the alien to leave, and to leave now.\n\nThe alien drew its tongues back into its mouth. So much for cooperative little humans. He didn\u2019t bother with a reply, choosing instead to desert them. He was maybe three light-years away when he realized\u2026 _how did they know an alien was there?_\n\nHe reversed his speed, coming to a stop just outside the asteroid belt. Looking for something\u2026 some clue, some manner by which the filthy humans could have known.\n\n_Outside interference?_ He wasn\u2019t sure. But the scanner on his glove showed no signs of life. Looks like the other species had ruled the Sol system out of their plans. He was warming up his transport when the screen on his glove flickered.\n\n**UNIDENTIFIED OBJECT FOUND.**\n\nA button press gave him the terrible truth:\n\n**LOCATION\u2026 SOL:VENUS.**\n\n", "ficly_author_avatar_url": "http://cdn.ficly.com/icons/2439/avatar.jpg", "ficly_author_nickname": "Sam Ervin", "ficly_story_int": 10766, "ficly_author_url": "http://ficly.com/authors/samervin", "ficly_sequels": [], "ficly_story_title": "Found"}