{"ficly_prequels": [{"ficly_prequel_url": "http://ficly.com/stories/10721", "ficly_prequel_title": "Searching for my Inner Lost Girl....", "ficly_prequel_int": 10721}], "ficly_story_url": "http://ficly.com/stories/10722", "ficly_story": "Maybe I spent too much of my 20\u2019s in my own personal Neverland, refusing to grow up. An unexpected pregnancy thrusted me out into the real world pretty quick. For a while I was content to explore this new adventure. But lately I have been looking for my shadow, not unlike Peter Pan, missing my beloved past times and adventures. A shadow of my former self.\n\nI know my shadow\u2019s name \u2013 \u201cBridgett\u201d. She is the general of armies and a soulful poet. She takes up her pen for the cause and dances as a way of life. Bridgett\u2019s not perfect \u2013 she\u2019s moody, irrational, and prone to releasing the waterworks and has a wee bit of a temper. But her purity makes her lovable to all that know her. She giggles behind her hand and blushes at risqu\u00e9 jokes. She\u2019s shy with strangers and tends to hide behind the person she trusts.\n\n", "ficly_author_avatar_url": "http://cdn.ficly.com/icons/1839/avatar.jpg", "ficly_author_nickname": "piraterose", "ficly_story_int": 10722, "ficly_author_url": "http://ficly.com/authors/piraterose", "ficly_sequels": [{"ficly_sequel_int": 10723, "ficly_sequel_title": "Searching for my Inner Lost Girl.... III", "ficly_sequel_url": "http://ficly.com/stories/10723"}], "ficly_story_title": "Searching for my Inner Lost Girl.... II"}