{"ficly_prequels": [], "ficly_story_url": "http://ficly.com/stories/10184", "ficly_story": "Alice took advantage of Gary not remembering anything.She convinced Gary she was his girlfriend. That meant war to Janie! Gary had just promised Janie that is they were still dating at age 21 he would marry her. He had just told her he loved her! It was not all going to go down hill now!\n\nIf she could figure out away to even talk to Gary maybe she could make him remember! But Alice was keeping him away. Gary does not have a family. Well he does but he doesn\u2019t like them. Like his father was abusive his mother is nice but kind of crazy! His little sister hated him. I could not go to his house because his family hated me because I hung out with Gary to much. How was i Suppose to do this?\n\n", "ficly_author_avatar_url": "http://cdn.ficly.com/icons/1783/avatar.jpg", "ficly_author_nickname": "Tamara G", "ficly_story_int": 10184, "ficly_author_url": "http://ficly.com/authors/tamaragebert", "ficly_sequels": [{"ficly_sequel_int": 10153, "ficly_sequel_title": "Janie contiued", "ficly_sequel_url": "http://ficly.com/stories/10153"}], "ficly_story_title": "JANIE CONTINUED...2"}