{"ficly_prequels": [], "ficly_story_url": "http://ficly.com/stories/10886", "ficly_story": "As the wheels hit the runway, she felt nervous, beyond anything she\u2019d ever felt before. She\u2019d come this far, more than two thousand miles on this last leg of the trip alone, to try to find someone who didn\u2019t want to be found. And yet she knew, more surely than she knew her own name, that he was here in Mexico City, and he\u2019d be happy to see her once he figured it out, once she explained \u2026\n\nShe was so lost in her thoughts that she didn\u2019t even know the plane had landed. The flight attendant tapped her shoulder, looking confused. \u201cSe\u00f1ora? Hemos aterrizado en la Ciudad, necesamos que Usted salir el avi\u00f3n, por favor.\u201d\n\n\u201cNo hablo espa\u00f1ol,\u201d she replied. This was not especially true, but she didn\u2019t want to risk being distracted by the flight attendant as she began gathering her luggage.\n\n", "ficly_author_avatar_url": "http://ficly.com/images/icons/avatar.jpg", "ficly_author_nickname": "Phoenix", "ficly_story_int": 10886, "ficly_author_url": "http://ficly.com/authors/phoenixv07", "ficly_sequels": [{"ficly_sequel_int": 10888, "ficly_sequel_title": "Revenge of Seth", "ficly_sequel_url": "http://ficly.com/stories/10888"}], "ficly_story_title": "A New Hope"}