{"ficly_prequels": [], "ficly_story_url": "http://ficly.com/stories/10388", "ficly_story": "I don\u2019t know if I can take it   I don\u2019t have what it takes to make it   I would rather run away   Please, don\u2019t make me stay\n\nIt hurts me so deeply   Can\u2019t you hear me pleading?   I beg of you release me   It might already be too late\u2026\n\nI don\u2019t appreciate   The things I\u2019ve inflicted upon myself   Wounds torn open with others help   Stop this internal bleeding\n\nAnd still I find no escape   Its easy for one heart to hate   I was right it _is_ too late\n\nThis dripping, deep, corrosive dark   Has already consumed my heart   _And there\u2019s nothing left to do_\n\n", "ficly_author_avatar_url": "http://cdn.ficly.com/icons/24/amj.jpg", "ficly_author_nickname": "Lone Writer", "ficly_story_int": 10388, "ficly_author_url": "http://ficly.com/authors/lonewriter", "ficly_sequels": [{"ficly_sequel_int": 10404, "ficly_sequel_title": "Needing To Live, Wanting To Die", "ficly_sequel_url": "http://ficly.com/stories/10404"}], "ficly_story_title": "It's Already Too Late"}