{"ficly_prequels": [{"ficly_prequel_url": "http://ficly.com/stories/10231", "ficly_prequel_title": "Fitting In is gone for good", "ficly_prequel_int": 10231}], "ficly_story_url": "http://ficly.com/stories/10240", "ficly_story": "I sorry to say that im ending this series do to the fact that i hate this story ive writen\n\n", "ficly_author_avatar_url": "http://cdn.ficly.com/icons/2759/avatar.jpg", "ficly_author_nickname": "Be.a.teenage.Dream.Tonight&lt;3", "ficly_story_int": 10240, "ficly_author_url": "http://ficly.com/authors/user-1960", "ficly_sequels": [{"ficly_sequel_int": 10273, "ficly_sequel_title": "Fitting in is gone for good", "ficly_sequel_url": "http://ficly.com/stories/10273"}], "ficly_story_title": "Fitting In is gone for good"}