{"ficly_prequels": [{"ficly_prequel_url": "http://ficly.com/stories/10892", "ficly_prequel_title": "Not Good", "ficly_prequel_int": 10892}], "ficly_story_url": "http://ficly.com/stories/10896", "ficly_story": "She heard a car start as she got out of the cab, but she ignored this sound, as she did the group of rough-looking men moving quickly into a side alley. The cabbie had told her that the Laughing Man was a tall, thin man who was probably heavily armed. A man on the side of the street, neither tall nor thin, glared at her. \u201cOye, chica! Qu\u00e9 necesita?\u201d   She turned to answer him, but was not able to get the sentence started before she heard a crash and a scream behind her. She went to turn, but tripped and fell hard.   As she stood, she looked into the alley to a horrible accident. A car had driven into a crowd of people! She ran across the street, dodging traffic, to see if she could help, but stopped short as soon as she entered the alley. That one body, those were clear gunshot wounds. \u201cCars don\u2019t shoot guns,\u201d she thought, and then she recognized the guns, the face \u2026 the man. This was the Laughing Man. Shot \u2026 then run over. All her efforts for nothing. She grabbed the driver\u2019s collar as he got out of the car.\n\n", "ficly_author_avatar_url": "http://ficly.com/images/icons/avatar.jpg", "ficly_author_nickname": "Phoenix", "ficly_story_int": 10896, "ficly_author_url": "http://ficly.com/authors/phoenixv07", "ficly_sequels": [{"ficly_sequel_int": 10898, "ficly_sequel_title": "Mustn't remember", "ficly_sequel_url": "http://ficly.com/stories/10898"}], "ficly_story_title": "The end of the desperado"}