{"ficly_prequels": [{"ficly_prequel_url": "http://ficly.com/stories/10358", "ficly_prequel_title": "Just another day in paradise #2", "ficly_prequel_int": 10358}], "ficly_story_url": "http://ficly.com/stories/10359", "ficly_story": "I walked into my school\u2019s giantic diner themed cafeteria. I walked over to the booth in the corner, my usual table. Callie and Melanie were already there. I slid in next to them while we waited for Alex, and Brooke to join us before we started out gossip. I started eating my salad while I popped my bottle of sprite.   \u201cSo guys,\u201d I chatted when everyone was there, \u201cWhat are we gonna do today?\u201d   These were my best friends in the entire world. The best part was, they were my friends before I was rich, which showed they were my true friends.   We lived in Calefornia, where all the action was, so we could basically do anything we wanted.   \u201cLets try and stalk Justin Bieber!\u201d Brooke suggested.   \u201cUgh, no way, I HATE him.\u201d   \u201cHow could you hate him? Hes amazing!\u201d Alex chimmed in.   \u201cAnd gorgeous!\u201d Callie added.   I shrugged. \"Yeah, I guess. But he seems soooo concieted. \"   And with that we were off the topic.\n\n", "ficly_author_avatar_url": "http://cdn.ficly.com/icons/2443/avatar.jpg", "ficly_author_nickname": "just another girl", "ficly_story_int": 10359, "ficly_author_url": "http://ficly.com/authors/user-354", "ficly_sequels": [{"ficly_sequel_int": 10381, "ficly_sequel_title": "Just another day in paradise #4", "ficly_sequel_url": "http://ficly.com/stories/10381"}], "ficly_story_title": "Just another day in paradise #3"}