{"ficly_prequels": [], "ficly_story_url": "http://ficly.com/stories/10262", "ficly_story": "Josh was perfect. Well, not according to \u2018popular\u2019 media, but Abigail sure thought so. He had dark hair that nearly reached his narrow shoulders, a slender but muscular frame and eyes the colour of the ocean on a warm, calm summer\u2019s day. He stood around 5\u20195\u2019\u2019 and always wore light blue jeans with an assortment of different T-shirts.   She fell in love with him when she was 12. Even that young, she knew he was the one. But his best friend, Jono, couldn\u2019t keep a secret; so as soon as Jono knew, so did Josh.   All of a sudden, the silly jokes and cute comments stopped. They were replaced by cold glares and snide remarks.   Abi thought she was going to die. The love of her life couldn\u2019t stand to be around her. He wanted her gone, dead. Every night she cried in bed wishing there was something she could do to change his mind. Abi tried tirelessly time and time again but to no avail.\n\n", "ficly_author_avatar_url": "http://cdn.ficly.com/icons/1883/avatar.jpg", "ficly_author_nickname": "tinkerbelle", "ficly_story_int": 10262, "ficly_author_url": "http://ficly.com/authors/tinkerbelle", "ficly_sequels": [{"ficly_sequel_int": 10263, "ficly_sequel_title": "Light Blue Jeans (Part 2)", "ficly_sequel_url": "http://ficly.com/stories/10263"}], "ficly_story_title": "Light Blue Jeans (Part 1)"}