{"ficly_prequels": [{"ficly_prequel_url": "http://ficly.com/stories/836", "ficly_prequel_title": "What I Did In The War", "ficly_prequel_int": 836}], "ficly_story_url": "http://ficly.com/stories/1095", "ficly_story": "\u201cI told you I didn\u2019t want guns in the house.\u201d It was pointless trying to be mad, after all, a semi-automatic shotgun was exactly what was needed right now.\n\n\u201cWe both know I\u2019m going to win this argument so lets not waste time. You take the kids through to the other room while I take care of dead and deader out front.\u201d\n\n\u201cAre you sure? When was the last time you even fired that? We aren\u2019t as young or fit as we were 18 years ago.\u201d\n\n\u201cYou saying I\u2019m fat!\u201d\n\nI decided to relent and led the kids into the kitchen, accompanied by a stream of questions from them that I was choosing to ignore. \u201cOk, your mother and I didn\u2019t meet on holiday in Greece, we met during a Zombie apocalypse in London.\u201d\n\nJust as I finished speaking we heard two gunshots, and shortly afterwards my wife joined us in the kitchen. \u201cI\u2019ve dealt with the two outside, but I thought I could see more of them at the end of the road, lets follow dad\u2019s advice and head to the base. However much you resent the military it is the safest place right now.\u201d\n\n", "ficly_author_avatar_url": "http://cdn.ficly.com/icons/354/avatar.jpg", "ficly_author_nickname": "Russell Ruffino", "ficly_story_int": 1095, "ficly_author_url": "http://ficly.com/authors/ruffino", "ficly_sequels": [], "ficly_story_title": "How I Met Your Mother"}