{"ficly_prequels": [{"ficly_prequel_url": "http://ficly.com/stories/10201", "ficly_prequel_title": "Diary of Three Friends 3", "ficly_prequel_int": 10201}], "ficly_story_url": "http://ficly.com/stories/10203", "ficly_story": "\u201cLiz you know I can Pay for you. It\u2019s not a big deal! And Anyways, Your mom has money. Your not really that poor.\u2018\u2019   \u2019\u2019Your right. I have some money left over from last weeks Allowance!\u2018\u2019   \u2019\u2019There you goo!\u2018\u2019   Norman pulled into Maddies driveway. The Skinny, Average sixed, brunnette Hopped in the seat next to Liz.   \u2019\u2019 Hey Dani! Tell me everything!\u2018\u2019   \u2019\u2019Well the movie stunk but, He\u2019s so hott.\u2018\u2019   \u2019\u2019What did he wear?\u2018\u2019 Liz asked.   \u2019\u2019He had those grey Shorts on with his Black football tee. And His Hair was loose like always.\u2018\u2019 I was telling them.   \u2019\u2019How bout you?\u2018\u2019 Maddie said.   \u2019\u2019I had My skinny jeans on from Hollister and My Aeropostale White Zip-up. The Pink Abercrombie tee. My hair was straightned and a peice pulled back.\u2018\u2019   \u2019\u2019Gorgeous\u2019\u2019 Liz replied.   Norman Drived up to the school and let us out.\n\n", "ficly_author_avatar_url": "http://cdn.ficly.com/icons/2213/avatar.jpg", "ficly_author_nickname": "\u2665I.Wont.Apologize.Pick.Me.........\u2665", "ficly_story_int": 10203, "ficly_author_url": "http://ficly.com/authors/bieberbabe24", "ficly_sequels": [{"ficly_sequel_int": 10246, "ficly_sequel_title": "Diary Of 3 friends 5", "ficly_sequel_url": "http://ficly.com/stories/10246"}], "ficly_story_title": "Diary of three friends 4"}