{"ficly_prequels": [{"ficly_prequel_url": "http://ficly.com/stories/10211", "ficly_prequel_title": "DTA Exemption", "ficly_prequel_int": 10211}], "ficly_story_url": "http://ficly.com/stories/10789", "ficly_story": "By the time they got back to headquarters, the Loaner was ready, and Josh couldn\u2019t resist a chuckle.\n\n\u201cSomehow, I was expecting a Yugo.\u201d\n\n\u201cNo, we aren\u2019t that cruel.\u201d a technician replied as she inserted the holocube into the waiting socket. Fox came to life once more with a groan.\n\n\u201cWell, look at it this way, at least it\u2019s a pretty car under all the rust, and it\u2019s GOT to be more reliable than the car that it\u2019s meant to look like. There\u2019s no way they\u2019d give someone a body with seventies Lancia reliability.\u201d he quipped, as he slid into the driver\u2019s seat of Fox\u2019s new body.\n\n\u201cIt\u2019s a rustbucket!\u201d Fox snapped in reply. The low-slung car was dented and dinged, every panel perforated with rust, but at least after a ripple, the paint had gone to Fox\u2019s signature silver, if faded.\n\n\u201cIt\u2019s a Lancia Beta Montecarlo, otherwise known as the Scorpion. Styling by Pininfarina, just like a Ferrari. If only they hadn\u2019t made them out of cheapo Soviet steel. So, what now, we put this thing through it\u2019s paces, see what it can do?\u201d\n\n", "ficly_author_avatar_url": "http://cdn.ficly.com/icons/1586/avatar.jpg", "ficly_author_nickname": "Cossy", "ficly_story_int": 10789, "ficly_author_url": "http://ficly.com/authors/cossy", "ficly_sequels": [{"ficly_sequel_int": 13498, "ficly_sequel_title": "Welcome to Cra-a-a-a-azy Aegis's Used Car Lot!", "ficly_sequel_url": "http://ficly.com/stories/13498"}], "ficly_story_title": "Into Body Experience"}