{"ficly_prequels": [{"ficly_prequel_url": "http://ficly.com/stories/10307", "ficly_prequel_title": "Just a typical girl 3", "ficly_prequel_int": 10307}], "ficly_story_url": "http://ficly.com/stories/10308", "ficly_story": "I walked in to math and he was there, in my usual seat. I grabbed the set next to him.   \u2018\u2019Hey Justin.\u2019\u2019 I said.   \u2018\u2019Hey Izzy. Can you tell me what I need for this class?\u2019\u2019   \u2018\u2019Just a notebook. And a pencil.\u2019\u2019 He wrote that down.   \u2018\u2019Good Morning Boy and girls. We have a new student. I\u2019m sure you all heard of him. Justin Bieber.\u2018\u2019 She pointed to Justin and he smiled. \u2019\u2019Please fisnish copying dont the homework then see if you can do the do now.\u2019\u2019 Mrs. knoth said.\n\nFinally it way 6th period. I was on my way to lunch with Lexa.   \u2018\u2019I saw him!!\u2019\u2019 Lexa Announced.   \u2018\u2019So did I. He knows my name!\u2019\u2019 I said. We sat down at the lunch table and began to talk. I was watching the door to see if her was in this lunch period. I watched and watched. He wasent in this period. I started to join the conversation.   \u201cDid you see Adams haircut?! Its so hott!\u2018\u2019 Gabby said.   \u2019\u2019Adam Jerry?\u2018\u2019 Rachel asked.   \u2019Yea!\u2019\u2019   I started to daze off. Then, I saw him.\n\n", "ficly_author_avatar_url": "http://cdn.ficly.com/icons/2213/avatar.jpg", "ficly_author_nickname": "\u2665I.Wont.Apologize.Pick.Me.........\u2665", "ficly_story_int": 10308, "ficly_author_url": "http://ficly.com/authors/bieberbabe24", "ficly_sequels": [{"ficly_sequel_int": 10309, "ficly_sequel_title": "Just a typical girl 5", "ficly_sequel_url": "http://ficly.com/stories/10309"}], "ficly_story_title": "Just a typical girl 4"}