{"ficly_prequels": [{"ficly_prequel_url": "http://ficly.com/stories/10445", "ficly_prequel_title": "Worry's Worries", "ficly_prequel_int": 10445}], "ficly_story_url": "http://ficly.com/stories/10449", "ficly_story": "Confidence\u2019s hand is warm, and Fear\u2019s hand is ice cold, but both send chills down my spine.\n\n\u201cYou\u2019re totally overlooking it, James. Come on. Worry is just trying to\u2026 worry you,\u201d Confidence tries to convince me.\n\n\u201cWhat if you\u2019re not overlooking it? What if Worry is right?\u201d Fear also tries to convince me. I\u2019m not sure what to do, but not too unsure that Uncertainty decides to pop up. The bell, finally, _finally_ rings and I rush out the classroom.\n\n\u201cAsk her, just to prove me right,\u201d Confidence pleads.\n\n\u201cAnd make a fool of yourself?\u201d Fear inserts. I try to tune them both out and figure it out on my own, without my emotions\u2019 influence. Emily follows next to me and smiles.\n\n\u201cSo what time tomorrow, James?\u201d She asks.\n\n\u201cUh\u2014\u201d I look at Confidence and then at Fear, and I figure Fear has won enough, \u201cRight after school sounds about nice.\u201d\n\n\u201cPerfect,\u201d she says and walks away. Thankfully that was the last period, so on my way to my locker, the rarest visitor appears walking by me.\n\nPride.\n\n", "ficly_author_avatar_url": "http://cdn.ficly.com/icons/2392/avatar.jpg", "ficly_author_nickname": "Mr.Gabriel", "ficly_story_int": 10449, "ficly_author_url": "http://ficly.com/authors/mistergabriiel", "ficly_sequels": [{"ficly_sequel_int": 11360, "ficly_sequel_title": "A Prideful Pride", "ficly_sequel_url": "http://ficly.com/stories/11360"}], "ficly_story_title": "Pride's Back"}