{"ficly_prequels": [{"ficly_prequel_url": "http://ficly.com/stories/10980", "ficly_prequel_title": "Then and Now (1)", "ficly_prequel_int": 10980}], "ficly_story_url": "http://ficly.com/stories/10983", "ficly_story": "On the threshold of adulthood your idea of a good friend was the person who was there when you just couldn\u2019t deal with your parents; assured you that now that you and Nick were back together, you could make it through anything; just silently hugged you as you looked through blurry eyes of 18 years of memories, and reassured you that you would make it through college as well as you had these past 18 years; and most importantly sent you off to college knowing you were loved.\n\n", "ficly_author_avatar_url": "http://cdn.ficly.com/icons/1846/avatar.jpg", "ficly_author_nickname": "Amy K", "ficly_story_int": 10983, "ficly_author_url": "http://ficly.com/authors/aek629", "ficly_sequels": [{"ficly_sequel_int": 10984, "ficly_sequel_title": "Now and Then (3)", "ficly_sequel_url": "http://ficly.com/stories/10984"}], "ficly_story_title": "Now and Then (2)"}