{"ficly_prequels": [{"ficly_prequel_url": "http://ficly.com/stories/10942", "ficly_prequel_title": "Marx", "ficly_prequel_int": 10942}], "ficly_story_url": "http://ficly.com/stories/10943", "ficly_story": "\u201cChill, Jace.\u201d Ember stretches her long, bony feet out even further, touching the side of the car.\n\n\u201cI can\u2019t very well chill with your wet feet in my lap, Ember.\u201d I glare at her and she looks out through her long red dreadlocks to glare back.\n\n\u201cMERGE!\u201d blasts out Marx happily.\n\n\u201cBe quiet, everyone!\u201d admonishes dad from the driver\u2019s seat. \u201cWe\u2019re almost there.\u201d\n\n\u201cOh, thank GOD.\u201d Sighs Christian from the backseat. \u201cI can\u2019t TAKE this much longer.\u201d\n\n\u201cYou,\u201d shoots out Ember, waving her nailbrush for emphasis, \u201care a narc.\u201d\n\n\u201cAnd a total drama queen.\u201d I add, rolling my eyes. The day Christian gets off his high horse and acknowledges that the world does not revolve around him will be the day the Pope marries Madonna and goes to live in the Space Station. Which is not likely to be anytime soon.\n\n\u201cI said quiet!\u201d snaps Dad. \u201cGrace? Back me up here?\u201d\n\n", "ficly_author_avatar_url": "http://cdn.ficly.com/icons/2978/avatar.jpg", "ficly_author_nickname": "Insert Pen Name Here", "ficly_story_int": 10943, "ficly_author_url": "http://ficly.com/authors/insertpennamehere", "ficly_sequels": [{"ficly_sequel_int": 10944, "ficly_sequel_title": "Explanation (Ficlet Nirvana)", "ficly_sequel_url": "http://ficly.com/stories/10944"}], "ficly_story_title": "MERGE"}