{"ficly_prequels": [{"ficly_prequel_url": "http://ficly.com/stories/10008", "ficly_prequel_title": "The Ultimate Chronicle - Part 20", "ficly_prequel_int": 10008}], "ficly_story_url": "http://ficly.com/stories/10011", "ficly_story": "\u201cNevermore!\u201d quoth the sinister black blur of Poe\u2019s Ravenchucks. The birds zipped menacingly about the dark room, expertly wielded by Poe\u2019s slender alabaster hands.\n\nBursts of lightning sparked with Lincoln\u2019s deft defensive use of Electromancer Gauntlets. The room flashed white with each clash of arms. The swinging pendulum paused in each electric flash, freezing in a white strobe effect.\n\nLincoln\u2019s gaunt, wiry frame and stovepipe hat appeared in full combat with each illuminating burst of energy. Poe\u2019s emaciated form danced and weaved in the explosions of luminescence, striking out with crowing Ravenchucks. The pair of thin warriors carefully avoided the swinging pendulum, dodging around the bottomless pit, in their dance of destruction.\n\nFinally, a blinding explosion of electricity bounded around the room. The dissipating sparks lit Lincoln as he stood sweating and triumphant over his brother. A cloud of smoking feathers settled upon vanquished Poe\u2019s gasping face.\n\n\u201cNevermore,\u201d quoth a smiling Lincoln.\n\n", "ficly_author_avatar_url": "http://cdn.ficly.com/icons/3041/avatar.jpg", "ficly_author_nickname": "Anonymuncule", "ficly_story_int": 10011, "ficly_author_url": "http://ficly.com/authors/shorthillbilly", "ficly_sequels": [{"ficly_sequel_int": 10612, "ficly_sequel_title": "The Ultimate Chronicle - Part 22", "ficly_sequel_url": "http://ficly.com/stories/10612"}], "ficly_story_title": "The Ultimate Chronicle-Part 21"}