{"ficly_prequels": [{"ficly_prequel_url": "http://ficly.com/stories/10946", "ficly_prequel_title": "We Begged Her to Just Name Him Karl", "ficly_prequel_int": 10946}], "ficly_story_url": "http://ficly.com/stories/10947", "ficly_story": "The thing is, no one in my family is normal. Annemarie, the oldest at 24, is currently in the Australian bush, doing lord knows what before she jets off to Japan next month to teach at a lingual school there. My crazy sister, who left home when I was ten, graduated with honors from Harvard Law School and promptly got a teaching degree and left to teach in a Peruvian elementary school. She\u2019s been jetting around the world ever since, teaching during the year and partying in the summer. I see her for holidays and for a week each summer before she\u2019s gone again.\n\nChristian is a conservative, ultra-preppy, insane anti-thesis of my mother. Born during her devout Christian days, he was raised in a constantly changing household until my dad came along. Maybe that\u2019s why he worships the man- he\u2019s never left home, even though he\u2019s 21, and is now moving with us to finish college at the University of Chicago and intern at Dad\u2019s architecture firm for more \u201clearning time\u201d or, more accurately, \u201cCharlie time\u201d.\n\n", "ficly_author_avatar_url": "http://cdn.ficly.com/icons/2978/avatar.jpg", "ficly_author_nickname": "Insert Pen Name Here", "ficly_story_int": 10947, "ficly_author_url": "http://ficly.com/authors/insertpennamehere", "ficly_sequels": [{"ficly_sequel_int": 10948, "ficly_sequel_title": "Dreading the Change", "ficly_sequel_url": "http://ficly.com/stories/10948"}], "ficly_story_title": "Normal"}