{"ficly_prequels": [{"ficly_prequel_url": "http://ficly.com/stories/10299", "ficly_prequel_title": "Easy Travels, Rough Arrival", "ficly_prequel_int": 10299}], "ficly_story_url": "http://ficly.com/stories/10414", "ficly_story": "\u201cI need my money,\u201d Micah intoned flatly as he shoved another bouncer over the bar.\n\nBenoit tried to push himself farther into the cushions of the booth, \u201cI-it\u2019s not that simple, big guy. You know I\u2019d love to, but, well, you\u2019ve seen _It\u2019s a Wonderful Life_, right? Your money is in Crazy Earl\u2019s strip club, and his money is in Ashy Larry\u2019s dice game.\u201d\n\nMicah stiff-armed another bouncer in the throat and kicked him over while he gagged, \u201cI need my money.\u201d\n\n\u201cY-ya know, to be fair,\u201d Benoit stammered, his throat bulging like a frog in heat as he took nervous gulps of air, \u201cNot a soul in this town thought you\u2019d ever be back, not after that night.\u201d\n\n\u201cI need my money.\u201d No more bouncers came to Benoit\u2019s aid, and Micah brought his considerable hands to rest on the table.\n\n\u201cOkay, okay,\u201d came the reassuring response as Benoit reached his right hand into his gold lam\u00e9 jacket. Micah cocked an eyebrow, and the weasel switched hands to retrieve a wad of bills with left hand.\n\nMicah left singing, \u201c_Money, it\u2019s a crime\u2026_\u201d\n\n", "ficly_author_avatar_url": "http://cdn.ficly.com/icons/29/AHFL_icon.JPG", "ficly_author_nickname": "THX 0477", "ficly_story_int": 10414, "ficly_author_url": "http://ficly.com/authors/thx0477", "ficly_sequels": [{"ficly_sequel_int": 10498, "ficly_sequel_title": "Nothing Special About Revenge", "ficly_sequel_url": "http://ficly.com/stories/10498"}], "ficly_story_title": "Getting to the Root of All"}