{"ficly_prequels": [{"ficly_prequel_url": "http://ficly.com/stories/10951", "ficly_prequel_title": "Across The Mediterranean", "ficly_prequel_int": 10951}], "ficly_story_url": "http://ficly.com/stories/10953", "ficly_story": "Two days later, tensions were a bit higher. \u201cRemind me why we can\u2019t just land this thing in Mexico?\u201d Janus asked crossly.\n\nLauren raised her eyebrows. \u201cCarmen told us, Mexican customs will be watching for it. If we try to take it directly into a port there, we\u2019ll end up in a Mexican jail. And I do believe you\u2019ve heard the stories about Mexican jails.\u201d\n\nJanus did not look convinced, but didn\u2019t raise the subject again. And before nightfall, the ship landed in her destination. The crate again earned Lauren and Janus a few odd looks, but not many. Lauren thought that perhaps the people here were just a bit more used to strange crates in transit, given the city\u2019s and the country\u2019s reputations. _Although,_ she thought amusedly, _I bet even they\u2019ve never had anything like this come through._\n\nThe customs official here had merely waved them through, so it was now a matter of smuggling the item through five different countries. \u201cEasy as pie,\u201d Lauren said aloud, earning her a strange expression from Janus.\n\n", "ficly_author_avatar_url": "http://ficly.com/images/icons/avatar.jpg", "ficly_author_nickname": "Phoenix", "ficly_story_int": 10953, "ficly_author_url": "http://ficly.com/authors/phoenixv07", "ficly_sequels": [{"ficly_sequel_int": 10954, "ficly_sequel_title": "He could stop them", "ficly_sequel_url": "http://ficly.com/stories/10954"}], "ficly_story_title": "Questions of Cartagena."}