{"ficly_prequels": [{"ficly_prequel_url": "http://ficly.com/stories/100", "ficly_prequel_title": "Mischief", "ficly_prequel_int": 100}], "ficly_story_url": "http://ficly.com/stories/101", "ficly_story": "**Elise**\n\nA quiet, bright meadow- a deep blue stream. The gentle breeze running its fingers through the wildflowers. Jewel-bright butterflies circling lazily in patches of sunlight. A small deer picked its way daintily through the grasses, its intelligent eyes softly taking in the scene. A small, white figure sat on the hill- the deer trotted shyly over and nudged its shining nose into the girl\u2019s shoulder.\n\nElise started, drawn out of her dreamy reverie by the cold nose against her skin. She smiled when she saw the deer and gave it a pat and a few kind words. Then she stood and stretched, her bones cracking pleasantly. She was tall and willowy, with pale, freckled skin and long white-blond hair. Her face was pert and dainty, sporting a snub nose and round, rosy lips. She wore a simple white dress that left her shoulders bare and no shoes. Her appearance gave the overall impression of a delicate feather, torn tragically off the wing of some heaven-sent dove to fall slowly back to earth with graceful sadness.\n\n", "ficly_author_avatar_url": "http://cdn.ficly.com/icons/2978/avatar.jpg", "ficly_author_nickname": "Insert Pen Name Here", "ficly_story_int": 101, "ficly_author_url": "http://ficly.com/authors/insertpennamehere", "ficly_sequels": [{"ficly_sequel_int": 103, "ficly_sequel_title": "Frustration", "ficly_sequel_url": "http://ficly.com/stories/103"}], "ficly_story_title": "Elise"}