{"ficly_prequels": [{"ficly_prequel_url": "http://ficly.com/stories/9979", "ficly_prequel_title": "The Ultimate Chronicle - Part 19", "ficly_prequel_int": 9979}], "ficly_story_url": "http://ficly.com/stories/10008", "ficly_story": "\u201cCongratulations on defeating your shadow, Musashi-san,\u201d said Lincoln, bowing.\n\n\u201cAnd congratulations to you on defeating Archimedes\u2019 terrifying death machine, Mr. President,\u201d replied Musashi, returning Lincoln\u2019s bow.\n\nSuddenly there was a great noise like rushing water and all of space-time seemed to revolve in a giant whirlpool. A man with a large forehead, black mustache, and black coat stood before them.\n\n\u201cTime/Space Poe!\u201d exclaimed Lincoln.\n\n\u201cIt is time I joined your motley collective,\u201d said Poe. \u201cBut first, you must defeat me in single combat!\u201d\n\n\u201cI accept your challenge!\u201d said Lincoln, and he and Poe were transported to a dark room with a hole in the floor and a blade swinging from the ceiling. Time/Space Poe pulled out his weapon: two black birds attached to each other with a short length of chain.\n\n\u201cDo you like my raven-chucks? Baron von Munchausen made them for me,\u201d said Poe. \u201cKnow this, Space/Time Lincoln: I will be your greatest challenge, for _I am your brother_!\u201d\n\n", "ficly_author_avatar_url": "http://cdn.ficly.com/icons/3407/avatar.jpg", "ficly_author_nickname": "cthulhuburger", "ficly_story_int": 10008, "ficly_author_url": "http://ficly.com/authors/cthulhuburger", "ficly_sequels": [{"ficly_sequel_int": 10011, "ficly_sequel_title": "The Ultimate Chronicle-Part 21", "ficly_sequel_url": "http://ficly.com/stories/10011"}], "ficly_story_title": "The Ultimate Chronicle - Part 20"}