{"ficly_prequels": [], "ficly_story_url": "http://ficly.com/stories/10330", "ficly_story": "The pulse whistled through the air, unaffected by any outside force. Like smoke in the wind it glided through all obstacles, continuing onward in a continuous flow of energy. The green-tinted mist rappelled across rocks, swam through oceans, and flew through clouds in search of its final destination.\n\nImprinted in its pseudo-mass, the \u201cfingerprints\u201d of all it had passed through. Biological reproductions, accurate schematics. Exabytes of information. A thin path cut through the earth, a definite swath encompassing large amounts of space.\n\nThe mist flew toward the glove of a\u2026 _thing._ It wasn\u2019t quite human, but close. It floated thousands of miles above Earth, watching and waiting for its servant to return.\n\nThe mist reached its destination. It dissolved into the being\u2019s glove, and a screen flickered its message of approval.\n\nThe being smiled, flicking its tongues into the air. It pressed a button on its glove, and a screen appeared, asking confirmation. Another button press.\n\nThen the Earth shook.\n\n", "ficly_author_avatar_url": "http://cdn.ficly.com/icons/2439/avatar.jpg", "ficly_author_nickname": "Sam Ervin", "ficly_story_int": 10330, "ficly_author_url": "http://ficly.com/authors/samervin", "ficly_sequels": [{"ficly_sequel_int": 10418, "ficly_sequel_title": "Earth in the Balance", "ficly_sequel_url": "http://ficly.com/stories/10418"}], "ficly_story_title": "Pulsations"}