{"ficly_prequels": [{"ficly_prequel_url": "http://ficly.com/stories/1094", "ficly_prequel_title": "Mirror", "ficly_prequel_int": 1094}], "ficly_story_url": "http://ficly.com/stories/1079", "ficly_story": "At first he thought someone poisoned him. Maybe it was some kind of psychotic drug that was making him see things, or not see things. He checked his pulse. He didn\u2019t feel sick or drowsy. In fact he felt completely normal. He felt exactly the same way he had a minute ago when the airport was filled with people. He looked at his watch, less than a minute had passed since they were there. And now they were gone, all of them, all but him.\n\n", "ficly_author_avatar_url": "http://cdn.ficly.com/icons/2331/avatar.jpg", "ficly_author_nickname": "Thirteen", "ficly_story_int": 1079, "ficly_author_url": "http://ficly.com/authors/user-590", "ficly_sequels": [{"ficly_sequel_int": 1084, "ficly_sequel_title": "Airport pt 2", "ficly_sequel_url": "http://ficly.com/stories/1084"}], "ficly_story_title": "Our house is glass."}