{"ficly_prequels": [], "ficly_story_url": "http://ficly.com/stories/10281", "ficly_story": "I was the new girl and didn\u2019t know anyone. I was afraid. What should I do or say? Would the other kids like me? And than there she was a nice girl. She was really short and stubby. Her hair was brown and totally wild. She came up to me and said hi. She asked me if I wanted to be her friend. She liked a lot of weird things, but I was number one weird. Some of our other friends faded over the years, but not us. She a little eccentric, but that\u2019s my best friend.\n\n", "ficly_author_avatar_url": "http://cdn.ficly.com/icons/2234/avatar.jpg", "ficly_author_nickname": "Desdemona", "ficly_story_int": 10281, "ficly_author_url": "http://ficly.com/authors/dark-angel", "ficly_sequels": [{"ficly_sequel_int": 15489, "ficly_sequel_title": "My Best Friend and Me", "ficly_sequel_url": "http://ficly.com/stories/15489"}], "ficly_story_title": "Friends Forever"}