{"ficly_prequels": [{"ficly_prequel_url": "http://ficly.com/stories/10343", "ficly_prequel_title": "A Battle Even Confidence Would Have Trouble Winning", "ficly_prequel_int": 10343}], "ficly_story_url": "http://ficly.com/stories/10350", "ficly_story": "I sit down in class, and thank God for assigned seats, because mine is all the way in the back. Confidence and the Negative Emotions argue to the death right in front of me, which I must admit does keep me entertained.\n\n\u201cEmily totally likes us! We\u2019re cool, hot and funny, Emily _can\u2019t_ not like us,\u201d Confidence battles.\n\n\u201cAre we sure?\u201d Doubt and Uncertainty fight back.\n\n\u201cWhat if she\u2019s trying to let us down nicely?\u201d Confusion asks, which is all he ever does.\n\n\u201cWhat if we\u2019re going too fast and we mess everything up?\u201d Fear suggests.\n\n\u201cYes, we\u2019re sure! We\u2019ve got this! So shut up!\u201d Confidence yells, but my Emotions and I are the only ones who can hear him, \u201cLook, she\u2019s passing us a note! She\u2019s gonna say yes!\u201d\n\n\u201cConfidence, don\u2019t imitate Hope, she isn\u2019t here,\u201d Reality suddenly appears, \u201cshe\u2019s probably just letting him down easy.\u201d\n\n\u201cYou know he\u2019s right, James,\u201d Fear chimes in. Fear, of course, has me there. Confidence is losing this battle and when the note gets to me.\n\nThe moment of truth arrives.\n\n", "ficly_author_avatar_url": "http://cdn.ficly.com/icons/2392/avatar.jpg", "ficly_author_nickname": "Mr.Gabriel", "ficly_story_int": 10350, "ficly_author_url": "http://ficly.com/authors/mistergabriiel", "ficly_sequels": [{"ficly_sequel_int": 10405, "ficly_sequel_title": "Moment of Happiness or Worry?", "ficly_sequel_url": "http://ficly.com/stories/10405"}], "ficly_story_title": "An Emotional Battle"}