{"ficly_prequels": [{"ficly_prequel_url": "http://ficly.com/stories/10770", "ficly_prequel_title": "Calendar of a Blind man...", "ficly_prequel_int": 10770}], "ficly_story_url": "http://ficly.com/stories/10771", "ficly_story": "November 7th: John has a terrible dream. He cries like a baby for two hours. The doctor says: \u201cHe\u2019s too weak, I\u2019m afraid. I still think he won\u2019t live out the month.\u201d\n\nNovember 8th: Sophie visits. John remembers when her mother was a child and wishes he could see her all grown up\u2026his little girl. He cannot see her sobbing quietly in the grounds later. He cannot see anything.\n\nNovember 9th: John\u2019s birthday. The nurses bake him a cake and he likes it. He can\u2019t count the candles, of course. But he wouldn\u2019t want to. It smells of violets and fresh cream. Memories.\n\nNovember 10th: Someone tells John the date and he does not talk for a while. He had forgotten. He remembers the snow and the rats and the gunfire. He cries again.\n\nNovember 11th: John does not talk. He holds his poppy and waters it with tears. John listens to the memorial program from his rooms \u2013 but he\u2019s far away.\n\nNovember 12th: John catches a cold and stays in bed. He listens to the birds from under the blankets and tries to remember their names.\n\n", "ficly_author_avatar_url": "http://cdn.ficly.com/icons/4271/avatar.jpg", "ficly_author_nickname": "Abby (LoA)", "ficly_story_int": 10771, "ficly_author_url": "http://ficly.com/authors/abbywall", "ficly_sequels": [{"ficly_sequel_int": 10773, "ficly_sequel_title": "Calendar of a Blind man...part 3", "ficly_sequel_url": "http://ficly.com/stories/10773"}], "ficly_story_title": "Calendar of a Blind man...part 2"}