{"ficly_prequels": [], "ficly_story_url": "http://ficly.com/stories/10998", "ficly_story": "Everyday I watched this man. He would walk around the whole length of the city. He always would seem to be mumbling. Why he was mumbling? No one ever knew. Except me.\n\nThis man was the guardian of our city.\n\nThis man was the guardian that prayed.\n\nHave you ever read a bible? If you haven\u2019t you should, it\u2019s a great book but I don\u2019t beleive it\u2019s a story. In the bible God gave Samson great power to protect his people. He gave other prophets power too.\n\nThis man was sent by god.\n\nBut why does our city need protectecting you ask?   Because we are in the middle of a warzone. The Supreme Monarch of our country has declared war on the indians. Before he was letting us live peacefully on our reserves; But now he\u2019s killing all the tribes.\n\nAltogther our tribes would have won the war.\n\nBut he attacked us all seperately, and left no survivors to warn the other tribes.\n\nAs the great book says \u201cA house divided cannot stand.\u201d\n\n**But who wants to stand?**\n\nEven when crippled in combat this tribe will still fight.\n\nWE WILL WIN!\n\n", "ficly_author_avatar_url": "http://cdn.ficly.com/icons/1017/avatar.jpg", "ficly_author_nickname": "The Silence [All By Myself] {LoA}", "ficly_story_int": 10998, "ficly_author_url": "http://ficly.com/authors/silentstorm", "ficly_sequels": [{"ficly_sequel_int": 11000, "ficly_sequel_title": "The Problem with the Indians", "ficly_sequel_url": "http://ficly.com/stories/11000"}], "ficly_story_title": "The Man in the Black Cloak"}