{"ficly_prequels": [{"ficly_prequel_url": "http://ficly.com/stories/7389", "ficly_prequel_title": "Overstimulated (an xkcd tribute)", "ficly_prequel_int": 7389}], "ficly_story_url": "http://ficly.com/stories/10458", "ficly_story": "Before leaving, I stop into the bathroom to splash some cold water in my face. I take a deep, shuddering breath and work the water into my skin. The callouses on my fingers grind against my weekend beard. I look up and see a single little vein creeping across my left eye. I really am tired.\n\nI grab my jacket and work my way through the apartment building\u2019s hallway. The walls are painted maroon and are lined with knockoff Velazquesz paintings. I count four paintings on my left and three on my right.\n\n_3 \u00d7 4=12_\n\n_Find the equation of the line._\n\n_M=12, Y int.= 3/4_\n\n_The equation of the line is Y=12x-3/4_\n\nMy throat runs dry as I catch the elevator before the hall starts coming alive.\n\n", "ficly_author_avatar_url": "http://cdn.ficly.com/icons/153/avatar.jpg", "ficly_author_nickname": "Never Explain (LoA)", "ficly_story_int": 10458, "ficly_author_url": "http://ficly.com/authors/ne", "ficly_sequels": [{"ficly_sequel_int": 10479, "ficly_sequel_title": "Elevator", "ficly_sequel_url": "http://ficly.com/stories/10479"}], "ficly_story_title": "Find The Equation"}