{"ficly_prequels": [], "ficly_story_url": "http://ficly.com/stories/10272", "ficly_story": "\u201cSharper, ladies!\u201d   I groaned. It was so trypical that even with the 17 ballerinas in the room, all trying as hard as they possibly could to land a quadrouple pirroette while on pointe shoes, that Mrs. Regina would make sure it was perfect.   \u201cNo groaning Katrina!\u201d   Of course. Of all the 13 years I\u2019ve been dancing, since I was 2, pirroettes have always been my weak spot. It took me longer than the rest of the girls to finally land all of them, but considering my mom was the owner of the studio, noone gave me a hard time about it. Except Mrs. Regina.   \u201cCome on, Katrina! You have to push yourself!\u201d   I hated pointe.   When the 2 hours of tourte was finally over, I sat in the changing room talking with the other girls, rubing my sore feet.   \u201cRegina really pressured you today, huh?\u201d One of my best dance friends, Skye commented.   \u201cTell me about it.\u201d I rolled my eyes.\n\n", "ficly_author_avatar_url": "http://cdn.ficly.com/icons/2443/avatar.jpg", "ficly_author_nickname": "just another girl", "ficly_story_int": 10272, "ficly_author_url": "http://ficly.com/authors/user-354", "ficly_sequels": [{"ficly_sequel_int": 10355, "ficly_sequel_title": "Smoothie explosion (Dancing through life #2)", "ficly_sequel_url": "http://ficly.com/stories/10355"}], "ficly_story_title": "Sore feet (Dancing through life #1)"}