{"ficly_prequels": [], "ficly_story_url": "http://ficly.com/stories/1032", "ficly_story": "It may sound peculiar to some, the idea of falling in love with one\u2019s instrument.\n\nBut there are others, those who have fallen themselves, who understand completely.\n\nThere\u2019s just something about the piano that I find enticing. Always has been, now that I think about it. Perhaps it\u2019s the versatility of the instrument, switching easily between blues and Bach, from symphony orchestra to jazz orchestra.\n\nOr maybe it\u2019s because of its range of sound. It can sound moody, stormy, and bassy one minute, then flighty or gentle in the upper register the next.\n\nBut there\u2019s something else, too. Something I can\u2019t place, something without a name. The only way I can think is that there\u2019s something both personal and universal about the ivory and the ebony. I don\u2019t know, you can try all day to think of some way to articulate it, but words simply don\u2019t exist to describe that cincher quality about the piano.\n\nAh well. The reasoning doesn\u2019t matter, really.\n\nCan I help it if, in the words of Irving Berlin, \u201cI love a piano\u201d?\n\n", "ficly_author_avatar_url": "http://cdn.ficly.com/icons/1325/avatar.jpg", "ficly_author_nickname": "g\u00b2LaPianistaIrlandesa", "ficly_story_int": 1032, "ficly_author_url": "http://ficly.com/authors/g2_lpi", "ficly_sequels": [{"ficly_sequel_int": 1123, "ficly_sequel_title": "O'er the Keys", "ficly_sequel_url": "http://ficly.com/stories/1123"}], "ficly_story_title": "Relations with a Piano"}