{"ficly_prequels": [{"ficly_prequel_url": "http://ficly.com/stories/10133", "ficly_prequel_title": "&quot;I told you so.&quot;", "ficly_prequel_int": 10133}], "ficly_story_url": "http://ficly.com/stories/10398", "ficly_story": "I woke up abruptly, sweat pouring down the side of my face. Hot, sticky breath collapses out from me and I find myself back in my bed, the sun not quite up yet. My eyes closed slowly.\n\n\u201cIs this a bad time?\u201d\n\nI shrieked, falling onto the floor, the blankets tangling around my legs. A cinnamon colored hand was held out to me. She laughed. \u201cSorry, Less.\u201d\n\nLiana hauled me back onto the bed, covers and all, and I plopped back onto my pillow. \u201cYou should be.\u201d My words were muffled by her hand.\n\n\u201cDon\u2019t say anything. It\u2019s early. I don\u2019t want your mom waking up.\u201d She whispered lightly. \u201cI am sorry. I didn\u2019t realize you were having a bad dream again.\u201d\n\n\u201cI wasn\u2019t!\u201d I whispered indignantly, prying her tiny hand off my big mouth. \u201cIt was just\u2026 a memory. That\u2019s all.\u201d\n\n\u201cAnd there\u2019s a difference?\u201d She crossed her arms and her eyes.\n\n\u201cYes.\u201d\n\n_No. Not really._\n\n", "ficly_author_avatar_url": "http://cdn.ficly.com/icons/3223/avatar.jpg", "ficly_author_nickname": "quipsofthequill", "ficly_story_int": 10398, "ficly_author_url": "http://ficly.com/authors/quipsofthequill", "ficly_sequels": [], "ficly_story_title": "The Difference Between a Memory and a Nightmare"}