{"ficly_prequels": [], "ficly_story_url": "http://ficly.com/stories/10082", "ficly_story": "A door opened and a meek looking man hesitantly approached the front desk.\n\n\u201cCan I help you?\u201d asked the Constable.\n\n\u201cI\u2019m not sure,\u201d stammered the man. \u201cIs this Scotland Yard?\u201d\n\n\u201cIt is,\u201d replied the Constable.\n\n\u201cAh. I\u2019ve been robbed.\u201d\n\n\u201cI see.\u201d The Constable automatically collected some papers from a drawer beside him. \u201cDo you wish to file a report?\u201d\n\n\u201cYes, please.\u201d\n\nAfter a moment of scribbling, he began. \u201cWhere did this robbery occur?\u201d\n\n\u201cAt my business.\u201d\n\n\u201cAnd how much money was taken?\u201d\n\n\u201cNone.\u201d\n\nThe Constable looked up. \u201cNone?\u201d\n\n\u201cNo money was taken.\u201d\n\n\u201cThen what was?\u201d\n\n\u201cMy list of clients.\u201d\n\n\u201cI see.\u201d He resumed writing.\n\n\u201cSpecifically, their middle initials.\u201d\n\nHe stopped again. \u201cWhat?\u201d\n\n\u201cYou see,\u201d he explained, \u201cI run a Monogram Shoppe. People leave me their names and I put their initials on handkerchiefs, watches, cufflinks, that sort of thing. Without their middle initials, I can\u2019t finish my orders. My business is at a standstill!\u201d\n\n\u201cBut who would want to steal middle initials?\u201d\n\n\u201cOh, you\u2019d be surprised.\u201d\n\n", "ficly_author_avatar_url": "http://cdn.ficly.com/icons/623/avatar.jpg", "ficly_author_nickname": "Trann", "ficly_story_int": 10082, "ficly_author_url": "http://ficly.com/authors/trann", "ficly_sequels": [{"ficly_sequel_int": 10083, "ficly_sequel_title": "Meanwhile, At That Very Moment In South London...", "ficly_sequel_url": "http://ficly.com/stories/10083"}], "ficly_story_title": "And Now For More of the Same"}