{"ficly_prequels": [{"ficly_prequel_url": "http://ficly.com/stories/10417", "ficly_prequel_title": "Just another day in paradise #6", "ficly_prequel_int": 10417}], "ficly_story_url": "http://ficly.com/stories/10478", "ficly_story": "\u201cOhmygod Cami!\u201d Alex screeched as we were back in my room. \u201cHe called you beautiful!\u201d   I rolled my bursting blue eyes.   \u201cDoesn\u2019t effect me one bit.\u201d   I peeked down at my straightened dark brown hair that went to my elbows. What was so pretty about me? I was tall, (5\u20197 thin, and slightly muscular.   Brooke sighed.   \u201cYour soooo lucky.\u201d   \u201cIm not beautiful at all!\u201d Callie mourned.   I looked at all my friends. Brooke was really tall, (5\u20199), extremly muscular, and had long, lusicous blonde hair to her mid-back.   Melanie was short, (5\u20195, with wavy black hair to her shoulders, and green eyes that shone through midight.   Callie had the curliest hair I have ever seen. I was light brown, almost a caremel color, and hazel eyes. She was the same height as me.   Alex was short, (5\u20194)and really small. She was the tiniest thing in the world. She had a dirty blonde bob, and blue eyes like me.   \u201cGuys, you are the most gorgeous girls in the world!\u201d I can\u2019t believe they didn\u2019t think so.\n\n", "ficly_author_avatar_url": "http://cdn.ficly.com/icons/2443/avatar.jpg", "ficly_author_nickname": "just another girl", "ficly_story_int": 10478, "ficly_author_url": "http://ficly.com/authors/user-354", "ficly_sequels": [{"ficly_sequel_int": 10750, "ficly_sequel_title": "Just another day in paradise #8", "ficly_sequel_url": "http://ficly.com/stories/10750"}], "ficly_story_title": "Just another day in paradise #7"}