{"ficly_prequels": [], "ficly_story_url": "http://ficly.com/stories/10016", "ficly_story": "Lucian sat back at his desk and slowly pulled off his glasses. It had been a slow day and no one had ventured into his shop for the past two hours.   Rising from his chair the young man walked over to the door and looked out at the snow filled, Moscow street. Men and women rushed past him, heads bent down against the howling wind. The wooden sign above the door, which read LUCIAN TREVELYANS SHOP OF THE WONDERFUL AND MYSTICAL, swayed above him hypnotically. Even though it was ten minutes before six, Lucian decided to close early. As he reached out to pull the shade, an old man suddenly materialized from the swirling snow. Pushing the door to the shop violently open, the intruder looked around with wild, haunted eyes.   \u201cMay I be of service,\u201d Lucian said professionally.   The old man leaned close the young man, his face only inches from Lucian\u2019s, \u201cIt is I who may be of service to you.\u201d   Lucian leaned back, trying ignore the smell of vodka and onions which emanated from the man.\n\n", "ficly_author_avatar_url": "http://cdn.ficly.com/icons/1768/avatar.jpg", "ficly_author_nickname": "Christopher Aylett", "ficly_story_int": 10016, "ficly_author_url": "http://ficly.com/authors/aylett", "ficly_sequels": [{"ficly_sequel_int": 10151, "ficly_sequel_title": "The Chronomechs (2)", "ficly_sequel_url": "http://ficly.com/stories/10151"}], "ficly_story_title": "The Chronomechs"}