{"ficly_prequels": [], "ficly_story_url": "http://ficly.com/stories/1063", "ficly_story": "\u201cIt was only a piece of paper but it was my best friend.\u201d   \u201cIt was only a piece of paper but it had a cereal killer\u2019s DNA on it.\u201d   \u201cIt was only a piece of paper but it had Obama\u2019s plans to take over the world on it.\u201d   \u201cIt was only a piece of paper but\u2026. but\u2026 ummm-\u201d   \u201cTIME.\u201d   \u201cHahaha!\u201d   \u201cObama, seriously?\u201d   \u201cWell I knew you\u2019d like it.\u201d   \u201cQuiet down you guys. If you start talking in competition the judges will have your head. Now basically all of them were creative responses because it\u2019s hard to be uncreative with this problem.\u201d   \u201cIs uncreative a word?\u201d   \u201cIt is now.\u201d   \u201cOkay.\u201d   \u201cSo you got in 100 answers in two minutes. That\u2019s very impressive for a new team. Katie\u2026 you aren\u2019t competing in spontaneous.\u201d   \u201cI know.\u201d Katie says laughing. She\u2019s never been very good at making things up off the top of her head. Enrique is definitely doing these, and so is Grant. They\u2019re really random. Syd\u2019s good. The only problem is if we don\u2019t get a new member soon then Katie will have to compete with us and we\u2019ll be short one.   \u201cHey guys\u2026\u201d\n\n", "ficly_author_avatar_url": "http://cdn.ficly.com/icons/637/avatar.jpg", "ficly_author_nickname": "Distant Memories", "ficly_story_int": 1063, "ficly_author_url": "http://ficly.com/authors/emilyz123", "ficly_sequels": [{"ficly_sequel_int": 1064, "ficly_sequel_title": "Ali", "ficly_sequel_url": "http://ficly.com/stories/1064"}], "ficly_story_title": "It Was Only A Piece Of Paper..."}