{"ficly_prequels": [{"ficly_prequel_url": "http://ficly.com/stories/9941", "ficly_prequel_title": "Watching and Waiting", "ficly_prequel_int": 9941}], "ficly_story_url": "http://ficly.com/stories/10242", "ficly_story": "James frowned, trying to figure the odds in his head for whether the new arrivals were robots in disguise or just the random odd vehicles you got every so often. It was a little hard to concentrate when\u2014\n\n\u201cOw! What was that?\u201d James looked behind him, then glowered at the dashboard for lack of any other target.\n\n\u201cDid you know these seats even have a shiatsu massage mode?\u201d Sera asked cheerfully. \u201cThat could come in handy on these long stakeouts. Keep you from tensing up.\u201d\n\nJames rolled his eyes, but he knew Sera was just as tense as he was. When she got nervous, she liked to have something in her hands to fiddle with. It was just his bad luck to be the closest available substitute at this point.\n\n\u201cI\u2019m seeing a carpet cleaning van pull up now,\u201d Lisa reported. \u201cFour people getting out. Wearing coveralls. Heading for the apartment.\u201d\n\n\u201cThat\u2019s not good\u2026is it? I don\u2019t think we have manpower to take on people-sized targets,\u201d James said. \u201cWhat if they take hostages?\u201d\n\n\u201cDon\u2019t worry,\u201d Lisa said. \u201cWe\u2019ve got it covered.\u201d\n\n", "ficly_author_avatar_url": "http://cdn.ficly.com/icons/17/toonrmicon.jpg", "ficly_author_nickname": "Robotech_Master", "ficly_story_int": 10242, "ficly_author_url": "http://ficly.com/authors/robotech_master", "ficly_sequels": [{"ficly_sequel_int": 10791, "ficly_sequel_title": "Playing Catch Up", "ficly_sequel_url": "http://ficly.com/stories/10791"}], "ficly_story_title": "Fidgeting"}