{"ficly_prequels": [{"ficly_prequel_url": "http://ficly.com/stories/1090", "ficly_prequel_title": "Twisted Love - The Answer", "ficly_prequel_int": 1090}], "ficly_story_url": "http://ficly.com/stories/1091", "ficly_story": "Well he hadn\u2019t been with Mary. That was always a good thing. A miracle and a good thing. Almost as good and miraculous as him being, she dared to think it, available. What a great stroke of fortune. She might actually have a chance at happiness here. She might actually have a chance to be someone\u2019s babe. The idea shocked and amazed her, she could hardly believe it. It might finally, FINALLY happen. But she couldn\u2019t get ahead of herself. The guy didn\u2019t even know she existed.\n\nAt last, practice had finished. The guys had apparently decided that they had had enough running around in pointless circles over and over and over again and revolted.\n\n", "ficly_author_avatar_url": "http://cdn.ficly.com/icons/260/avatar.jpg", "ficly_author_nickname": "penguincaptain", "ficly_story_int": 1091, "ficly_author_url": "http://ficly.com/authors/vicky", "ficly_sequels": [{"ficly_sequel_int": 1092, "ficly_sequel_title": "Twisted Love - The Battle", "ficly_sequel_url": "http://ficly.com/stories/1092"}], "ficly_story_title": "Twisted Love - A Miracle"}