{"ficly_prequels": [], "ficly_story_url": "http://ficly.com/stories/11052", "ficly_story": "It was raining. It was also summer.\n\n\u201cI don\u2019t care if it is raining,\u201d Christabelle told me, annunciating every word. Her glossy lips pulled into an effortless sexy smile that made my heart pump twice as fast. \u201cI\u2019m going swimming.\u201d\n\nHer dainty feet were somewhat large, and each toenail painted a shade of scarlet. They paused at the edge of the pool, rimmed in concrete. From her toes my eyes were guided up her tan legs to her muscular thighs. As Christabelle bent forward to dive, her bikini slid, and I caught a glimpse of her perfectly round buttocks before she gracefully disappeared in the chlorine. When she emerged, her dirty blond hair clung her shoulders, and her heavily lashed brown eyes, more vivid and seductive, invited me to join her. Immediately I jumped, spraying water in the air.\n\nTiny drops of rain dribbled from her brow to her collarbone, then vanished behind her electric blue bikini top. Noticing my gaze, she untied the strings, and as it floated away, I grasped her shiny waist with hungry hands.\n\n", "ficly_author_avatar_url": "http://cdn.ficly.com/icons/1738/avatar.jpg", "ficly_author_nickname": "Violet Turner", "ficly_story_int": 11052, "ficly_author_url": "http://ficly.com/authors/violet_ink", "ficly_sequels": [{"ficly_sequel_int": 11057, "ficly_sequel_title": "A Toast...To the Happy Love Triangle!", "ficly_sequel_url": "http://ficly.com/stories/11057"}], "ficly_story_title": "Swimming In Rain"}