{"ficly_prequels": [{"ficly_prequel_url": "http://ficly.com/stories/10306", "ficly_prequel_title": "Just a typical girl 2", "ficly_prequel_int": 10306}], "ficly_story_url": "http://ficly.com/stories/10307", "ficly_story": "\u2018\u2019Here it is!\u2019\u2019 I pointed to the door.   \u2018\u2019Thanks Izzy. See you around!\" He walked into the Classroom.   I walked to my locker and got my books for my next class. I can\u2019t belive I just talked to Justin Bieber. When I got to advisory I ran to Lexa.   \u2018\u2019Oh my god Lex, Guess who I saw.\u2019\u2019   \u2018\u2019Whoo?\u2019\u2019 Lexa replied.   \u201cJUSTIN! He was in the hallway. I helped him find him next class!\u2019\u2019 The bell rang. everyone got up and left. time for math.\n\n", "ficly_author_avatar_url": "http://cdn.ficly.com/icons/2213/avatar.jpg", "ficly_author_nickname": "\u2665I.Wont.Apologize.Pick.Me.........\u2665", "ficly_story_int": 10307, "ficly_author_url": "http://ficly.com/authors/bieberbabe24", "ficly_sequels": [{"ficly_sequel_int": 10308, "ficly_sequel_title": "Just a typical girl 4", "ficly_sequel_url": "http://ficly.com/stories/10308"}], "ficly_story_title": "Just a typical girl 3"}