{"ficly_prequels": [{"ficly_prequel_url": "http://ficly.com/stories/10969", "ficly_prequel_title": "The Envious Elf", "ficly_prequel_int": 10969}], "ficly_story_url": "http://ficly.com/stories/10970", "ficly_story": "After a frustrating day of eyeing all of the people around him with the hottest objects, the elf rushed to his little elfish house so he wouldn\u2019t be able to see any other people with the marvellous things he couldn\u2019t afford. He took a deep breath and tried to drain the envy that had bottle up and brewed inside of him.\n\nWhen the envy wouldn\u2019t spill from his entrails, he decided he\u2019d relax in front of the TV. He slumped down on the armchair and mindlessly watched the screen. The envy was just starting to dribble out of him when suddenly the ads came on\u2026\n\nThe envy was the worst he had ever experienced! His head was spinning with desire, his eyes were glued to the images of all the items other people had and he didn\u2019t! It was too much for him. The envy bubbled and hissed until he suddenly popped and vanished into thin air! His envy had gotten the best of him and his little elfish mind simply could not hold that much envy.\n\n", "ficly_author_avatar_url": "http://cdn.ficly.com/icons/1740/avatar.jpg", "ficly_author_nickname": "Tillie Turner", "ficly_story_int": 10970, "ficly_author_url": "http://ficly.com/authors/typing_tillie", "ficly_sequels": [], "ficly_story_title": "The Elf Goes Pop"}