{"ficly_prequels": [{"ficly_prequel_url": "http://ficly.com/stories/1008", "ficly_prequel_title": "A Most Unusual Maiden", "ficly_prequel_int": 1008}], "ficly_story_url": "http://ficly.com/stories/1009", "ficly_story": "Now one day, as the maiden was bathing in the fountain, a prince who was hunting in the woods stumbled across the glen and saw the maiden.\n\n\u201cWhat a beautiful woman!\u201d he exclaimed. \u201cI wish for her to be my bride!\u201d\n\n_You don\u2019t believe in love at first sight? Well, Romeo and Juliet met and married in 24 hours! Yes, I know Romeo and Juliet is a total cliche, but if Shakespeare could do it, so can I! Now\u2026_\n\nThe maiden saw the prince standing nearby and gasped. She gathered her clothes and ran into the woods. The fairies, who wished her no chagrin, distracted the prince so that the maiden could escape.\n\nSeeing that the maiden would not be found, the prince said, \u201cI will go back to the glen tomorrow and hide. Then, when the maiden appears, I will reveal myself and ask her for her hand!\u201d\n\nThe prince rode quickly back to his castle, running his plan through his head all the while\u2026\n\n_You want me to keep going? Well, that\u2019s a first. But I\u2019m afraid my story will have to wait. Until then, you will have to be patient._\n\n", "ficly_author_avatar_url": "http://cdn.ficly.com/icons/1286/avatar.jpg", "ficly_author_nickname": "OrangeOreos (LoA)", "ficly_story_int": 1009, "ficly_author_url": "http://ficly.com/authors/orangeoreos", "ficly_sequels": [{"ficly_sequel_int": 1016, "ficly_sequel_title": "A Most Curious Fairy", "ficly_sequel_url": "http://ficly.com/stories/1016"}, {"ficly_sequel_int": 1078, "ficly_sequel_title": "The Maiden Complains", "ficly_sequel_url": "http://ficly.com/stories/1078"}], "ficly_story_title": "A Most Usual Prince"}