{"ficly_prequels": [{"ficly_prequel_url": "http://ficly.com/stories/10267", "ficly_prequel_title": "Light Blue Jeans (Part 6)", "ficly_prequel_int": 10267}], "ficly_story_url": "http://ficly.com/stories/10268", "ficly_story": "Scrawled on the note in Josh\u2019s nearly-illegible handwriting were the words:   **_Don\u2019t forget, I\u2019ll always be there to catch you when you fall_**   Abi\u2019s heart skipped a beat and her skin tingled. She picked up the flower and examined it. It was an iris, her favourite flower, and it was exactly the same shade as his light blue jeans.\n\n", "ficly_author_avatar_url": "http://cdn.ficly.com/icons/1883/avatar.jpg", "ficly_author_nickname": "tinkerbelle", "ficly_story_int": 10268, "ficly_author_url": "http://ficly.com/authors/tinkerbelle", "ficly_sequels": [], "ficly_story_title": "Light Blue Jeans (Part 7)"}