{"ficly_prequels": [{"ficly_prequel_url": "http://ficly.com/stories/1234", "ficly_prequel_title": "The Shrink", "ficly_prequel_int": 1234}], "ficly_story_url": "http://ficly.com/stories/1051", "ficly_story": "He was in a large glass room with a metal lid that a slit in it.   While he was pondering on where he was, large metal disks came thundering down.   While he was dodging the giant metal disks, he realized where he was.   And he thought of a plan.\n\n", "ficly_author_avatar_url": "http://ficly.com/images/icons/avatar.jpg", "ficly_author_nickname": "The Note Writer", "ficly_story_int": 1051, "ficly_author_url": "http://ficly.com/authors/note-writer", "ficly_sequels": [], "ficly_story_title": "The Glass Room"}