{"ficly_prequels": [{"ficly_prequel_url": "http://ficly.com/stories/10895", "ficly_prequel_title": "You Say Dramatic I Say Depressed", "ficly_prequel_int": 10895}], "ficly_story_url": "http://ficly.com/stories/10897", "ficly_story": "I watched, not breathing, as he read my letter silently. _She_ looked over his shoulder and read it saying \u201cShe\u2019s a freak. You\u2019re not actually going to go on a _pity date_ with her, are you?\u201d   He laughed \u201cNo way.\u201d   Strike one.   He went on to tell her how ugly I was. How I cut myself for **attention.** How I have no self esteem so I put myself down in front of others to get compliments. I shut my locker door then, so loud it made _them_ look. I made sure to look into his eyes with anger and tears blurring my vision.   I ran out and ditched, driving in circles until the time came when the school was let out. I slammed the door to my room and lay there on my bed for what felt like an eternity. I cried into my pillows and hugged my teddy bear, wishing he would hug back.I went into the bathroom and stared at myself.I hated them as much as I hated myself. The knife I clutched was cold against my wrist. I hesitated before slitting it open. My vision began to blur.I fell to the floor in time to see my parents rush in.\n\n", "ficly_author_avatar_url": "http://cdn.ficly.com/icons/1410/avatar.jpg", "ficly_author_nickname": "This is SPARTA (LoA)", "ficly_story_int": 10897, "ficly_author_url": "http://ficly.com/authors/http-ficly-com-punkrockgymnast-", "ficly_sequels": [], "ficly_story_title": "You Say Emo I Say Troubled"}