{"ficly_prequels": [{"ficly_prequel_url": "http://ficly.com/stories/10983", "ficly_prequel_title": "Now and Then (2)", "ficly_prequel_int": 10983}], "ficly_story_url": "http://ficly.com/stories/10984", "ficly_story": "Now your idea of a good friend is still that person who gives you the better of the two choices, holds your hand when you\u2019re scared, helps fight off those who try to take advantage of you, thinks of you at times when you are not there, reminds you of what you have forgotten, helps you put the past behind you but understands when you need to hold on just a little bit longer, stays with you so that you have confidence, goes out of their way to make time for you, helps you deal with the pressure from others, smiles for you when you are sad, helps you become a better person, and most importantly loves you.\n\nThat person for me is my sister.\n\n", "ficly_author_avatar_url": "http://cdn.ficly.com/icons/1846/avatar.jpg", "ficly_author_nickname": "Amy K", "ficly_story_int": 10984, "ficly_author_url": "http://ficly.com/authors/aek629", "ficly_sequels": [], "ficly_story_title": "Now and Then (3)"}