{"ficly_prequels": [], "ficly_story_url": "http://ficly.com/stories/10299", "ficly_story": "\u201c_I can hear the voices when I\u2019m dreaming, I can hear them say\u2026_\u201d\n\nThe tune rattled around Micah\u2019s brain as he descended the steps of the Greyhound bus. Fourteen hours of idle sitting made itself known with every attempt at normal movement. With awkward tread he tried to simultaneously shake off the rust and make his way to the taxi stand under the fading blue light of neon signs.\n\nTruth be told he hadn\u2019t minded the time on the bus, time in which nothing could be expected of him. Fifty-some-odd years of moving, going, and doing left him a keen appreciation for momentary lapses in the unending grind towards death. Heaven help him, there were times when he loved them.\n\nNow was not such a time. There was much to do, not enough resources, and nothing but burned bridges on which to rely. With any luck, hell a lot of luck, the matter would be settled in a hundred hours. That, or he\u2019d be dead. Either way, he could get some rest again.\n\n\u201c_Carry on my wayward son, There\u2019ll be peace when you are done\u2026_\u201d\n\n", "ficly_author_avatar_url": "http://cdn.ficly.com/icons/29/AHFL_icon.JPG", "ficly_author_nickname": "THX 0477", "ficly_story_int": 10299, "ficly_author_url": "http://ficly.com/authors/thx0477", "ficly_sequels": [{"ficly_sequel_int": 10414, "ficly_sequel_title": "Getting to the Root of All", "ficly_sequel_url": "http://ficly.com/stories/10414"}], "ficly_story_title": "Easy Travels, Rough Arrival"}