{"ficly_prequels": [{"ficly_prequel_url": "http://ficly.com/stories/10304", "ficly_prequel_title": "Confidence Fades", "ficly_prequel_int": 10304}], "ficly_story_url": "http://ficly.com/stories/10343", "ficly_story": "Confusion was one of my least favorite feelings. His side-kick was uncertainty and his best friend was doubt. Uncertainty and Doubt soon showed up with Confusion. They were quiet the team.\n\n\u201cDoes she even like us? Were we foolish to be so bold?\u201d Doubt and Uncertainty chimed in together as they walked towards me.\n\n\u201cWhat should we do?\u201d Uncertainty said\n\n\u201cWill we screw up our relationship with her on the first day?\u201d Doubt said\n\nI eyed Condfidence hoping for some back up. Confidence made a step up to the three confidently. Desire and all the other emotions had fled. Fear had even decided to make a surprise appearance.\n\n\u201cWith all of the other negative emotions hanging around why shouldn\u2019t Fear join the party?\u201d I thought\n\nConfidence pushed the Uncertainty and Doubt into Confusion and Fear. Confidence stood in front of me protectively.\n\nA stand-off ensues. Confidence vs. The Negative Emotions and Emily and I, with our now awkward silence.\n\nI feel as if I should say something but no words can leave my mouth.\n\n", "ficly_author_avatar_url": "http://cdn.ficly.com/icons/1017/avatar.jpg", "ficly_author_nickname": "The Silence [All By Myself] {LoA}", "ficly_story_int": 10343, "ficly_author_url": "http://ficly.com/authors/silentstorm", "ficly_sequels": [{"ficly_sequel_int": 10350, "ficly_sequel_title": "An Emotional Battle", "ficly_sequel_url": "http://ficly.com/stories/10350"}], "ficly_story_title": "A Battle Even Confidence Would Have Trouble Winning"}