{"ficly_prequels": [{"ficly_prequel_url": "http://ficly.com/stories/10746", "ficly_prequel_title": "A Regular Joe", "ficly_prequel_int": 10746}], "ficly_story_url": "http://ficly.com/stories/10747", "ficly_story": "The singing was obviously of a woman and when he looked around he saw stucco walls painted a garish peach. Inwardly he shuddered. It was all so strange and ugly to him, and the woman stopped singing. \u201cJon Pierre,\u201d she called out in a very affected accent, \u201chave you woken up yet? We have to get to ze doctor\u2019s so he can check on our little Jon.\u201d When she said the name Jon, it sounded almost Chinese. _Zhon._ Strange, very strange.\n\n_Hey, maybe I am dreaming!_ He thought to himself. Unable to cope with the reality of the situation, the woman waltzed out. Her stomach looked almost comical with a huge basketball-like lump budding. She bent down as the man\u2019s eye grew wide and gave him a big kiss. \u201cCome along, _mon cher_, let us get to Doctor Mabelle.\u201d Dazed, he stood up and followed the woman. She was really quite striking, with lovely dark brown hair and green eyes. Really, it was quite then, pinching himself and walking, he realized it wasn\u2019t a dream.\n\nHe could get used to being Jon.\n\n", "ficly_author_avatar_url": "http://cdn.ficly.com/icons/1845/avatar.jpg", "ficly_author_nickname": "Adrienne E. Darby", "ficly_story_int": 10747, "ficly_author_url": "http://ficly.com/authors/walktherain", "ficly_sequels": [{"ficly_sequel_int": 10832, "ficly_sequel_title": "A Regular Joe, Part Three", "ficly_sequel_url": "http://ficly.com/stories/10832"}], "ficly_story_title": "A Regular Joe, Part Deux"}