{"ficly_prequels": [{"ficly_prequel_url": "http://ficly.com/stories/10899", "ficly_prequel_title": "Getting ahead", "ficly_prequel_int": 10899}], "ficly_story_url": "http://ficly.com/stories/10903", "ficly_story": "The client watched impassively as Ivan quickly presented the box to Lauren and Janus. He watched their faces as they glanced into the box, quickly enough to confirm its contents but not so quickly as to arouse suspicion \u2026 _they think they\u2019re so talented,_ he thought to himself. _Think they can hide from me what they want._\n\nLauren closed the box and thanked the client in a neutral tone. \u201cAh, yes,\u201d he replied, \u201cand now, we discuss payment!\u201d He clapped his hands together in what seemed to Lauren and Janus to be a rather theatrical move. \u201cPlease, please sit down.\u201d\n\nThey did so nervously, thinking that perhaps their idea of \u201cpayment\u201d was just a bit different from the client\u2019s. \u201cI \u2026 we \u2026 have the first installment,\u201d said Janus shakily. \u201cWould you like it?\u201d\n\nThe client\u2019s face darkened. \u201cWho was mentioning installments? I require payment, in full, immediately. If you cannot pay, then,\u201d he motioned, and Ivan took the box back, \u201cI cannot provide the merchandise you seek.\u201d\n\n", "ficly_author_avatar_url": "http://ficly.com/images/icons/avatar.jpg", "ficly_author_nickname": "Phoenix", "ficly_story_int": 10903, "ficly_author_url": "http://ficly.com/authors/phoenixv07", "ficly_sequels": [{"ficly_sequel_int": 10904, "ficly_sequel_title": "Transaction complete, withdraw more?", "ficly_sequel_url": "http://ficly.com/stories/10904"}], "ficly_story_title": "Questions of finances."}