{"ficly_prequels": [{"ficly_prequel_url": "http://ficly.com/stories/10463", "ficly_prequel_title": "Mother Natures Witch!!! 3", "ficly_prequel_int": 10463}], "ficly_story_url": "http://ficly.com/stories/10464", "ficly_story": "We walked in the house. I walked up into my bed room and but him in a card board box for now untill i got him a cage or somthing. I went out into the garden to get some carrots like are deal was. I went back up stair to find chompers waiting at the door for his carrots. \u201cWell how did you get out of that box little buddy\u201d, I said to him as he looked like his mouth was watering. I put him back in his box with the carrots, and I thought that would keep him busy for a while. In the mean time I figured that i\u2019d call an old friend thts works in the working busyness. \u201cHey Jim, It\u2019s me Ella\u201d   \u201cOh Ella I was just thinking about you.\u201d   \" How are you, I havent talked to you in ages.\"   \u201cOh, im good im good.\u201d   \u201cSo I need you to do me a little favore.\u201d   \u201cWhat?\u201d   \" Can you build me a little rabbit condo as you might say?\"   \" A rabbit condo, what for.\"   \u201cWell I got a rabbit from that little pet store on the main road and he looked loneyly.\u201d   \u201cOh how nice, i\u2019d be glade to.\u201d   \" Thanks im sure chompers will be happy with the results.\"\n\n", "ficly_author_avatar_url": "http://cdn.ficly.com/icons/2759/avatar.jpg", "ficly_author_nickname": "Be.a.teenage.Dream.Tonight&lt;3", "ficly_story_int": 10464, "ficly_author_url": "http://ficly.com/authors/user-1960", "ficly_sequels": [], "ficly_story_title": "Mother Nature Witch!!!! 4"}