{"ficly_prequels": [{"ficly_prequel_url": "http://ficly.com/stories/10174", "ficly_prequel_title": "Time Gone By and Lies Still Told", "ficly_prequel_int": 10174}], "ficly_story_url": "http://ficly.com/stories/10178", "ficly_story": "\u201cDon\u2019t do it, Carl.\u201d His sponsor\u2019s voice echoed in his head. \u201cDon\u2019t throw away all those years of sobriety.\u201d\n\nCarl wasn\u2019t listening. He moved numbly through thickening snowflakes toward the Ajax Package store on 17th Avenue. Since his visit to the graveyard hours before, he\u2019d wandered in confusion, turning over in his mind how he could have done any of it differently.\n\n\u201cYou knew these men! What of them?\u201d lashed his psyche like a whip. It was true he hadn\u2019t gone back for them. He\u2019d left them behind at the fire barrel to face the killing cold. What of them indeed? He didn\u2019t know their names just as they did not know his. They were faces, flickering shadows in a distant past; ghosts.\n\n\u201cGod, I need a drink.\u201d Carl murmured aloud, opened the door to the Ajax and stepped into the warm inside.\n\nA tall man in a black ski mask moved the Glock in his hand off the cashier, leveled it on Carl and fired three shots. He hated surprises.\n\nCarl sank to his knees and then collapsed.\n\nAn angel reached down for his hand.\n\n", "ficly_author_avatar_url": "http://cdn.ficly.com/icons/1790/avatar.jpg", "ficly_author_nickname": "Bob Liddil", "ficly_story_int": 10178, "ficly_author_url": "http://ficly.com/authors/bliddil", "ficly_sequels": [], "ficly_story_title": "One Last Drink"}