{"ficly_prequels": [{"ficly_prequel_url": "http://ficly.com/stories/10616", "ficly_prequel_title": "Normal Girl By Day (I)", "ficly_prequel_int": 10616}], "ficly_story_url": "http://ficly.com/stories/10678", "ficly_story": "When I walk into first period and see _Quiz Today_ written on the board, I smack my forehead. I should\u2019ve at least got some studying done when the men went to sleep, it was stupid of me to forget. Sister Catherine begins passing the quizzes out, allowing no extra study time which worries me more. I always enjoy doing good in school, although it may seem like I don\u2019t, I do want a future.\n\n_X(2x-34)(4x-35+5x)_ What the hell?\n\n\u201cNew? Mhm, yes,\u201d Sister Catherine distractingly whispers. She seems to be talking to somebody outside of the door. I try and make out the words from her lips, but don\u2019t get much. Thats when a cute boy walks into the class and shakes the Sister\u2019s hand. Normally this wouldn\u2019t be a problem, but there was something about this guy that I vaguely recognize. It isn\u2019t until Sister calls me that I get a chance to get a good look at him.\n\n\u201cStacie, would you mind showing this heavenly boy around school?\u201d\n\nThats when I recognize him.\n\nThat guy.\n\nThe one\u2019s dick I sucked Friday.\n\n", "ficly_author_avatar_url": "http://cdn.ficly.com/icons/2392/avatar.jpg", "ficly_author_nickname": "Mr.Gabriel", "ficly_story_int": 10678, "ficly_author_url": "http://ficly.com/authors/mistergabriiel", "ficly_sequels": [{"ficly_sequel_int": 10682, "ficly_sequel_title": "Normal Girl By Day (III)", "ficly_sequel_url": "http://ficly.com/stories/10682"}], "ficly_story_title": "Normal Girl By Day (II)"}