{"ficly_prequels": [{"ficly_prequel_url": "http://ficly.com/stories/10947", "ficly_prequel_title": "Normal", "ficly_prequel_int": 10947}], "ficly_story_url": "http://ficly.com/stories/10948", "ficly_story": "My dad is, to say the least, a very charismatic person. He had been married a grand total of three times before my mother came along, and still gets heads turning. He\u2019s an award-winning architect who hates technology and can only cook one meal. He is also the reason we\u2019re moving- he finally decided to quit his job in Memphis and start his own firm here in Chicago. He\u2019s excited about it-Mom\u2019s excited about it (so many new things to try)-Ember\u2019s excited (it\u2019s not like she had any friends that she\u2019s not taking with her)-Marx is excited (\u201cYEILD!\u201d)- Christian is excited (because Dad is)- and Annemarie probably doesn\u2019t even know.\n\nI\u2019m the only one dreading the change.\n\n", "ficly_author_avatar_url": "http://cdn.ficly.com/icons/2978/avatar.jpg", "ficly_author_nickname": "Insert Pen Name Here", "ficly_story_int": 10948, "ficly_author_url": "http://ficly.com/authors/insertpennamehere", "ficly_sequels": [{"ficly_sequel_int": 10949, "ficly_sequel_title": "His First Word Not Containing a Driving Direction", "ficly_sequel_url": "http://ficly.com/stories/10949"}], "ficly_story_title": "Dreading the Change"}