{"ficly_prequels": [], "ficly_story_url": "http://ficly.com/stories/10526", "ficly_story": "No god I know is still alive -   all five thousand and seven   appear to have died.\n\nThe great god Huitzilopochtli   led the Aztecs\u2019 divine pack -   but He departed awhile back.\n\nZeus was fun, and had His run,   but while disguised as a swan,   they say, His neck got wrung.\n\nPluto \u2013 God of the Underworld,   offended the ladies of Hades,   and got buried in his own Hell.\n\nThor, I\u2019m told, was big and bold,   but going out without a cloak,   they say, He died of the cold.\n\nAnd ghosts of dead Indian gods   can\u2019t even haunt a decent tepee,   and many die on late night T.V.\n\nNo prisoners tremble on the altar   when their beating hearts are torn   to join Tezcatlipoca in the sky.\n\nAnd no children scream as they   are loaded onto the simple machine   that feeds them to Moloch\u2019s fire.\n\n", "ficly_author_avatar_url": "http://cdn.ficly.com/icons/1733/avatar.jpg", "ficly_author_nickname": "The Athiest", "ficly_story_int": 10526, "ficly_author_url": "http://ficly.com/authors/elderlyons", "ficly_sequels": [{"ficly_sequel_int": 10527, "ficly_sequel_title": "Gods...2", "ficly_sequel_url": "http://ficly.com/stories/10527"}], "ficly_story_title": "Gods...1"}