{"ficly_prequels": [], "ficly_story_url": "http://ficly.com/stories/10626", "ficly_story": "On a beautiful July day in 1966 four very beautiful women were spreading bitter ugliness.\n\n\u201cShe must wake up before the birds to get her hair that perfect,\u201d Laura said, brushing away a strand of her blonde hair.\n\n\u201cShe couldn\u2019t have, then how could she have baked this cake? It doesn\u2019t taste \u2018slapped together.\u2019 \" Donna said.\n\n\u201cIt\u2019s nice that you don\u2019t have to worry about your figure, Donna. I could never eat _three whole slices_ of cake,\u201d Charlotte sweetly said, dripping in venom. Donna cleared her throat and slowly placed her plate on the table.\n\n\u201cShut up, Betty\u2019s coming,\u201d Rose hissed.\n\nFake smiles swept their faces.\n\n\u201cHi Betty! Lovely party!\u201d Laura said.\n\n\u201cTommy\u2019s having a wonderful time,\u201d added Donna.\n\n\u201cWell then it was all worth it,\u201d Betty said, smiling brightly\n\n", "ficly_author_avatar_url": "http://cdn.ficly.com/icons/1696/avatar.jpg", "ficly_author_nickname": "Raegan Dauterive", "ficly_story_int": 10626, "ficly_author_url": "http://ficly.com/authors/stfu_anddance", "ficly_sequels": [{"ficly_sequel_int": 10628, "ficly_sequel_title": "Mother's Little Helper (2)", "ficly_sequel_url": "http://ficly.com/stories/10628"}], "ficly_story_title": "Mother's Little Helper (1)"}