{"ficly_prequels": [{"ficly_prequel_url": "http://ficly.com/stories/1056", "ficly_prequel_title": "Answers", "ficly_prequel_int": 1056}], "ficly_story_url": "http://ficly.com/stories/1057", "ficly_story": "But how could she be the answer?\n\nShe chose her destiny long before I had a part in her life.\n\nAnd who was I to question that\u2026\n\n", "ficly_author_avatar_url": "http://cdn.ficly.com/icons/343/avatar.jpg", "ficly_author_nickname": "MissCookie", "ficly_story_int": 1057, "ficly_author_url": "http://ficly.com/authors/misscookie", "ficly_sequels": [{"ficly_sequel_int": 1058, "ficly_sequel_title": "Cryptic", "ficly_sequel_url": "http://ficly.com/stories/1058"}], "ficly_story_title": "How"}