{"ficly_prequels": [{"ficly_prequel_url": "http://ficly.com/stories/10367", "ficly_prequel_title": "Just a typical girl 6", "ficly_prequel_int": 10367}], "ficly_story_url": "http://ficly.com/stories/10368", "ficly_story": "It was almost 5:30. I was in my room looking at my outfit in the mirror. I was wearing my pink coach shoes, skinny jeans, and a hollister zip up. My hairwas straightned with a headband.   The doorbell rang. I put another lote up lipgloss on, stuck it in my bag and ran down the hall to the front door. I fixed my hair and opened the door.   \u2018\u2019Hey Justin.\u2019\u2019   \u2018\u2019Hey Izzy. You look nice.\u2019\u2019   \u2018\u2019Thanks, You too.\u2019\u2019   I yelled Bye to my mom and shut the door. He opened the back seat of the limo for me and we got in.   \u2018\u2019So what movie are we going to see?\u2019\u2019   \u2018\u2019I don\u2019t know? Do you like scary?\u2018\u2019   \u2019\u2019Sure! Any type.\u2018\u2019   \u2019\u2019Alright.\" He smiled.\n\nWe pulled up to the theater and we were dropped right infront of the doors. He grabbed my hand and walked close to me.   \u2018\u2019I really like you Izzy.\u2019\u2019   \u2018\u2019I like you too Justin. A lot.\u2019\u2019   We walked into the theater.\n\n", "ficly_author_avatar_url": "http://cdn.ficly.com/icons/2213/avatar.jpg", "ficly_author_nickname": "\u2665I.Wont.Apologize.Pick.Me.........\u2665", "ficly_story_int": 10368, "ficly_author_url": "http://ficly.com/authors/bieberbabe24", "ficly_sequels": [{"ficly_sequel_int": 10400, "ficly_sequel_title": "Just a typical girl 8", "ficly_sequel_url": "http://ficly.com/stories/10400"}], "ficly_story_title": "Just a typical girl 7"}