{"ficly_prequels": [{"ficly_prequel_url": "http://ficly.com/stories/10404", "ficly_prequel_title": "Needing To Live, Wanting To Die", "ficly_prequel_int": 10404}], "ficly_story_url": "http://ficly.com/stories/10450", "ficly_story": "She wanders lost   Forever blind   Always running out of time\n\nShe wanders lost   Through streets of embers   Always encouraging her to Forget\u2026   Or maybe Remember?\n\nShe wanders lost   Through time and space   Maybe its time   To throw this race?\n\nShe wanders lost   Forever blind   The clock is ticking\n\n_There is no time._\n\n", "ficly_author_avatar_url": "http://cdn.ficly.com/icons/24/amj.jpg", "ficly_author_nickname": "Lone Writer", "ficly_story_int": 10450, "ficly_author_url": "http://ficly.com/authors/lonewriter", "ficly_sequels": [{"ficly_sequel_int": 10453, "ficly_sequel_title": "As For Love...", "ficly_sequel_url": "http://ficly.com/stories/10453"}], "ficly_story_title": "She Wanders Lost"}