{"ficly_prequels": [{"ficly_prequel_url": "http://ficly.com/stories/997", "ficly_prequel_title": "Believe", "ficly_prequel_int": 997}], "ficly_story_url": "http://ficly.com/stories/1004", "ficly_story": "The euphoric light draw him in, his bliss was savagely ended as he felt the rusty steel blade driven into his back.\n\n", "ficly_author_avatar_url": "http://ficly.com/images/icons/avatar.jpg", "ficly_author_nickname": "Spectrum", "ficly_story_int": 1004, "ficly_author_url": "http://ficly.com/authors/ryan", "ficly_sequels": [{"ficly_sequel_int": 1006, "ficly_sequel_title": "Death Alive", "ficly_sequel_url": "http://ficly.com/stories/1006"}, {"ficly_sequel_int": 1010, "ficly_sequel_title": "His Beating Heart", "ficly_sequel_url": "http://ficly.com/stories/1010"}], "ficly_story_title": "The End, or is it?"}