{"ficly_prequels": [{"ficly_prequel_url": "http://ficly.com/stories/10054", "ficly_prequel_title": "The Neurophages XV", "ficly_prequel_int": 10054}], "ficly_story_url": "http://ficly.com/stories/10080", "ficly_story": "Lou and Miles looked on helplessly as angel and enormous battle-engine squared off. The huge machine was clutching a pitch-black sword in one of its vast three-fingered pincers, and it was apparent that it was able to move _much_ faster than such a huge construction should be able to.\n\nAs the David and Goliath tableau played out in front of them with the fighters circling, lunging and parrying, Lou noticed something. \u201cMiles!\u201d she whispered furiously, \u201clook there, on the back of the machine!\u201d\n\nMiles looked, and horror dawned on his face as he noticed the ravaged angel encased in crystal, slowly growing black as the energy was drained from him. With each heave of effort from the machine, Alba would twitch in sympathetic pain broadcast from the caged creature. Even Lou and Miles could feel it.\n\nEventually it grew too much for her. She collapsed, and a group of masked men with crystal containers on their backs emerged. Miles and Lou were summarily knocked out, as they saw the men dousing Alba in energised water.\n\n", "ficly_author_avatar_url": "http://cdn.ficly.com/icons/1673/avatar.jpg", "ficly_author_nickname": "Ridcully Calvert", "ficly_story_int": 10080, "ficly_author_url": "http://ficly.com/authors/ridcully_calvert", "ficly_sequels": [{"ficly_sequel_int": 10137, "ficly_sequel_title": "The Neurophages XVII", "ficly_sequel_url": "http://ficly.com/stories/10137"}], "ficly_story_title": "The Neurophages XVI"}