{"ficly_prequels": [{"ficly_prequel_url": "http://ficly.com/stories/5885", "ficly_prequel_title": "Machines and Machinations", "ficly_prequel_int": 5885}], "ficly_story_url": "http://ficly.com/stories/10033", "ficly_story": "Simon\u2019s nerve was the first to break. Without a word, he broke into a run headed for the front door of the Armory. He waved his arms over his head frantically. A sniper shot shattered the tense moment and the asphalt a few feet to Simon\u2019s left, but Simon didn\u2019t stop. The follow-up volley was a shout, not a shot, \u201cHey! If you understand me, go around to the side entrance of the building!\u201d\n\nSimon stopped in his tracks this time. \u201cWhich side?\u201d he yelled.\n\n\u201cLeft side. My left side!\u201d the sniper corrected, after Simon started running the wrong direction.\n\nVlad called from the edge of the forest, \u201cWe are coming too!\u201d and turned to Jay and Beth. \u201cI suggest we run too. I haven\u2019t seen any shamblers running.\u201d He grabbed them by their wrists and ran with them across the open ground, around the corner of the building to meet up with Simon.\n\nInstead, they met up with 8 men and women of varying ages holding assault rifles pointed at Simon and them. One spoke up, \u201cNobody gets in without a full bite inspection.\u201d\n\n", "ficly_author_avatar_url": "http://cdn.ficly.com/icons/1505/avatar.jpg", "ficly_author_nickname": "DoItForScience", "ficly_story_int": 10033, "ficly_author_url": "http://ficly.com/authors/doitforscience", "ficly_sequels": [{"ficly_sequel_int": 10630, "ficly_sequel_title": "Inside the Armory", "ficly_sequel_url": "http://ficly.com/stories/10630"}], "ficly_story_title": "Survivors!"}