{"ficly_prequels": [], "ficly_story_url": "http://ficly.com/stories/10784", "ficly_story": "The wise old man sat down one last time.\n\n\u201cAh, the perfect ending to my life story\u201d the old man said as he picked up his quill\n\n\u201cMaster why do you do this?\u201d Storm said\n\n\u201cI do it because my father did it and-\u201d\n\n\u201c-His father\u2019s and so on, Master you know I will die without you.\u201d\n\n\u201cNonsense!\u201d the old man said as he tightened his grip on the quill\n\nStorm eyed the ground sorrowfully\n\n\u201cStorm, someday you will take on a disciple.\u201d The master said softly\n\nTears began to run down Storm\u2019s face.\n\n\u201cAnd you will finish your story.\u201d the Master said as he began to cry too\n\nStorm embraced the Master tightly.\n\n\u201cWill you take my quill and use it\u2019s power to benefit my cause?.\u201d The Master whispered\n\n\u201cI promise Master.\u201d\n\n\u201cGood. Now it is time for me to write my last period Storm.\u201d The Master said sadly\n\n\u201cI understand.\u201d\n\n\u201cYou know they will do anything they can to get this quill.\u201d\n\n\u201cYes Master.\u201d\n\n\u201cGood then.\u201d\n\n**And with that the master wrote his last period, and suddenly died. Storm picks up the quill and leaves the room.**\n\n", "ficly_author_avatar_url": "http://cdn.ficly.com/icons/1017/avatar.jpg", "ficly_author_nickname": "The Silence [All By Myself] {LoA}", "ficly_story_int": 10784, "ficly_author_url": "http://ficly.com/authors/silentstorm", "ficly_sequels": [{"ficly_sequel_int": 10801, "ficly_sequel_title": "The Master's Quill", "ficly_sequel_url": "http://ficly.com/stories/10801"}], "ficly_story_title": "The Legacy of the Silent Storm"}