{"ficly_prequels": [], "ficly_story_url": "http://ficly.com/stories/10807", "ficly_story": "\u201cOops!\u201d Alice mumbled as she tripped over a tree root. She could see the meadow off in the distance; hear the bees buzzing and the little brook bubbling. In the dark forest, shafts of light peeked like little children through the thick canopy. Strolling through, Alice was at ease. She could hear birds in every tree, chirping their major melodies. She was reaching the edges of the forest now, where the vegetation thinned out and the first of the long grass broke through the ground. She picked up her pace to a light jog, over to the small wooden bridge that crossed the brook. Skipping over it \u2013 like she used to as a little girl \u2013 a wave of nostalgia rippled through her.   \u2018Why must everything simple end up so very complicated\u2026?\u2019 She thought, a melancholy smile playing on her rosy lips.   Stepping off the bridge she felt the long grass brush past her bare legs, the healing scars stinging. The daisies with golden yolk centres and white velvet petals had not changed in all the years she hadn\u2019t been back to this place\n\n", "ficly_author_avatar_url": "http://cdn.ficly.com/icons/1883/avatar.jpg", "ficly_author_nickname": "tinkerbelle", "ficly_story_int": 10807, "ficly_author_url": "http://ficly.com/authors/tinkerbelle", "ficly_sequels": [{"ficly_sequel_int": 10808, "ficly_sequel_title": "Fallen Daisies (2)", "ficly_sequel_url": "http://ficly.com/stories/10808"}], "ficly_story_title": "Fallen Daisies (1)"}