{"ficly_prequels": [{"ficly_prequel_url": "http://ficly.com/stories/10203", "ficly_prequel_title": "Diary of three friends 4", "ficly_prequel_int": 10203}], "ficly_story_url": "http://ficly.com/stories/10246", "ficly_story": "When we got to school the first person I saw was Andrew!!!   \u201cHey Andrew!\u201d I said with much enthusiasum, but he looked away as if he had never seen me or known me or talked to me before! So i figured he just didnt hear me. I walked over to his little gang of football players.   \u201cHey Andrew, i had so much fun yesterday\u201d I said.   \" Do I know you\" Andrew said with a nasty grin on his face.   \" Of coarse we went to the movies yesterday we saw the paranormal activity. Dont you remember how horable it was.\"   \u201cWhat ever loser\u201d he said with a chukel. Then the bell rang i was standing in the hall way in stock. I figuered out why he was acting so strange, He was embarassed to be seen with me. I suddenly dropped my books and ran. I told Norman to step on it, i told him to take me far away from here and to never speak of it again to anyone, even my closest friends.   \u201cAs you wish\u201d he said, and then he slowly drove away from the school were I got my heart shattered.\n\n", "ficly_author_avatar_url": "http://cdn.ficly.com/icons/2213/avatar.jpg", "ficly_author_nickname": "\u2665I.Wont.Apologize.Pick.Me.........\u2665", "ficly_story_int": 10246, "ficly_author_url": "http://ficly.com/authors/bieberbabe24", "ficly_sequels": [{"ficly_sequel_int": 10247, "ficly_sequel_title": "The diary of 3 friends 6", "ficly_sequel_url": "http://ficly.com/stories/10247"}], "ficly_story_title": "Diary Of 3 friends 5"}