{"ficly_prequels": [{"ficly_prequel_url": "http://ficly.com/stories/859", "ficly_prequel_title": "The Moldy Cheese", "ficly_prequel_int": 859}], "ficly_story_url": "http://ficly.com/stories/1021", "ficly_story": "You go down the path, and fall into a pit of lava, too bad.   You re spawn and go down the path. You fall into a pit of lava, too bad.   You re spawn and\u2026. do I really need do go through this again?   **GAME OVER**\n\n", "ficly_author_avatar_url": "http://ficly.com/images/icons/avatar.jpg", "ficly_author_nickname": "The Note Writer", "ficly_story_int": 1021, "ficly_author_url": "http://ficly.com/authors/note-writer", "ficly_sequels": [], "ficly_story_title": "The Left Path"}