{"ficly_prequels": [{"ficly_prequel_url": "http://ficly.com/stories/10592", "ficly_prequel_title": "Ending the Beginning", "ficly_prequel_int": 10592}], "ficly_story_url": "http://ficly.com/stories/10596", "ficly_story": "\u201cThanks,\u201d said Cerrekk, croaking a little and feeling the bruise on his neck.\n\n\u201cDon\u2019t mention it.\u201d Voln nudged the body with his boot just in case.\n\n\u201cI would\u2019ve prefered if you hadn\u2019t said the one-liner.\u201d\n\n\u201cIt\u2019s what I do.\u201d\n\nCerrekk grimaced. \u201cI mean, really? A masturbation reference? Sure you saved my life but now whenever I remember this I\u2019ll think of\u2026 _things_ happening in a back alley establishment.\u201d\n\nVoln peered ahead as if at some inner vision, shuddering. \u201cAh crap now I will as well. You\u2019ve got a dirty fucking mind!\u201d\n\n\u201cYou\u2019re the one recommending that the guy finds a place where he can get a handjob.\u201d\n\n\u201cThat\u2019s not what I was doing! It was just a badass thing to say!\u201d\n\n\u201cNow every time I thank God that I\u2019m still alive I\u2019ll be thinking of a Crivinian immigrant interfering with some hairy bastard at a parlour.\u201d\n\n\u201cAaargh.\u201d\n\n", "ficly_author_avatar_url": "http://cdn.ficly.com/icons/1707/avatar.jpg", "ficly_author_nickname": "Villain", "ficly_story_int": 10596, "ficly_author_url": "http://ficly.com/authors/villain", "ficly_sequels": [], "ficly_story_title": "Moments Later"}