{"ficly_prequels": [], "ficly_story_url": "http://ficly.com/stories/10737", "ficly_story": "_beep\u2026beep\u2026beep\u2026beep\u2026_\n\nThe clock counts down. _**1 month, 4 days, 11 hours, 44 minutes, 39. 1 month, 4 days, 11 hours, 44 minutes, 38. 1 month, 4 days, 11 hours, 44 minutes, 37\u2026\u2026**_\n\nThe grinding of machinery is deafening to any one not used to it as we are.\n\n\u201cCOME ON YOU LOT\u201d shouts the supervisor from his loud speaker, \u201cYOU CAN SEE THE CLOCK! WE HAVE JUST OVER ONE MONTH AND WE\u2019RE A LEAST 2 MONTHS BEHIND SCHEDULE!\u201d\n\nA collective groan coomes from us below. \u201cWe\u2019ll be working over time to get all this done\u201d mutters my friend Henry beside me. \u201cIf only we hadn\u2019t had that breakdown problem last month\u201d I reply. Henry nods and we get back to work.\n\nLet me describe the work process for you. Letters pour into a large vat at one end of the gigantic hall and are filtered out into our different sections, in regards to the first item on the list. Me, Henry and 15 others all work in the gadgets department. What we do is the item scans onto our computer screens and we order it from the right part of the workshop\n\n", "ficly_author_avatar_url": "http://cdn.ficly.com/icons/2536/avatar.jpg", "ficly_author_nickname": "Jenni Summers", "ficly_story_int": 10737, "ficly_author_url": "http://ficly.com/authors/jennisummers", "ficly_sequels": [{"ficly_sequel_int": 10738, "ficly_sequel_title": "The Other Side Of The Story*", "ficly_sequel_url": "http://ficly.com/stories/10738"}], "ficly_story_title": "The Other Side Of The Story"}