{"ficly_prequels": [{"ficly_prequel_url": "http://ficly.com/stories/10393", "ficly_prequel_title": "Just another day in paradise #5", "ficly_prequel_int": 10393}], "ficly_story_url": "http://ficly.com/stories/10417", "ficly_story": "I changed into dark super skinny jeans with rips from abercrombie, a light blue cami with a long sleeved plaid button-down atop it, along with a brown cowbot belt draped across the front. I slipped on brown UGG slippers, and kept my hair down and straight with a brown headband.   I walked outside heading for the skatepark where my brother Derrek was with his new friend.   The unknown boy looked gorgeous from behind.   I walked over to them, as he turned around.   I gasped.   \u201cYour justin bieber!\u201d   His eyes widened.   \u201cDerek this is your sister?\u201d   Derek nodded.   This girls were all staring at him, blabbering and screaming. Instead of paying attention to them, he didn\u2019t look away from me.   My eyes narrowed.   \u201cStop looking at me like that!\u201d   \u201cSorry..your just soo beautiful.\u201d He smiled charmingly.   The girls oohed and awed. It wasn\u2019t like that for me.   \u201cYou think that jut because your so famous, that you can get any girl you want. But your wrong!\u201d   And with that, I stomped away.\n\n", "ficly_author_avatar_url": "http://cdn.ficly.com/icons/2443/avatar.jpg", "ficly_author_nickname": "just another girl", "ficly_story_int": 10417, "ficly_author_url": "http://ficly.com/authors/user-354", "ficly_sequels": [{"ficly_sequel_int": 10478, "ficly_sequel_title": "Just another day in paradise #7", "ficly_sequel_url": "http://ficly.com/stories/10478"}], "ficly_story_title": "Just another day in paradise #6"}