{"ficly_prequels": [{"ficly_prequel_url": "http://ficly.com/stories/1036", "ficly_prequel_title": "The Night Time Waltz", "ficly_prequel_int": 1036}], "ficly_story_url": "http://ficly.com/stories/1053", "ficly_story": "She lay her weary head upon my chest, just this simple action sent my body into a giddy shock. Everything about her invited me, her full red lips were so kissable, her perfect blue eyes glistened like the autumn dew. I kissed the crown of her a head and inhaled her sweet scent.\n\nShe looked up at me and smiled, I smiled back nervously, not because I felt uncomfortable but because I felt extremely lucky. She looked up at me thoughtfully and uttered two words, \u201ckiss me\u201d.\n\nI lent in and our lips locked, she felt so dainty next to me, I didn\u2019t want to hurt her. Her lips felt as good as they looked, so soft they caressed mine like velvet. She pulled her head away and a worried look spread across her face, it seemed out of place on her faultless face.\n\nI looked away, I knew she saw what I was trying to hide but I couldn\u2019t ask her, not yet, I didn\u2019t want to spoil a most perfect of evenings. Smiling once more I kissed her fore head, \u201cI love you, you know\u201d. She looked away and whispered in a gentle tone \u201cyes, I know\u201d.\n\n", "ficly_author_avatar_url": "http://ficly.com/images/icons/avatar.jpg", "ficly_author_nickname": "Spectrum", "ficly_story_int": 1053, "ficly_author_url": "http://ficly.com/authors/ryan", "ficly_sequels": [], "ficly_story_title": "Perfect Evening"}