{"ficly_prequels": [{"ficly_prequel_url": "http://ficly.com/stories/10774", "ficly_prequel_title": "Calendar of a Blind man...part 4", "ficly_prequel_int": 10774}], "ficly_story_url": "http://ficly.com/stories/10775", "ficly_story": "November 25th: The wind is very cold and John is scared as it beats against the house. He thinks it might fall over. The nurses laugh gently and call him a \u201csilly dear.\u201d\n\nNovember 26th: John sees Tessie running to the stairs and follows her. He trips on a shoe and fractures his pelvis. He is rushed to hospital. It smells too clean. The ambulance makes nasty noises. John is scared.\n\nNovember 27th: John doesn\u2019t know anyone in the hospital. He doesn\u2019t recognise voices or smells. He tries to say he doesn\u2019t need help but can\u2019t. Nobody comes to visit him. Nobody cares.\n\nNovember 28th: John is left alone all night. He calls for a nurse but one doesn\u2019t come. He waits in the dark and shivers. He wishes his mother was there to hold his hand. He wants his teddy.\n\nNovember 29th: John is confirmed dead. His body is sent home in an ambulance. The nurses at the Old People\u2019s Home send it to his granddaughter.\n\nNovember 30th: John is buried. The funeral had been arranged before he died. A poppy is planted over the gravestone.\n\n", "ficly_author_avatar_url": "http://cdn.ficly.com/icons/4271/avatar.jpg", "ficly_author_nickname": "Abby (LoA)", "ficly_story_int": 10775, "ficly_author_url": "http://ficly.com/authors/abbywall", "ficly_sequels": [], "ficly_story_title": "Calendar of a Blind man...part 5"}