{"ficly_prequels": [{"ficly_prequel_url": "http://ficly.com/stories/10500", "ficly_prequel_title": "Just a typical girl 9", "ficly_prequel_int": 10500}], "ficly_story_url": "http://ficly.com/stories/10501", "ficly_story": "We got up from the chair and went to his guitar.   \u2018\u2019I wrote this song for you.\u2019\u2019   He played me a part of a song.   \u2018\u2019I didn\u2019t finish.\u2018\u2019   \u2019\u2019I love it.\u2018\u2019 I gave him a hug.   I didn\u2019t care that all my friends hated me because I was going out with him,   I was happy nd thats all that counted.   \u2018\u2019Are you hungry?\u2019\u2019 He said.   \u2018\u2019A little.\u2019\u2019 He led me to hiss kitchen.   \u201cWhat do you like.\u201d He asked.   \u2018\u2019Anything.\"   In a few seconds we had a big breakfast infront of us.   My cell phone rang.   \u2019\u2019Hello.\u2018\u2019   \u2019\u2019I\u2019m here.\u2018\u2019   \u2019\u2019Kay be right out.\u2018\u2019 I hung up.   \u2019\u2019My moms here.\u2019\u2019 I kissed him on the cheek and hugged him goodbye. Thanks Justin, Text you later.\n\n", "ficly_author_avatar_url": "http://cdn.ficly.com/icons/2213/avatar.jpg", "ficly_author_nickname": "\u2665I.Wont.Apologize.Pick.Me.........\u2665", "ficly_story_int": 10501, "ficly_author_url": "http://ficly.com/authors/bieberbabe24", "ficly_sequels": [], "ficly_story_title": "just a typical girl 10"}