{"ficly_prequels": [], "ficly_story_url": "http://ficly.com/stories/10126", "ficly_story": "La route d\u00e9filant sous ses pas \u00e0 une vitesse d\u2019environ 3\u00a0km/h, Ernest respirait l\u2019air frais du mois de septembre. Les mains dans les poches, feuilles virevoltant autour de lui, il esp\u00e9rait que la neige viendrait bient\u00f4t. L\u2019automne et le printemps sont les saisons qu\u2019Ernest d\u00e9teste le plus. L\u2019\u00e9t\u00e9 il fait beau, l\u2019hiver il y a la neige. Entre les deux il n\u2019y a que du froid et de la pluie.\n\nC\u2019\u00e9tait donc d\u2019un air maussade qu\u2019il arriva au bureau. La t\u00eate remplie d\u2019id\u00e9es d\u00e9primantes, il fit glisser sa chaise et se laissa choir dessus. Il alluma machinalement son ordinateur, un vieux Mac qu\u2019il commen\u00e7ait \u00e0 trouver un peu lent. Sentant l\u2019appelle de la caf\u00e9ine, il se dirigea vers la cuisine et se versa une tasse. En passant devant la fen\u00eatre, il prit conscience d\u2019une tache sombre dans le ciel. 57 nouveaux messages indiquaient son \u00e9cran.   -ehhh? Il jeta un autre regard vers la fen\u00eatre.\n\nLa tache sombre semblait avoir pris de l\u2019expansion. Son regard semblait \u00e9galement s\u2019embrouiller, ou bien c\u2019\u00e9tait le sol qui tremblait\n\n", "ficly_author_avatar_url": "http://cdn.ficly.com/icons/531/avatar.jpg", "ficly_author_nickname": "Philippe Mongeau", "ficly_story_int": 10126, "ficly_author_url": "http://ficly.com/authors/phmongeau", "ficly_sequels": [{"ficly_sequel_int": 10286, "ficly_sequel_title": "Le Jour Effroyable d'Ernest, La Deuxieme Partie", "ficly_sequel_url": "http://ficly.com/stories/10286"}], "ficly_story_title": "Insert title later... I don't have any good one for now :("}