{"ficly_prequels": [], "ficly_story_url": "http://ficly.com/stories/11053", "ficly_story": "The wicked witch of the west sat in her basement grouchily It was raining.\n\n\u201cI hate water!\u201d She grumbled\n\nA drop of water dripped from the ceiling and fell into the puddle in the corner. The witch shuddered.\n\n\u201cAt least it\u2019s better than being fatally allergic to fire! \" She sneered as she thought of her sister freezing her stupid pretty butt off during the winter\n\nThe wicked witch sighed. And began to take on a more serene side\n\n\u201cWhy do me and my sister have to suffer so?\u201d she thought \u201cIn the summer I fry in the winter she freezes.\u201d\n\nThe truth was the wicked witch of the west was actually the good witch. She was persecuted for her ugliness and her short temper. Her and her sister were polar opposites. Or almost polar opposites.\n\n\u201cHow can she get away with being so evil?\u201d\n\nThe witch sat back in her chair and almost felt tears well up in her eyes. She smartened up quickly\n\n\u201cIt\u2019s not fair she can tell all these people to follow the yellow brick road and have her servant boy Oz send them here to try and kill me!\u201d\n\n", "ficly_author_avatar_url": "http://cdn.ficly.com/icons/1017/avatar.jpg", "ficly_author_nickname": "The Silence [All By Myself] {LoA}", "ficly_story_int": 11053, "ficly_author_url": "http://ficly.com/authors/silentstorm", "ficly_sequels": [{"ficly_sequel_int": 11054, "ficly_sequel_title": "The Rain stops a Scheme begins", "ficly_sequel_url": "http://ficly.com/stories/11054"}], "ficly_story_title": "What the Wicked Witch of the West did on Rainy Days"}