{"ficly_prequels": [{"ficly_prequel_url": "http://ficly.com/stories/99", "ficly_prequel_title": "&quot;Incident&quot;", "ficly_prequel_int": 99}], "ficly_story_url": "http://ficly.com/stories/100", "ficly_story": "\u201cHe was an old softie who needed to be taken down a notch, Cin\u2026besides; Kaylor thought it was really funny.\u201d\n\n\u201cYou\u2019re a bad influence on His Highness. Can you imagine him ruling the kingdom with you at his back, egging him on?\u201d Cinder\u2019s face took on an expressive look of horror, apparently imagining this particular scenario.\n\n\u201cCome on Cinder, stoppit. Let\u2019s go do something fun, eh?\u201d Accamel fidgeted and stood up in a bolt of energy. Cinder groaned and hauled herself to her feet as well.\n\n\u201cAce\u2026come on, now. Nothing crazy\u2026\u201d\n\nAccamel turned around and smiled mischievously at his mentor. \u201cCinder, you should know by now- with me, it\u2019s always crazy!\u201d\n\n", "ficly_author_avatar_url": "http://cdn.ficly.com/icons/2978/avatar.jpg", "ficly_author_nickname": "Insert Pen Name Here", "ficly_story_int": 100, "ficly_author_url": "http://ficly.com/authors/insertpennamehere", "ficly_sequels": [{"ficly_sequel_int": 101, "ficly_sequel_title": "Elise", "ficly_sequel_url": "http://ficly.com/stories/101"}], "ficly_story_title": "Mischief"}