{"ficly_prequels": [{"ficly_prequel_url": "http://ficly.com/stories/1015", "ficly_prequel_title": "Battle of the Beasts", "ficly_prequel_int": 1015}], "ficly_story_url": "http://ficly.com/stories/1075", "ficly_story": "Towering above them, claws extended and feet wide apart, the skeletal creature moved into view.\n\n", "ficly_author_avatar_url": "http://cdn.ficly.com/icons/621/avatar.jpg", "ficly_author_nickname": "NinjaChicken", "ficly_story_int": 1075, "ficly_author_url": "http://ficly.com/authors/ninjachicken", "ficly_sequels": [{"ficly_sequel_int": 1080, "ficly_sequel_title": "gIrL", "ficly_sequel_url": "http://ficly.com/stories/1080"}, {"ficly_sequel_int": 1146, "ficly_sequel_title": "Death at the hands of Mo", "ficly_sequel_url": "http://ficly.com/stories/1146"}], "ficly_story_title": "Into View"}