{"ficly_prequels": [{"ficly_prequel_url": "http://ficly.com/stories/10188", "ficly_prequel_title": "Lust is Irresistible", "ficly_prequel_int": 10188}], "ficly_story_url": "http://ficly.com/stories/10287", "ficly_story": "Emily stares at me for moment as if sizing me up. Then she simply says flirtaciously:\n\n\u201cOk, I\u2019ll see you later.\u201d\n\nI smile at her and then turn to walk away. Out of the corner of my eye I can see her peering at me through the door. A figure suddenly appears beside me.\n\n\u201cWe did a good job didn\u2019t we?\u201d Pride says\n\n\u201cPssht. You didn\u2019t even see the whole thing.\u201d I mumbled\n\nWe both rounded a corner and soon came up on my classroom. Pride gave out a hearty laugh. I couldn\u2019t help but smile. I didn\u2019t get to see pride often. I\u2019m not a very prideful person.\n\n\u201cWell I must be going now. Desire wants to make an appearance.\u201d Pride grumbled \u201cI barely ever get to see you.\u201d\n\nI was about to say something in my/his defense but he was already gone. I walked into the classroom and sat down.\n\n\u201cWell today turned out a lot different then I thought.\u201d\n\nI leaned back in my chair and my thoughts drifted towards Emily.\n\nAnd that\u2019s when Desire decided to show up.\n\n", "ficly_author_avatar_url": "http://cdn.ficly.com/icons/1017/avatar.jpg", "ficly_author_nickname": "The Silence [All By Myself] {LoA}", "ficly_story_int": 10287, "ficly_author_url": "http://ficly.com/authors/silentstorm", "ficly_sequels": [{"ficly_sequel_int": 10291, "ficly_sequel_title": "More Mixed Emotions", "ficly_sequel_url": "http://ficly.com/stories/10291"}], "ficly_story_title": "An Unexpected Response"}