{"ficly_prequels": [{"ficly_prequel_url": "http://ficly.com/stories/1012", "ficly_prequel_title": "Game Over", "ficly_prequel_int": 1012}], "ficly_story_url": "http://ficly.com/stories/1014", "ficly_story": "The problem was the blade stabbed in his back should have been the clue. He had just pulled the knife out. Did they think cutting his heart out would really stop him. They obviously had not read up on their zombie folklore.\n\n", "ficly_author_avatar_url": "http://cdn.ficly.com/icons/1713/avatar.jpg", "ficly_author_nickname": "ernmander", "ficly_story_int": 1014, "ficly_author_url": "http://ficly.com/authors/ernmander", "ficly_sequels": [{"ficly_sequel_int": 1015, "ficly_sequel_title": "Battle of the Beasts", "ficly_sequel_url": "http://ficly.com/stories/1015"}], "ficly_story_title": "It walks"}