{"ficly_prequels": [{"ficly_prequel_url": "http://ficly.com/stories/10929", "ficly_prequel_title": "I've Got a Bad Feeling About This (1)", "ficly_prequel_int": 10929}], "ficly_story_url": "http://ficly.com/stories/10977", "ficly_story": "Ashlee looked back and forth between her cab, Kelsey and Jesse.   \u201cWell\u2026 that is my cue to exit,\u201d she said before slipping into the taxi and disappearing.\n\n\u201cWhat are you doing here?\u201d Kelsey finally asked.   \u201cIt\u2019s a long story, I could ask you the same thing\u2026\u201d Jesse said, eyeing Kelsey.   \u201c_I\u2019m_ twenty-one,\u201d Kelsey said, unable to move.   \u201cMe too,\u201d Jesse said with a cocky grin slapped on his face.   \u201cSays who?\u201d   \u201cMy I.D.\u201d   \u201cWell that\u2019s a lie,\u201d   \u201cWhatever, you don\u2019t look so good, are you alright? Do you want to sit down?\u201d   Kelsey nodded as Jesse dragged another chair to the closest empty table. Kelsey sat down and ran her hand over her forehead, she felt drugged, like she might float away if she didn\u2019t hold onto her chair with her white knuckles. She couldn\u2019t tell what was making her this way. Was it the loud music or being in Jesse\u2019s prescence that intoxicated her. Kelsey looked into Jesse\u2019s eyes, they looked familiar, they looked like James\u2019s hazel eyes. Suddenly she could only hear her own irregular heartbeat.\n\n", "ficly_author_avatar_url": "http://cdn.ficly.com/icons/1696/avatar.jpg", "ficly_author_nickname": "Raegan Dauterive", "ficly_story_int": 10977, "ficly_author_url": "http://ficly.com/authors/stfu_anddance", "ficly_sequels": [{"ficly_sequel_int": 10978, "ficly_sequel_title": "I've Got a Bad Feeling About This (3)", "ficly_sequel_url": "http://ficly.com/stories/10978"}], "ficly_story_title": "I've Got a Bad Feeling About This (2)"}