{"ficly_prequels": [], "ficly_story_url": "http://ficly.com/stories/10496", "ficly_story": "Music thumped. Groups of people were gathered in the middle of the living room dancing. Well If you can call it that. It\u2019s more a sort of ritual they go through, to find a mate most worthy of their time. In the middle of this, dances 16 year old Zoe. Her eyes wide with the effects of too much alcohol coming from not knowing her limits. She smiled hazily up at the boy she was dancing with. He smiled back. She was enjoying herself so much more than she\u2019s ever done before. She turned her back against the boys front and continued dancing, his hands brushing her waist.\n\nHer friends had decided that for her 16th birthday they should go to a club to celebrate her \u2018coming of age\u2019 so to speak. So here they were, well she was. She had no idea where her friends had disappeared to but George had asked her for a dance and she\u2019d happily obliged.\n\nIn her specially chosen black mini skirt, too small silvery top and silver heels she swayed from side to side, enjoying the feeling of George dancing right behind her.\n\n", "ficly_author_avatar_url": "http://cdn.ficly.com/icons/2536/avatar.jpg", "ficly_author_nickname": "Jenni Summers", "ficly_story_int": 10496, "ficly_author_url": "http://ficly.com/authors/jennisummers", "ficly_sequels": [{"ficly_sequel_int": 10497, "ficly_sequel_title": "Whispered discussions", "ficly_sequel_url": "http://ficly.com/stories/10497"}], "ficly_story_title": "Sweet 16 and Never Been Kissed"}