{"ficly_prequels": [], "ficly_story_url": "http://ficly.com/stories/10802", "ficly_story": "It was like any other day at work when I noticed it. Her. Kathleen. _Kat_, with her strawberry blonde mass of curls in a messy bun topping her head. She chewed her fingernails, which were chipped black, as she hurriedly placed her cigarettes in her leather bag and looked me in the eye.   \u201cHelp me get ready,\u201d she said as I nodded at her ice blue eyes and smudged eyeliner.\n\nShe sauntered in front of me, her frayed denim shorts caught my wandering eyes as her thong peeked out above her shorts and her shirt hugged her taut little body.   _Kat is sexy,_ I realize.\n\n", "ficly_author_avatar_url": "http://cdn.ficly.com/icons/1696/avatar.jpg", "ficly_author_nickname": "Raegan Dauterive", "ficly_story_int": 10802, "ficly_author_url": "http://ficly.com/authors/stfu_anddance", "ficly_sequels": [{"ficly_sequel_int": 10803, "ficly_sequel_title": "Kat is Sexy (2)", "ficly_sequel_url": "http://ficly.com/stories/10803"}], "ficly_story_title": "Kat is Sexy (1)"}