{"ficly_prequels": [], "ficly_story_url": "http://ficly.com/stories/10371", "ficly_story": "One sip and I remembered why I hated traveling. Egyptian coffee is the worst, if you\u2019re picking an exotic locale to visit and stake out a cafe. The sun beat down, threatening to ignite my fedora and white suit. That would have been a shame considering what I paid for it. Then again, it wasn\u2019t like I didn\u2019t have money to burn.\n\nKhadir Al Fahid finally arrived, grinning an impish grin on his fat face. That seemed justification enough to me, but my employers wanted me to make sure. The memories were fresh, and he didn\u2019t fight when I teased them to the surface. Faces filled with fear turned up towards him in his mind\u2019s eye. His own plump hands filled his view, engulfing a small body with brutal abandon.\n\nI had to take a sip of the horrid coffee just to cleanse my palate. A moment\u2019s concentration, and Khadir collapsed dead into his overpriced tea. The coroner would later find a burst aneurysm, a natural death.\n\nAlmost laughable what telekinesis and a basic understanding of neuroanatomy can accomplish.\n\n", "ficly_author_avatar_url": "http://cdn.ficly.com/icons/29/AHFL_icon.JPG", "ficly_author_nickname": "THX 0477", "ficly_story_int": 10371, "ficly_author_url": "http://ficly.com/authors/thx0477", "ficly_sequels": [{"ficly_sequel_int": 12760, "ficly_sequel_title": "The debriefing, or, How to not quite get fired", "ficly_sequel_url": "http://ficly.com/stories/12760"}], "ficly_story_title": "Out for Coffee, In the Tea"}