{"ficly_prequels": [{"ficly_prequel_url": "http://ficly.com/stories/10683", "ficly_prequel_title": "The Hiding pt.5", "ficly_prequel_int": 10683}], "ficly_story_url": "http://ficly.com/stories/10684", "ficly_story": "Unsteadily, she got out of her chair and stumbled towards her door. She stood for a few seconds with her hand on the doorknob, swaying. Finally, with a flick of her wrist, she twisted the doorknob and pulled the door.   She couldn\u2019t believe her eyes. At first, the picture before her didn\u2019t register properly. As her eyes focused, she noticed that it was already dark and the streetlights had turned on; all except for the broken one in front of her house. On her doorstep, stood the same small man from earlier, this time with a very large rectangular package on a trolley. Again, it was wrapped in paper and tied with string.   \u201cEvenin\u2019\u201d he muttered under his breath, \u201cYou can keep the trolley.\u201d He scuttled off into the night without another word. Mary was very puzzled. She trotted forward and examined the large object. She knocked on it. It sounded metallic and slightly hollow. Instead of trying to guess what it was, she walked to the handles of the trolley and wheeled it inside.\n\n", "ficly_author_avatar_url": "http://cdn.ficly.com/icons/1883/avatar.jpg", "ficly_author_nickname": "tinkerbelle", "ficly_story_int": 10684, "ficly_author_url": "http://ficly.com/authors/tinkerbelle", "ficly_sequels": [{"ficly_sequel_int": 10685, "ficly_sequel_title": "The Hiding pt.7", "ficly_sequel_url": "http://ficly.com/stories/10685"}], "ficly_story_title": "The Hiding pt.6"}