{"ficly_prequels": [{"ficly_prequel_url": "http://ficly.com/stories/10580", "ficly_prequel_title": "The Curse:Twisted", "ficly_prequel_int": 10580}], "ficly_story_url": "http://ficly.com/stories/10976", "ficly_story": "We walked into the woods and towards home. Johnny,Sam,Lorcan, and I going home. Johnny may have been a vampire,but he was always welcome in the pack.   \u201cJohnny are you staying with the pack or going off by yourself?\u201dI asked him.   \u201cJohnny,I am sure our pack would be glad to see you.\u201dSam stated.   Johnny looked at us and smiled.   \u201cYeah,I\u2019m staying.\u201dHe said.   \u201cAwesome!\u201dI yelled and gave him a hug.   Lorcan barked.I knelt down and pet him. He licked my face,then Sam\u2019s.He bit Johnny\u2019s ankle.   \u201cOww.\u201dHe yelled and knelt down to grab Lorcan\u2019s collar.   He pulled Lorcan into the woods. He started yelling.I tried to listen, but all I could here was, \u201cListen up, pup.I am the alpha male here, not Sam!\u201d   I ran into the woods after Johnny and Lorcan.   \u201cJohnny, I think it would be best if you left.\u201dI said.   He tried to seduce me, like a succubus.   \u201cBut I love you.\u201dhe said and tried to kiss me.   I kicked him away and screamed\"No, Johnny!\"   Sam came running over and said\"What happened,Amy?\"   \u201cThat beast tried to kiss me!\u201dI yelled at Sam.\n\n", "ficly_author_avatar_url": "http://cdn.ficly.com/icons/4222/avatar.jpg", "ficly_author_nickname": "Wolfie", "ficly_story_int": 10976, "ficly_author_url": "http://ficly.com/authors/wolfie", "ficly_sequels": [{"ficly_sequel_int": 11669, "ficly_sequel_title": "The Curse: Reminder (Sam's POV)", "ficly_sequel_url": "http://ficly.com/stories/11669"}], "ficly_story_title": "The Curse:Boys"}