{"ficly_prequels": [{"ficly_prequel_url": "http://ficly.com/stories/1060", "ficly_prequel_title": "Courage", "ficly_prequel_int": 1060}], "ficly_story_url": "http://ficly.com/stories/1066", "ficly_story": "You know the answer,\n\nIf it is her you want,\n\nThen that is enough for you to fight for,\n\nSurely.\n\n", "ficly_author_avatar_url": "http://ficly.com/images/icons/avatar.jpg", "ficly_author_nickname": "Spectrum", "ficly_story_int": 1066, "ficly_author_url": "http://ficly.com/authors/ryan", "ficly_sequels": [], "ficly_story_title": "Faith"}