{"ficly_prequels": [], "ficly_story_url": "http://ficly.com/stories/1028", "ficly_story": "The day was a whirl to a seven year old child. Lights flashed, people cheered, trumpets rang, and everything was great.\n\nA girl dressed in a large feathered hat and a frilled pink dress scurried through the crowd, smiling and laughing as she ran from voices calling her name.   She skipped through a crowded area before breaking from the crowd, ducking under a wooden fence, and racing to the stables before her.\n\n\u201cSophia Marie-Daniel!\u201d A harsh voice called behind her as she reached the door of the stables. Laughing to herself, she hurried to her destination.\n\n\u201cBells!\u201d She whispered, moving into the stall. The black filly made a small noise, turning to the small girl and brushing her nose against her.\n\n\u201cGood Luck Bells!\u201d The girl whispered once more before a figure dressed in the farm colors came in the door. The jockey laughed when he saw her before leading the girl back to her anxious parents.\n\n\u201cDon\u2019t worry, I will take good care of your Bells!\u201d He told her before he left back to the stables.\n\n", "ficly_author_avatar_url": "http://cdn.ficly.com/icons/379/avatar.jpg", "ficly_author_nickname": "The Last Squeek", "ficly_story_int": 1028, "ficly_author_url": "http://ficly.com/authors/slynn", "ficly_sequels": [{"ficly_sequel_int": 1031, "ficly_sequel_title": "Bells; A Prolouge II", "ficly_sequel_url": "http://ficly.com/stories/1031"}], "ficly_story_title": "Bells; A Prolouge I"}