{"ficly_prequels": [{"ficly_prequel_url": "http://ficly.com/stories/10308", "ficly_prequel_title": "Just a typical girl 4", "ficly_prequel_int": 10308}], "ficly_story_url": "http://ficly.com/stories/10309", "ficly_story": "He was by the lunch monitors. I got my lunch tray and pretended to go to the garbage and pretend I didnt notice.   \u2018\u2019Hey Izzy.\u2019\u2019 It was his voice.   \u2018\u2019Oh Hey Justin. You have a bit of lipstick..\u2019\u2019   \u2018\u2019I know I know.\u2019\u2019 He interrupted. I wiped it of for him.   \u2018\u2019Girls are attacking me. I knew Public school wasent a good idea.\u2019\u2019 He looked down.   \u2018\u2019No, Thats not true.\u2019\u2019 He walked to an empty table and sat down. I joined him.   He smiled at me.   \u2018\u2019You know, your one of the only girls that arrent attacting me like obbsesed fans?\u2019\u2019 He said with a big smile and looked me in the eyes. I tried not to make contact but, they were beautiful. I laughed a little.   \u2018\u2019You know your hair is really gorgeous? So are your eyes.\u2019\u2018\u2019   \u2019\u2019Thanks.\u2018\u2019 Then the bell rang. He wrote down his number and gave it to me.   \u2019\u2019Whats yours?\u2019\u2019 I wrote it down quickly, the head to class.\n\n", "ficly_author_avatar_url": "http://cdn.ficly.com/icons/2213/avatar.jpg", "ficly_author_nickname": "\u2665I.Wont.Apologize.Pick.Me.........\u2665", "ficly_story_int": 10309, "ficly_author_url": "http://ficly.com/authors/bieberbabe24", "ficly_sequels": [{"ficly_sequel_int": 10367, "ficly_sequel_title": "Just a typical girl 6", "ficly_sequel_url": "http://ficly.com/stories/10367"}], "ficly_story_title": "Just a typical girl 5"}