{"ficly_prequels": [], "ficly_story_url": "http://ficly.com/stories/10880", "ficly_story": "Devin,\n\nI didn\u2019t think it possible, but you disgust me far more now than you did last Sunday. Really bad plan, there. I\u2019d expect even you to be able to see that what you did requires a LOT more than an apology. Emma and I have no plans of being good friends with you, and no amount of sucking up or \u201cremorse\u201d you can give will change that fact!\n\nAnd you still \u201clove\u201d her! Unbelievable! Do you honestly think she\u2019ll go out with you, after you blackmailed her trying to get some nudes from her? You make her physically ill with all the BS she has to put up with from you. She, for some reason, believes people change, but finds you to be a lost cause.\n\nWhatever.   I don\u2019t care what you do.   You have no facts to support anything that you may fabricate about me.   Sorry to hurt your feelings, but more people will believe me.\n\nWith as little respect as possible,   Elisabeth\n\n", "ficly_author_avatar_url": "http://cdn.ficly.com/icons/1547/avatar.jpg", "ficly_author_nickname": "Elisabeth L. Davis(LoA)", "ficly_story_int": 10880, "ficly_author_url": "http://ficly.com/authors/lisdavis", "ficly_sequels": [{"ficly_sequel_int": 10914, "ficly_sequel_title": "Dear Luke", "ficly_sequel_url": "http://ficly.com/stories/10914"}], "ficly_story_title": "Open Letters to People that Bother Me: Devin"}