{"ficly_prequels": [{"ficly_prequel_url": "http://ficly.com/stories/10425", "ficly_prequel_title": "In the Shadows of Men (6)", "ficly_prequel_int": 10425}], "ficly_story_url": "http://ficly.com/stories/10469", "ficly_story": "\u201cThere was water on the floor and my foot slipped\u201d I tried to explain.\n\n\u201cWell then why didn\u2019t you clean it up?\u201d he replied, in the same tone, getting angrier by the second.\n\n\u201cBecause I didn\u2019t know it was there\u201d I protested feebly.\n\n\u201cDIDN\u2019T KNOW IT WAS THERE?\u201d he bellowed, grabbing my elbow and hevaing me off the floor. \u201cIt\u2019s time you learnt your place girl\u201d he hissed.\n\n\u201cPlease,\u201d my Aunt said, coming to my rescue \u201cI spilled the water\u201d she said, \u201cI just forgot to clean it up\u201d she said, her head bowed.\n\n\u201cLazy cow\u201d he said to her. \u201cBut I am still certain she did it on purpose.\u201d\n\n\u201cShe has a name\u201d my Aunt protested, \u201cDana, her name is Dana\u201d\n\n\u201cAre you contradicting me?\u201d he asked threateningly\n\n\u201cNo sir,\u201d My Aunt replied meekly.\n\nShe wasn\u2019t my saviour after all. I tried to free my elbow from his grip but he held on tight.\n\n\u201cAnd where do you think you\u2019re going urchin?\u201d he said in my direction.\n\n", "ficly_author_avatar_url": "http://cdn.ficly.com/icons/2536/avatar.jpg", "ficly_author_nickname": "Jenni Summers", "ficly_story_int": 10469, "ficly_author_url": "http://ficly.com/authors/jennisummers", "ficly_sequels": [{"ficly_sequel_int": 10621, "ficly_sequel_title": "In The Shadows Of Men (8)", "ficly_sequel_url": "http://ficly.com/stories/10621"}], "ficly_story_title": "In the Shadows Of Men (7)"}