{"ficly_prequels": [{"ficly_prequel_url": "http://ficly.com/stories/10953", "ficly_prequel_title": "Questions of Cartagena.", "ficly_prequel_int": 10953}], "ficly_story_url": "http://ficly.com/stories/10954", "ficly_story": "The room was dark, the sparse furniture lit by the eerie glow of a large computer monitor.\n\nA small dark figure sat sat before the desk. He scrolled through pictures, text documents, absently operating the computer, the light of the monitor glinting off his glasses.\n\nSuddenly his expression changed, his dull eyes widening and gaining an intense focus. He stopped scrolling and stared a photo. Below the photo was a caption with one word.\n\n_Janus_\n\n\u201cGot you.\u201d the figure licked his lips and smiled.\n\nSuddenly the screen went dark and the figure heard automatic gunfire. He cursed and quickly grabbed the disk drive of the computer, fumbling in the dark.\n\nThe door opened and revealed a looming outline, backed by red emergency lights.\n\n\u201cYou saw it?\u201d the man in the doorway asked. \u201cYes.\u201d replied the agitated figure. \u201cBring him, now.\u201d the man ordered .\n\nThe figure dropped the computer equipment he was holding and composed himself as he walked towards another door opposite the doorway lit in red.\n\n", "ficly_author_avatar_url": "http://ficly.com/images/icons/avatar.jpg", "ficly_author_nickname": "Funtime Bobby", "ficly_story_int": 10954, "ficly_author_url": "http://ficly.com/authors/funtime_bobby", "ficly_sequels": [{"ficly_sequel_int": 10957, "ficly_sequel_title": "Questions of togetherness.", "ficly_sequel_url": "http://ficly.com/stories/10957"}], "ficly_story_title": "He could stop them"}