{"ficly_prequels": [{"ficly_prequel_url": "http://ficly.com/stories/5503", "ficly_prequel_title": "Sophia", "ficly_prequel_int": 5503}], "ficly_story_url": "http://ficly.com/stories/10799", "ficly_story": "Emily laughs and squats on me, putting all her weight on my chest so I can\u2019t move. \u201cIt won\u2019t come out!\u201d She laments.\n\n\u201cGood!\u201d I gasp.\n\n\u201cNo!\u201d She pouts and tries to force out a fart onto my collarbone.\n\n\u201cDon\u2019t try too hard!\u201d I pant. \u201cYou could poop!\u201d\n\n\u201cI will not!\u201d\n\n\u201cYou could! Maybe your fart is actually a little poop waiting to come out! If you poop your pants, I will never let you live it down!\u201d\n\nShe gets up from my chest and I can\u2019t stop laughing. \u201cIt wouldn\u2019t come out.\u201d\n\n\u201cYou say that, but you mean that your body loves me too fart on me\u2026and you were afraid of pooping your pants,\u201d I argue.\n\n\u201cIf you don\u2019t stop laughing I will poop on you while you sleep,\u201d she threatened.\n\n\u201cNo you won\u2019t.\u201d\n\n\u201cSays who?\u201d\n\n\u201cSays me.\u201d\n\n\u201cWhy not?\u201d\n\n\u201cBecause you sleep on me. Why would you sleep in poop?\u201d\n\n\u201cMaybe I have a fetish.\u201d\n\n\u201cI\u2019m not going for a Two Girls One Cup sequel.\u201d\n\n\u201cAww man.\u201d\n\n\u201cYou don\u2019t like poop.\u201d\n\n\u201cHow do you know?\u201d\n\n\u201cI am God.\u201d\n\n\u201cI knew it.\u201d\n\n\u201cHow?\u201d\n\n\u201cLast night.\u201d\n\n\u201cUp for a rerun?\u201d\n\n\u201cAlways.\u201d\n\nGod, I love her.\n\n", "ficly_author_avatar_url": "http://cdn.ficly.com/icons/1292/avatar.jpg", "ficly_author_nickname": "K-Jellybean", "ficly_story_int": 10799, "ficly_author_url": "http://ficly.com/authors/sophia_dsoleil", "ficly_sequels": [], "ficly_story_title": "Em and mE"}