{"ficly_prequels": [{"ficly_prequel_url": "http://ficly.com/stories/10849", "ficly_prequel_title": "A Monster: well...me!", "ficly_prequel_int": 10849}], "ficly_story_url": "http://ficly.com/stories/10850", "ficly_story": "Izar looks back. The plains are clear. We are free. He releases me. His hand would not have restrained me but I would never throw him aside.   \u201cBe careful, Glade.\u201d he whispers, \u201cCome to no harm.\u201d   I look up at him and search his grey eyes and for a moment I remember a time that is best forgotten.\n\nDarkness. And then light. Darkness. Flames in the distance and flames all around. I sense the fear I felt then. The panic. I feel the hate of a lifetime. Soft claws smother me. Wet noses caress my neck. Sharp pain. Aching pain as fangs pierce my skin. The knowledge that I am contaminated. That I have become what I hate. Green eyes mocking me and then nothing. Darkness.\n\n\u201cGlade!\u201d Izar\u2019s voice is sharp and pleading and I search for him. I find him beneath me. His blood is hot and streaming and issues from a wound under my claws. My teeth are still bare. I still want his blood. \u201cIt\u2019s not your fault.\u201d\n\nI leap away from him, tears obscurring my vision. No! No! Not Izar, never Izar. I raise my head and howl to the moon.\n\n", "ficly_author_avatar_url": "http://cdn.ficly.com/icons/4271/avatar.jpg", "ficly_author_nickname": "Abby (LoA)", "ficly_story_int": 10850, "ficly_author_url": "http://ficly.com/authors/abbywall", "ficly_sequels": [{"ficly_sequel_int": 10851, "ficly_sequel_title": "Mistakes", "ficly_sequel_url": "http://ficly.com/stories/10851"}], "ficly_story_title": "Memories of a Werewolf"}