{"ficly_prequels": [], "ficly_story_url": "http://ficly.com/stories/11002", "ficly_story": "There another one stands on the corner, shivering in the cold with a cheap hooded sweatshirt while he scans for customers and cops. I coast up next to him and press the switch to lower my passenger side window down. He saunters up with a knowing look and begins his sales pitch.\n\nTwo years ago, I was a domesticated suburban husband with a wife, two sons, and a baby daughter. I drove a big gas guzzling SUV, paid my mortgage, mowed my grass, kissed my boss\u2019s ass, and watched television religiously.\n\nThen, one day on the way to see a show in the city, my family and I became the unfortunate backdrop for an exchange of gangland gunfire.\n\n\u201cI\u2019m sorry, Mr. Jackson,\u201d the doctor said in his best feigned sympathy, \u201cbut your wife and children died from their wounds. Why I\u2019m here, however, is to inform you of the tumors we found in your brain.\u201d\n\nLosing everything had freed me to do whatever I wanted.   I wanted to drown my grief in blood.   I\u2019ll hunt them until the tumors, the cops, or the gangs send me to see my family.\n\n", "ficly_author_avatar_url": "http://cdn.ficly.com/icons/3041/avatar.jpg", "ficly_author_nickname": "Anonymuncule", "ficly_story_int": 11002, "ficly_author_url": "http://ficly.com/authors/shorthillbilly", "ficly_sequels": [{"ficly_sequel_int": 11353, "ficly_sequel_title": "Justice For All", "ficly_sequel_url": "http://ficly.com/stories/11353"}], "ficly_story_title": "I was free to do what I wanted."}