{"ficly_prequels": [{"ficly_prequel_url": "http://ficly.com/stories/10753", "ficly_prequel_title": "A Time For Every Purpose Under Heaven", "ficly_prequel_int": 10753}], "ficly_story_url": "http://ficly.com/stories/10754", "ficly_story": "On her way home from the funeral, a melody popped into her head. She sang it aloud in the car. She hadn\u2019t been able to turn on the radio since Billy died. It kept her company instead of the classic rock that she and Billy enjoyed and played.\n\nThe drive was usually two hours. Her brother had washed the car to busy himself and make her Toyota presentable for the procession. The melody gave way to words as a light rain fell on the windshield. Her brother would have protested this rain. The wipers, set on low, gave her a rhythm for her song. She longed to hear Billy\u2019s drums again, but the wipers would suffice.\n\nAfter an hour passed, she found that she had composed a hymn for Billy and for herself. She smiled and she gazed at the stop sign ahead.\n\n\u201cThere\u2019s your song, Billy. I hope you like it.\u201d\n\nShe compressed the brakes and came to a complete stop. Fortunately, the intersection was deserted. As she looked over her left shoulder, she saw a rainbow. She turned the car off.\n\nBilly had answered \u201cYes.\u201d\n\n", "ficly_author_avatar_url": "http://cdn.ficly.com/icons/3458/avatar.jpg", "ficly_author_nickname": "stargazer1960", "ficly_story_int": 10754, "ficly_author_url": "http://ficly.com/authors/stargazer1960", "ficly_sequels": [], "ficly_story_title": "Billy's Rainbow"}