{"ficly_prequels": [{"ficly_prequel_url": "http://ficly.com/stories/370", "ficly_prequel_title": "Reality of a Nerd School", "ficly_prequel_int": 370}], "ficly_story_url": "http://ficly.com/stories/1005", "ficly_story": "Chemistry must be the most dangerous class at a nerd school. It has glass beakers, Bunsen burners, volatile chemicals that could eat through your flesh. It was no surprise that the first day was spent being briefed about how important it is to be cautious. We were showed the emergency gas shut off button, the eye rinse and the desks? The desks in the lab didn\u2019t appear to be special at all they were just plain black tables with Bunsen burners set up on them. At one point she just excused herself from the room during the explanation she disappeared into the chemical storage room. The teacher returned carrying an Erlenmeyer flask full of alcohol.\n\nShe called for the class\u2019s attention just as she poured the liquid all over the desk and lights it on fire with the lighter she had in her pocket. The reason she did this was to show every one that the desks were fireproof.\n\nThe thing that made it really priceless is the schools counselors face when she walked in and saw the yellow flame dancing upon the desk\u2026\n\n", "ficly_author_avatar_url": "http://cdn.ficly.com/icons/3185/avatar.jpg", "ficly_author_nickname": "Scrawler's Secret", "ficly_story_int": 1005, "ficly_author_url": "http://ficly.com/authors/josie", "ficly_sequels": [], "ficly_story_title": "Reality of a Nerd School (The Chemistry Class)"}