{"ficly_prequels": [{"ficly_prequel_url": "http://ficly.com/stories/10234", "ficly_prequel_title": "The Diary of Three Friends 7", "ficly_prequel_int": 10234}], "ficly_story_url": "http://ficly.com/stories/10235", "ficly_story": "I was shocked when Nick, head of the boys soccer team asked me to go with him. \u201cI\u2019d love to go with you!\u201d I answered almost before he finished talking.\u201cGreat I\u2019ll pick you up at 6:55.\u201d He said and walked away. Once he was out of ear shot Dani exploded!\u201cOMG! He is soooooo hott! This is great, your going with the captin of the soccer team and I\u2019m going with the captain of the football team!\u201d Squeked Dani in such a high voice soon only dogs will be able to hear her!\u201cHey Maddie you should soooo ask Dean.\u201d I suggested.\u201cCaptin of the swim team Dean?\u201d She asked.\u201cYeah Liz is right. He\u2019s really hot and if you go with him then the three most popular girls will be going with the three most popular boys!\u201d\n\n", "ficly_author_avatar_url": "http://cdn.ficly.com/icons/1784/avatar.jpg", "ficly_author_nickname": "Peace.Love.Softball", "ficly_story_int": 10235, "ficly_author_url": "http://ficly.com/authors/emme", "ficly_sequels": [{"ficly_sequel_int": 10250, "ficly_sequel_title": "Diary Of 3 Friends!!8", "ficly_sequel_url": "http://ficly.com/stories/10250"}, {"ficly_sequel_int": 10298, "ficly_sequel_title": "I can't Delete It!", "ficly_sequel_url": "http://ficly.com/stories/10298"}], "ficly_story_title": "The Diary of Three Friend 7 (continued)"}