{"ficly_prequels": [{"ficly_prequel_url": "http://ficly.com/stories/10372", "ficly_prequel_title": "Corrections", "ficly_prequel_int": 10372}], "ficly_story_url": "http://ficly.com/stories/10366", "ficly_story": "I sit still looking out the view port into the recesses of deep space. My thoughts storming my mind.\n\nThe white room contains my bed, and small half partitioned bathroom.\n\nThis white room is my cell.\n\nI hear the neighbor through the walls screaming as he receives his \u201ccorrection.\u201d\n\nNot long till they come in here.\n\nThey feel the need to \u201ccorrect\u201d anyone who possesses the ability to think against the flawed government of today.\n\nI hear the low beep and then the noise of the door sliding open, yet I don\u2019t turn around.\n\n\u201cMr.Rogers, are you ready for your correcting?\u201d they ask like an old friend.\n\n\u201cYou know I have no choice in the matter.\u201d I reply holding my stare.\n\nHe chuckles and gets the small vile of liquid.\n\nThe other man seizes my face and squeezes my cheeks while the other pours the liquid in my mouth.\n\nAs my body turn against itself with the influence of the liquid. I simply say.\n\n\u201cYou can\u2019t contain me.\u201d As I suddenly stab and inject the guards with a dose of cyanide.\n\nI now just stare ahead and grin.\n\n", "ficly_author_avatar_url": "http://cdn.ficly.com/icons/1814/avatar.jpg", "ficly_author_nickname": "illusionistic", "ficly_story_int": 10366, "ficly_author_url": "http://ficly.com/authors/illusionistic", "ficly_sequels": [], "ficly_story_title": "I Am My Own Prisoner"}