{"ficly_prequels": [{"ficly_prequel_url": "http://ficly.com/stories/10141", "ficly_prequel_title": "Shattered", "ficly_prequel_int": 10141}], "ficly_story_url": "http://ficly.com/stories/10142", "ficly_story": "\u201cAnd that\u2019s that,\u201d Charlotte shrugged, marking the end of the horrifying story.   \u201cBut, but why didn\u2019t you try to get anyway? Why didn\u2019t you try to report any of this?\u201d   She shrugged again, a trait of hers I was slowly getting irritated with, \u201cIt seemed like no matter how much shit he did to me, there was still an ounce of me that still loved him. And there was also an ounce of me that thought, \u2018Perhaps he\u2019s doing this out of love or he\u2019ll just stop one day.\u201d   \u201cHe never did stop, did he?\u201d   She answered my question by slowly pulling up the right sleeve of her shirt, revealing a rather nasty bruise, \u201cDoes this answer your question? And yes, this is what my status on Facebook was about. We got into an argument.\u201d   \u201cAbout what?\u201d I wasn\u2019t sure really what possible argument could lead a man to punch his daughter.   \u201cThe wedding. He wanted me to go, but I told him I\u2019d never go to any wedding of his and spat in his face.\u201d   \u201cWait, wedding?\u201d   \u201cBetween him and his 5th wife. Once a cheater, always a cheater.\u201d\n\n", "ficly_author_avatar_url": "http://cdn.ficly.com/icons/1493/avatar.jpg", "ficly_author_nickname": "Nymphaea Rose", "ficly_story_int": 10142, "ficly_author_url": "http://ficly.com/authors/nymphaearose", "ficly_sequels": [{"ficly_sequel_int": 10144, "ficly_sequel_title": "You Oughta Know", "ficly_sequel_url": "http://ficly.com/stories/10144"}], "ficly_story_title": "Good Riddance"}