{"ficly_prequels": [{"ficly_prequel_url": "http://ficly.com/stories/107", "ficly_prequel_title": "AWAY FROM THE SHIP", "ficly_prequel_int": 107}], "ficly_story_url": "http://ficly.com/stories/108", "ficly_story": "As they ran aground, Captain Jason shouted orders. \u201cALRO, get the others evacuated! Elsha, help G2 with the piano!\u201d ALRO looked up, a worried expression on his face. \u201cBut why\u2026\u201d\n\n\u201cThere\u2019s attorneys after us!\u201d Jason yelled. \u201cNow move!\u201d\n\n* \n\nBut it turned out not to be the orderly evacuation Jason had hoped for. As they hit the island, all the passengers, and the piano were hurled off of the deck and into the sand. The piano got horribly out of key. But the betas were fine. And they had made it just in time. As they recovered from the blow, five attorneys came out of the water and into the sky, taking the ship with them. Suddenly, they heard a voice behind them. \u201cHello, my name is Oy,\u201d the voice said \u201cAnd welcome to the island of disgruntled ficleteers\u201d\n\n", "ficly_author_avatar_url": "http://cdn.ficly.com/icons/48/avatar.jpg", "ficly_author_nickname": "Oy", "ficly_story_int": 108, "ficly_author_url": "http://ficly.com/authors/tower_addict", "ficly_sequels": [{"ficly_sequel_int": 131, "ficly_sequel_title": "The Ficleteers got left in bad shape.", "ficly_sequel_url": "http://ficly.com/stories/131"}], "ficly_story_title": "The island of disgruntled ficleteers"}