{"ficly_prequels": [{"ficly_prequel_url": "http://ficly.com/stories/10811", "ficly_prequel_title": "Fallen Daisies (4)", "ficly_prequel_int": 10811}], "ficly_story_url": "http://ficly.com/stories/10812", "ficly_story": "Warm, salty droplets trickled down her pale cheeks and fell into the ground. She ran her fingers over the bumpy scabs on her legs, and, with a force she was unaccustomed to, ripped them open. Her blood mingled with her tears on the muddy ground as she hunched over and watched her pain trickle away and stain the fallen daisies.\n\n", "ficly_author_avatar_url": "http://cdn.ficly.com/icons/1883/avatar.jpg", "ficly_author_nickname": "tinkerbelle", "ficly_story_int": 10812, "ficly_author_url": "http://ficly.com/authors/tinkerbelle", "ficly_sequels": [], "ficly_story_title": "Fallen Daisies (5)"}