{"ficly_prequels": [{"ficly_prequel_url": "http://ficly.com/stories/10016", "ficly_prequel_title": "The Chronomechs", "ficly_prequel_int": 10016}], "ficly_story_url": "http://ficly.com/stories/10151", "ficly_story": "Lucian straightened up and gently removed the man\u2019s hands from his lapel, \u201cI don\u2019t see-\u201d   \u201cQuiet you fool,\u201d the old man spun around and pulled the shade down tight over the door.   Then whispering to Lucian he added, \u201cThey\u2019ll be here at any moment.\u201d   \u201cPlease control yourself sir,\u201d Lucian replied in restrained disgust. \u201cWho is this mysterious \u2018they\u2019 of whom you speak?\u201d   \u201cWhy the Chronomechs of course,\u201d the disturbed man shouted in fear.   Pressing a small leather wrapped package into Lucian\u2019s hand the man added, \u201cProtect this with your life.\u201d   Suddenly, the door behind them shuddered under the impact of a massive form.   \u201cThey\u2019re here,\u201d the old man began to slowly back away from the door.   \u201cWho is here,\u201d Lucian whispered, shoulder to shoulder with the old man.   The door shuddered again as cracks began to appear in the solid oak.   \u201cThe Chronomechs,\u201d the old man whispered back.   The door exploded in a hurricane of wood splinters and glass. Wind and snow swirled across the threshold, as a massive form filled the doorway.\n\n", "ficly_author_avatar_url": "http://cdn.ficly.com/icons/1768/avatar.jpg", "ficly_author_nickname": "Christopher Aylett", "ficly_story_int": 10151, "ficly_author_url": "http://ficly.com/authors/aylett", "ficly_sequels": [{"ficly_sequel_int": 10481, "ficly_sequel_title": "The Chronomechs (3)", "ficly_sequel_url": "http://ficly.com/stories/10481"}], "ficly_story_title": "The Chronomechs (2)"}