{"ficly_prequels": [{"ficly_prequel_url": "http://ficly.com/stories/10256", "ficly_prequel_title": "Applied Physics", "ficly_prequel_int": 10256}], "ficly_story_url": "http://ficly.com/stories/10257", "ficly_story": "An impossibly bright single tiny pinpoint of light appeared in the center of the sphere suspended onstage in the physics theater.\n\n\u201cThe interior of the sphere,\u201d the Professor commented, \u201cis hard vacuum. If you will activate the view screens at your work stations, you will see a nano- microscopic view of the event, slowed down by a ratio of time=100 squared.\u201d\n\nA brief chitter of keyboards being typed upon rose and fell.\n\n\u201cSee how the initial explosion has created whorls and eddys relative to the expansion rate, bonding individual clusters of particles while forming patterns of attraction? This is a residual of the initial nanogravity field attributable to the original particle before it exploded. Since gravity is relative to mass, lesser gravitational fields are carried with the expanding subparticles, the sum of which is less than that of the original particle.\u201d\n\nHe smiled brightly. \u201cCan anyone tell me where the lost gravitation is?\u201d\n\nBehind him, the interior of the sphere glowed a hundred shades of color.\n\n", "ficly_author_avatar_url": "http://cdn.ficly.com/icons/1790/avatar.jpg", "ficly_author_nickname": "Bob Liddil", "ficly_story_int": 10257, "ficly_author_url": "http://ficly.com/authors/bliddil", "ficly_sequels": [], "ficly_story_title": "Ongoing Lesson"}