{"ficly_prequels": [{"ficly_prequel_url": "http://ficly.com/stories/10080", "ficly_prequel_title": "The Neurophages XVI", "ficly_prequel_int": 10080}], "ficly_story_url": "http://ficly.com/stories/10137", "ficly_story": "When Miles and Lou awoke Alba was not with them, Babbage and Ada however were. They stood hand in hand in front of an enormous difference engine. The machine clicked and clacked as it\u2019s crank turned and tiny pins pushed against oddly shaped rods. A continuous stream of punch-cards fed the engine on one side. On the other, the results were transcribed onto another stream of cards which could only be seen briefly before disappearing into a hole in the wall. Babbage\u2019s sneering voice could hardly be heard over the din of the apparatus:   \u201cSee where your actions have brought you. You will make perfect slaves. Prepare to be implanted.\u201d   Disembodied arms deliberately hauled Miles and Lou to their feet. Miles stared groggily at the implantation devices but Lou quickly slipped a miniature stiletto from a hidden compartment in her boot and hurled it at Babbage. He ducked. Augmented reflexes had saved him but the knife embedded itself in the difference engine where it immediately became part of the computation process.\n\n", "ficly_author_avatar_url": "http://cdn.ficly.com/icons/58/avatar.jpg", "ficly_author_nickname": "Pyropunk 51 (PPP LoA)", "ficly_story_int": 10137, "ficly_author_url": "http://ficly.com/authors/pyropunk", "ficly_sequels": [{"ficly_sequel_int": 10379, "ficly_sequel_title": "The Neurophages XVIII", "ficly_sequel_url": "http://ficly.com/stories/10379"}], "ficly_story_title": "The Neurophages XVII"}