{"ficly_prequels": [], "ficly_story_url": "http://ficly.com/stories/10357", "ficly_story": "I didn\u2019t understand anything of the rough days. I knew my family was poor, even at the age of 10. I didnt realize how bad it was though. I didn\u2019t understand all the things that would have happened. I didn\u2019t understand parents when they said they couldn\u2019t buy me things anymore. Most important, I didn\u2019t understand why those numbers were always so important. Each week, there would be a new set of numbers my parents would pry into their minds, and pray for, but they always seemed to be the wrong ones. Even when we were about to lose our house, and everything we ever had, my parents bought their last set of numbers. They had promised theirself it was the last time. They kept hoping they were going to get lucky. I rememember the night perfectly. We were all crowded around our tiny, black and white tv. My parents, my brother and sisters, my parents were crying and praying, begging for the numbers to be right. I didn\u2019t understand why my parents screamed with joy when they _were_ right. Then, we got the money.\n\n", "ficly_author_avatar_url": "http://cdn.ficly.com/icons/2443/avatar.jpg", "ficly_author_nickname": "just another girl", "ficly_story_int": 10357, "ficly_author_url": "http://ficly.com/authors/user-354", "ficly_sequels": [{"ficly_sequel_int": 10358, "ficly_sequel_title": "Just another day in paradise #2", "ficly_sequel_url": "http://ficly.com/stories/10358"}], "ficly_story_title": "Just another day in paradise #1"}