{"ficly_prequels": [], "ficly_story_url": "http://ficly.com/stories/10152", "ficly_story": "Janie is 15 years old! She will be 16 in a month. You could say Janie has always been a green person, she will clean up outside whenever possible but she does not go crazy. She goes to a small school named Wikiwah Science High school in Florida. Janie has always been a fun happy person. But she always attracts drama.\n\n5th grade Many Haper had made fun of 1 of her best friends because she was def. So Janie had Talked to Mandy. Well at that time Janie did not know that Mandy\u2019s mom was president of the PTA so Janie got in big trouble. For once in Janie\u2019s life her mom came to her school to fight for her.\n\n6th grade Zoey Gasher got mad at Janie for no reason. Janie then stood up for her self she was not going to let some short ugly fat mean bitch step on her! Which got Janie sent to the Principal. Zoey\u2019s mom was rich and paid the school not for Zoey to get in trouble. So Janie did.   to be continued\u2026.\n\n", "ficly_author_avatar_url": "http://cdn.ficly.com/icons/1783/avatar.jpg", "ficly_author_nickname": "Tamara G", "ficly_story_int": 10152, "ficly_author_url": "http://ficly.com/authors/tamaragebert", "ficly_sequels": [{"ficly_sequel_int": 10153, "ficly_sequel_title": "Janie contiued", "ficly_sequel_url": "http://ficly.com/stories/10153"}], "ficly_story_title": "Janie"}