{"ficly_prequels": [{"ficly_prequel_url": "http://ficly.com/stories/10429", "ficly_prequel_title": "LIFE: A Memoir", "ficly_prequel_int": 10429}], "ficly_story_url": "http://ficly.com/stories/10671", "ficly_story": "About three weeks later we were packed up and ready to leave.   The name of the town was called Cuyahoga Falls. We pulled up to the driveway to this semi-big house. It was really white. Out popped my dad\u2019s cousin Karen. \u201cWhy are we here..\u201d I asked. I was _pissed_. \u201cWe might be living here for awhile..\u201d Said my mom. What the fuck?? Just then there was this knock on my side of the car. It was her. \u201cHi sweetie!\u201d She eclaimed. Really? I thought to myself. You have to be so freakin giddy about this? I gently opened up my door and before I knew it I was being smothered by _it_. Sid\u2019s going to be excited to see you guys. She\u2019s been waiting all day.\" She said. I thought to myself, awesome. Her annoying ass daughter is here. What a life..\n\nThe first few days were hell for me. Sidney kept me up most nights by talking her little eight-year old non-sense, my sister and I were more evil to each other than ever, and everybody, including Karen, was moody as hell\u2026\n\n", "ficly_author_avatar_url": "http://cdn.ficly.com/icons/1590/avatar.jpg", "ficly_author_nickname": "sammytrick", "ficly_story_int": 10671, "ficly_author_url": "http://ficly.com/authors/sammytrick", "ficly_sequels": [{"ficly_sequel_int": 10741, "ficly_sequel_title": "LIFE: A Memoir 3", "ficly_sequel_url": "http://ficly.com/stories/10741"}], "ficly_story_title": "LIFE: A Memoir 2"}