{"ficly_prequels": [{"ficly_prequel_url": "http://ficly.com/stories/10522", "ficly_prequel_title": "Hitlers Son", "ficly_prequel_int": 10522}], "ficly_story_url": "http://ficly.com/stories/10758", "ficly_story": "The sweet aroma of Roasting venison drifted to his nostrils conjuring up passions of a full abdomen and sated appetite.   Frederik Menhit was 13 years old . He was tall , blond haired blue eyed and had a face like adonis. He had lived in the mountains with Frau Mengel .He had been home schooled but this was about to change. Frau Mengel was ill and he was to board at a distant school in Switzerland soon.   Last night Frau Mengel told him of his history. How his father wanted to have an Aryan heir to one day rule Germany and to continue his lifes work. Frederik was an \u201cI.V.F. Cloned child\u201d. Frau Mengel\u2019s husband had placed the growing embryo into Eva Braun from a test tube where he had fertilised it with the right Aryan stock during the last vestiges of the war.   Frederik Menhit was a prototype of what was to be repeated in the world some many years later with \u201cDolly\u201d, the first sheep to be cloned. (Cloning is producing a genetically identical organism through non sexual means)\n\n", "ficly_author_avatar_url": "http://cdn.ficly.com/icons/931/avatar.jpg", "ficly_author_nickname": "Marli", "ficly_story_int": 10758, "ficly_author_url": "http://ficly.com/authors/http-google", "ficly_sequels": [{"ficly_sequel_int": 11320, "ficly_sequel_title": "Hitlers Son (A Life of Atonement)", "ficly_sequel_url": "http://ficly.com/stories/11320"}], "ficly_story_title": "Hitlers Son....Early Days"}