{"ficly_prequels": [], "ficly_story_url": "http://ficly.com/stories/10844", "ficly_story": "One of the eyelids on his eyes was a little droopy. She liked that. If she ever got amnesia she knew that all she would need to do to recover her memories would be to look at his eyelids. At night she\u2019d watch his chest move quietly, like velvet waves.   He worked in club. That was where they met. She wore white wrist bands which in the blacklit air of the club made everyone aware of where her hands were at all times. He wore a T-shirt advertising a band she\u2019d never heard of, and wore his headphones cocked, with one earpiece covering his ear, the other singing uselessly into his shoulder. She waited for him outside and when he came out he was pushing a speaker on a dolly and before she could say a word he asked if she could help, these things are fucking heavy. Sure, she said.   They got coffee afterwords. He made jokes about music and played with her wristband. She was shy, but when he invited her to another one of his shows she immediately said yes. The wedding was small. They splurged on a cake with six layers.\n\n", "ficly_author_avatar_url": "http://cdn.ficly.com/icons/1858/avatar.jpg", "ficly_author_nickname": "T. N. Ted", "ficly_story_int": 10844, "ficly_author_url": "http://ficly.com/authors/tnkted", "ficly_sequels": [{"ficly_sequel_int": 10845, "ficly_sequel_title": "Dog Pt. 2", "ficly_sequel_url": "http://ficly.com/stories/10845"}], "ficly_story_title": "Dog"}