{"ficly_prequels": [{"ficly_prequel_url": "http://ficly.com/stories/10513", "ficly_prequel_title": "The Old House on St. Godson Street Part 4", "ficly_prequel_int": 10513}], "ficly_story_url": "http://ficly.com/stories/10515", "ficly_story": "The dinning room had a high ceiling, a long oak table, with big chairs that had ripped cushions on them. The table cloth was skewered, and there was a huge chandelier, and candles on the table. Mary came in, and she looked normal again.   \u201cMary, are you OK?\u201d Emily asked, her voice shaking. She nodded. Mary can over to Emily, trembling.   \u201cIt was horrible. When the ghost took control of me, it felt like I was falling into a dark never ending pit. There was unearthly screams. It was the worst thing that could ever happen,\u201d Mary whispered, still trembling. They heard foot steps. Their eyes widened. They ducked under the table.The foot steps stopped.   Then a hand reached down and grabbed Emily\u2019s ankle. She was pulled away, screaming and clawing at the ground. When Mary got out from under the table, she saw no trace of Emily. Though she still heard her screams. She held her hands over her ears, trying to block out the screams of terror.   Suddenly the screams were cut off. The house was once again eerily silent.\n\n", "ficly_author_avatar_url": "http://cdn.ficly.com/icons/4309/avatar.jpg", "ficly_author_nickname": "maximumride36", "ficly_story_int": 10515, "ficly_author_url": "http://ficly.com/authors/maximumride36", "ficly_sequels": [{"ficly_sequel_int": 10516, "ficly_sequel_title": "The Old House on St. Godson Street Part 6", "ficly_sequel_url": "http://ficly.com/stories/10516"}], "ficly_story_title": "The Old House on St. Godson Street Part 5"}