{"ficly_prequels": [{"ficly_prequel_url": "http://ficly.com/stories/10884", "ficly_prequel_title": "Boxed in but castled", "ficly_prequel_int": 10884}], "ficly_story_url": "http://ficly.com/stories/10887", "ficly_story": "The client sat in his chair, his dress and manner every bit befitting a king. \u201cHas the package arrived yet?\u201d he asked one of his ostensible servants.   \u201cNo, sir,\u201d the man said nervously, \u201cbut they should be within the day.\u201d   The client tried to hide his exasperation, and very nearly succeeded. \u201cI did not ask for \u2018within the day\u2019 when I ordered the package. I asked for this morning. It is now noon. Tell me, Ivan, do you not consider the morning to have **ended** by noon? Please tell me why my package is late.\u201d   Ivan cowered in fear. \u201cI do not know, sir. The last thing I heard was the workers\u2019 report that the package had reached the docks in Murmansk. That was approximately forty-five minutes ago.\u201d   The client glowered from his chair. \u201cWell then. Soon we\u2019ll know what happens to those that keep me waiting.\u201d\n\n", "ficly_author_avatar_url": "http://ficly.com/images/icons/avatar.jpg", "ficly_author_nickname": "Phoenix", "ficly_story_int": 10887, "ficly_author_url": "http://ficly.com/authors/phoenixv07", "ficly_sequels": [{"ficly_sequel_int": 10891, "ficly_sequel_title": "Freed and Forked", "ficly_sequel_url": "http://ficly.com/stories/10891"}], "ficly_story_title": "Questions of tardiness."}