{"ficly_prequels": [{"ficly_prequel_url": "http://ficly.com/stories/10351", "ficly_prequel_title": "Lead Foot", "ficly_prequel_int": 10351}], "ficly_story_url": "http://ficly.com/stories/10226", "ficly_story": "My skin is slippery and smooth. I wipe the sweat out of my eyes, but it only smears around more. Blink. Grimace. Keep running.\n\nThe sky grows darker and the air takes on a foreign chill. My sneakers slap the pavement with an angry rhythm. My leg hair bristles. Something doesn\u2019t feel right. I run faster.\n\nI hear the sound of a car engine in the distance. I try again to shake the sweat out of my hair and face. It splatters on my shirt. I wipe my hands on my shorts. The car comes closer.\n\n_I shouldn\u2019t have hit her,_ I think. _I shouldn\u2019t have done a lot of things, said a lot of things._ Breathe. Cough. Blink. _But she was asking for it._ The car is right behind me. I have a sinking feeling in my gut. My step falters.\n\nIn that instant, there is a searing pain in my leg, and then another in my back. I spin around and the car\u2019s headlights blind me. The sweat drips down my forehead, and the world slows for a moment. All I see is a small black bullet hurtling toward my face. I pray for forgiveness, and then I die.\n\n", "ficly_author_avatar_url": "http://cdn.ficly.com/icons/1976/avatar.jpg", "ficly_author_nickname": "Mackizme", "ficly_story_int": 10226, "ficly_author_url": "http://ficly.com/authors/mackizme", "ficly_sequels": [{"ficly_sequel_int": 10352, "ficly_sequel_title": "Three Bullets", "ficly_sequel_url": "http://ficly.com/stories/10352"}], "ficly_story_title": "Sweating Bullets"}