{"ficly_prequels": [{"ficly_prequel_url": "http://ficly.com/stories/1007", "ficly_prequel_title": "A Most Usual Fairytale", "ficly_prequel_int": 1007}], "ficly_story_url": "http://ficly.com/stories/1008", "ficly_story": "The fair maiden was naively oblivious to her onlookers\u2019 dislike and jealousy. She failed to notice every man, young and old alike, stop in their tracks and gape before regaining their composure and sneaking glances at her as they went along their way. No, indeed the maiden went innocently along her way to the secret fairy fountain in the shaded glen north of town to write poetry.\n\n_What now!? Most women in those days were illiterate? Well, I already told you that this isn\u2019t going into any history books! I don\u2019t care! Do you want me to keep going or not? Well then, shut it! I\u2019m getting to the good part! So\u2026_\n\nShe wrote her poetry, played with the colorful fairies, and bathed in the small pond. In fact, the pond had become magical from all of the fairy dust that had fallen into it over the centuries that it had been inhabited by the little critters. Seeing as these fairies were exceptionally beautiful, bathing in the pond daily had the unusual side effect of making one as beautiful as the fairies\u2026\n\n", "ficly_author_avatar_url": "http://cdn.ficly.com/icons/1286/avatar.jpg", "ficly_author_nickname": "OrangeOreos (LoA)", "ficly_story_int": 1008, "ficly_author_url": "http://ficly.com/authors/orangeoreos", "ficly_sequels": [{"ficly_sequel_int": 1009, "ficly_sequel_title": "A Most Usual Prince", "ficly_sequel_url": "http://ficly.com/stories/1009"}], "ficly_story_title": "A Most Unusual Maiden"}