{"ficly_prequels": [{"ficly_prequel_url": "http://ficly.com/stories/10810", "ficly_prequel_title": "Fallen Daisies (3)", "ficly_prequel_int": 10810}], "ficly_story_url": "http://ficly.com/stories/10811", "ficly_story": "As she turned into their street, the wheels of the car skidded on the slippery road and the car went hurtling into one of the apartment blocks, passenger side first. Alice tried to regain control, but there was nothing she could do. In the split second before impact, Ben realised what was happening and whispered three words that he had never before uttered:   \u201cI love you.\u201d were his last words on the earth. Now Alice felt guilty, for taking his life and his last words. She didn\u2019t deserve them, and nothing anyone could say or do would change her mind. They haunted her day and night, and her pillow was soaked through every morning.   With the last seconds of her beloved\u2019s life playing over and over in her mind, like a broken record stuck on a devastating song, Alice trembled and fell to her knees.\n\n", "ficly_author_avatar_url": "http://cdn.ficly.com/icons/1883/avatar.jpg", "ficly_author_nickname": "tinkerbelle", "ficly_story_int": 10811, "ficly_author_url": "http://ficly.com/authors/tinkerbelle", "ficly_sequels": [{"ficly_sequel_int": 10812, "ficly_sequel_title": "Fallen Daisies (5)", "ficly_sequel_url": "http://ficly.com/stories/10812"}], "ficly_story_title": "Fallen Daisies (4)"}