{"ficly_prequels": [{"ficly_prequel_url": "http://ficly.com/stories/9642", "ficly_prequel_title": "Secret:Tower", "ficly_prequel_int": 9642}], "ficly_story_url": "http://ficly.com/stories/10135", "ficly_story": "\u201cUm\u2026how do I say this?\u201dJames said turning to Emily.   Kara skipping in asked \u201cDo either of you have 5 bucks?\u201d   James, looking down nodded his head \u201cNo,Kara neither of us have 5 dollars.\u201d   The nurse walked in.James stood up.   Facing all of us she said \u201cIt\u2019s nothing serious, just a slight concussion.You can leave today if you want.\u201dShe walked out.   \u201cAlright, let\u2019s go.\u201d I said starting to get up.   James and Emily helped me stand.They discharged me and drove me home.I hugged Emily and Kara.James and I waved as they walked home.   \u201cThanks James.\u201d   We stalked inside.My mother\u2019s mouth was agape.   \u201cAdrianne Cario what did you do to yourself?!\u201d   I looked down.\u201cMom,it\u2019s nothing.\u201d   James walked into the kitchen.My mother and I followed.   \u201cGet your head out of the fridge,James.\u201dI said.   James and I sat down as my mother began to prepare dinner.We watched as she put the chicken in the oven.   \u201cAdrianne, go tell your father dinners ready.James are you staying?\u201dShe asked.   \u201cYes.\u201dHe answered.   We went to the Throne Room.   \u201cDinner.\u201dI yelled.\n\n", "ficly_author_avatar_url": "http://cdn.ficly.com/icons/4222/avatar.jpg", "ficly_author_nickname": "Wolfie", "ficly_story_int": 10135, "ficly_author_url": "http://ficly.com/authors/wolfie", "ficly_sequels": [{"ficly_sequel_int": 11583, "ficly_sequel_title": "Secret:Backstabber", "ficly_sequel_url": "http://ficly.com/stories/11583"}], "ficly_story_title": "Secret:Hospital"}