{"ficly_prequels": [{"ficly_prequel_url": "http://ficly.com/stories/1055", "ficly_prequel_title": "Why?", "ficly_prequel_int": 1055}], "ficly_story_url": "http://ficly.com/stories/1056", "ficly_story": "So many questions,\n\nSo few answers,\n\nBut there was one,\n\nHer.\n\n", "ficly_author_avatar_url": "http://ficly.com/images/icons/avatar.jpg", "ficly_author_nickname": "Spectrum", "ficly_story_int": 1056, "ficly_author_url": "http://ficly.com/authors/ryan", "ficly_sequels": [{"ficly_sequel_int": 1057, "ficly_sequel_title": "How", "ficly_sequel_url": "http://ficly.com/stories/1057"}], "ficly_story_title": "Answers"}