{"ficly_prequels": [{"ficly_prequel_url": "http://ficly.com/stories/10989", "ficly_prequel_title": "Honeymoon (rain challenge)", "ficly_prequel_int": 10989}], "ficly_story_url": "http://ficly.com/stories/11051", "ficly_story": "Two tiny beady eyes and a fast heartbeat glanced at the oblivious couple from it\u2019s tiny hidey-hole under the sturdy dresser. The rain had it cooped up indoors as well. This room was devoid of crumbs though, so it needed to scamper on to find food.\n\nIt scurried between the drywall panels, through chewed holes in the 2 by 4s made by generations of rodents before. The mouse felt no ties to these previous chewers, no thanks either, only hunger and instinct.\n\nPassing through the wall to the lowered ceiling above the kitchen, the din of pots and pans and the voices masking his footsteps, he lowered himself to the opening behind the sacks of flour and watched the cooks hurry about.\n\nHe\u2019d have to chance a run across the floor to reach the trash bin with the hole he\u2019d chewed last night. But once inside, he could quietly munch on celery ends, cheese rinds, peach pits, and moldy crusts to his stomach\u2019s content.\n\n\u201cThis rain is great! People are dining in! We\u2019re earning our keep now boys!\u201d the chef announces joyfully.\n\n", "ficly_author_avatar_url": "http://cdn.ficly.com/icons/3054/avatar.jpg", "ficly_author_nickname": "ElshaHawk (LoA)", "ficly_story_int": 11051, "ficly_author_url": "http://ficly.com/authors/elshahawk", "ficly_sequels": [], "ficly_story_title": "Scurry"}