{"ficly_prequels": [{"ficly_prequel_url": "http://ficly.com/stories/10391", "ficly_prequel_title": "Becoming Sophia (39)", "ficly_prequel_int": 10391}], "ficly_story_url": "http://ficly.com/stories/10392", "ficly_story": "My teeth chattered almost painfully. I tried to keep my tongue back for fear of biting it straight off. I could no longer feel my toes or my fingertips. My legs ached from walking for so long and so far, I believed myself delirious. There were blurred lights in the distance and I laughed at myself for believing they were really there, but I pressed forward a bit more urgently anyway. I tripped and fell a couple times, but I kept going. The lights grew more intense, as they would have if they were real and I was really getting closer.\n\nThe smell of woodsmoke hit my nose and I almost sighed contentedly. I could make out shapes of little houses just a bit further away, but my legs just wouldn\u2019t carry me. I was so tired and so cold and so hungry. I tried to move forward, but my legs buckled under me and I stumbled towards the ground. I thought of a hot meal and a warm bed and I felt my breathing slow to almost nothing before my vision faded to black.\n\n", "ficly_author_avatar_url": "http://cdn.ficly.com/icons/1292/avatar.jpg", "ficly_author_nickname": "K-Jellybean", "ficly_story_int": 10392, "ficly_author_url": "http://ficly.com/authors/sophia_dsoleil", "ficly_sequels": [{"ficly_sequel_int": 10403, "ficly_sequel_title": "Becoming Sophia (41)", "ficly_sequel_url": "http://ficly.com/stories/10403"}], "ficly_story_title": "Becoming Sophia (40)"}