{"ficly_prequels": [{"ficly_prequel_url": "http://ficly.com/stories/10945", "ficly_prequel_title": "Ember", "ficly_prequel_int": 10945}], "ficly_story_url": "http://ficly.com/stories/10946", "ficly_story": "Six years after Ember and I popped out, the bizarre miracle that is Marx was conceived. Marx was born during the cycle of Mom\u2019s obsession with Karl Marx, and instead of naming him Karl like my dad and 12- and 9- year old siblings begged, Mom went ahead and signed Marx onto his birth certificate. Maybe that\u2019s the reason why the lovable little freak has had so much trouble fitting in. Or maybe he just takes after Ember and Mom. Whatever the reason, he\u2019s now attending the elementary version of the preppy \u201cparadise\u201d Ember and I are resigned to.\n\n", "ficly_author_avatar_url": "http://cdn.ficly.com/icons/2978/avatar.jpg", "ficly_author_nickname": "Insert Pen Name Here", "ficly_story_int": 10946, "ficly_author_url": "http://ficly.com/authors/insertpennamehere", "ficly_sequels": [{"ficly_sequel_int": 10947, "ficly_sequel_title": "Normal", "ficly_sequel_url": "http://ficly.com/stories/10947"}], "ficly_story_title": "We Begged Her to Just Name Him Karl"}