{"ficly_prequels": [{"ficly_prequel_url": "http://ficly.com/stories/10496", "ficly_prequel_title": "Sweet 16 and Never Been Kissed", "ficly_prequel_int": 10496}], "ficly_story_url": "http://ficly.com/stories/10497", "ficly_story": "Zoe felt his arms close in around her waist tighter as she danced. His head rested in her neck and she lifted her arms and wrapped them around his neck. She felt his lips against her skin and heard him whisper.\n\n\u201cYou\u2019re the most amazing girl I\u2019ve met\u201d he whispered in her ear as they danced, \u201cI\u2019m having a little get together at my place, just a couple of mates and I wondeed if you wanted to come?\u201d She smiled and replied \u201cI\u2019d love to\u201d\n\nGeorge grinned to himself, this was going to be easier than he thought. \u201cI\u2019m glad\u201d he whispered. \u201cMaybe we can get to know each other a little better\u201d\n\nZoe whispered back saying \u201cI\u2019m sure we will baby\u201d\n\n\u201cLet\u2019s go get a taxi\u201d he whispered in her ear insistently \u201cCome on, before the rush\u201d\n\nZoe nodded and as they headed towards the exit, he put one arm around her waist and she forgot all about her friends.\n\n", "ficly_author_avatar_url": "http://cdn.ficly.com/icons/2536/avatar.jpg", "ficly_author_nickname": "Jenni Summers", "ficly_story_int": 10497, "ficly_author_url": "http://ficly.com/authors/jennisummers", "ficly_sequels": [{"ficly_sequel_int": 10510, "ficly_sequel_title": "A journey of discovery", "ficly_sequel_url": "http://ficly.com/stories/10510"}], "ficly_story_title": "Whispered discussions"}