{"ficly_prequels": [{"ficly_prequel_url": "http://ficly.com/stories/10230", "ficly_prequel_title": "The Diary of 2 friends 6", "ficly_prequel_int": 10230}], "ficly_story_url": "http://ficly.com/stories/10234", "ficly_story": "We talked about the date all through homeroom, science, english, and math. At lunch, however, there was a different subject on our minds, PROM!   \u201cI CAN NOT WAIT!\u201d Shrieked Dani.   \u201cME EITHER!\u201d Agreed Maddie.   \u201cYea, I guess it will be fun. If I find someone to go with.\u201d   \u201cUm\u2026 Look in the mirror Liz. Your beautiful!\u201d Said Maddie with a shocked expression.   \u201cSeriously Liz. Are you kidding? I bet by the end of the day at LEAST five guys will ask you.\u201d Dani stated in a matter-of-fact tone.   \u201cSure Dani but at LEAST twenty guys will ask you by the end of lunch.\u201d   I was right. Guys were constantly coming up to our table to talk to Dani, but of course she said no.   \u201cI\u2019m going with Drew. I\u2019m really sorry.\u201d She replied to each boy that asked her.\n\n", "ficly_author_avatar_url": "http://cdn.ficly.com/icons/1784/avatar.jpg", "ficly_author_nickname": "Peace.Love.Softball", "ficly_story_int": 10234, "ficly_author_url": "http://ficly.com/authors/emme", "ficly_sequels": [{"ficly_sequel_int": 10235, "ficly_sequel_title": "The Diary of Three Friend 7 (continued)", "ficly_sequel_url": "http://ficly.com/stories/10235"}], "ficly_story_title": "The Diary of Three Friends 7"}