{"ficly_prequels": [{"ficly_prequel_url": "http://ficly.com/stories/927", "ficly_prequel_title": "The tele-porter", "ficly_prequel_int": 927}], "ficly_story_url": "http://ficly.com/stories/1044", "ficly_story": "You tie up the tiny porter, and place him on the tiny rails in front of his trolley. He exclaims that his name is Elliot Wickfen, Ell Wickfen for short.\n\nSuddenly, you grow a mustache and laugh evilly.\n\nYou can:   Decide your name is now Snid Lee Lashwhip and hope your plans won\u2019t be foiled by one Amber Act-Well and her sidekick Pony.\n\nGroom your new mustache into a windmill.\n\nIgnore your new facial hair and actually try to get back home.\n\n", "ficly_author_avatar_url": "http://cdn.ficly.com/icons/1002/avatar.jpg", "ficly_author_nickname": "Fyora Cartagan", "ficly_story_int": 1044, "ficly_author_url": "http://ficly.com/authors/4213", "ficly_sequels": [{"ficly_sequel_int": 1067, "ficly_sequel_title": "Grooming the Mustache", "ficly_sequel_url": "http://ficly.com/stories/1067"}], "ficly_story_title": "Prisoner Porter (All Tied Up)"}