{"ficly_prequels": [], "ficly_story_url": "http://ficly.com/stories/11", "ficly_story": "He seemed like a nice neighbor. Up until the news story published on this morning\u2019s news I thought I knew him well enough. We\u2019d exchanged hellos on a regular basis and he was always good for lending a power tool or an egg or two if needed. But now. What am I to think now?\n\nAs Americans, we\u2019re supposed to believe in innocent until proven guilty. I may have never invested the time into really getting to know the Corvette owner next door but I never had any reason to think that he might be shady. Even now, hearing the accusations, I have trouble. Why should I believe what people are saying? It can\u2019t be. Not in my neighborhood. Not right next door.\n\nBut where is she? How could she disappear without a trace? It just doesn\u2019t seem possible. He doesn\u2019t act like he\u2019s guilty. But he also doesn\u2019t seem to show any remorse. How can he joke with the officers? Things just don\u2019t add up. I wish I could just turn back time so that he would go back to just being my neighbor, the guy with the Beagle that chases the birds away.\n\n", "ficly_author_avatar_url": "http://cdn.ficly.com/icons/16/squirrel.jpg", "ficly_author_nickname": "Tom", "ficly_story_int": 11, "ficly_author_url": "http://ficly.com/authors/tom", "ficly_sequels": [{"ficly_sequel_int": 18, "ficly_sequel_title": "Rumours", "ficly_sequel_url": "http://ficly.com/stories/18"}], "ficly_story_title": "Like a Normal Person"}