{"ficly_prequels": [{"ficly_prequel_url": "http://ficly.com/stories/884", "ficly_prequel_title": "Never ever tried.", "ficly_prequel_int": 884}], "ficly_story_url": "http://ficly.com/stories/1054", "ficly_story": "He tried to make sence,\n\nOf the conflicting voices,\n\nBut all that he could depict,\n\nWas her tender face.\n\n", "ficly_author_avatar_url": "http://ficly.com/images/icons/avatar.jpg", "ficly_author_nickname": "Spectrum", "ficly_story_int": 1054, "ficly_author_url": "http://ficly.com/authors/ryan", "ficly_sequels": [{"ficly_sequel_int": 1055, "ficly_sequel_title": "Why?", "ficly_sequel_url": "http://ficly.com/stories/1055"}], "ficly_story_title": "Reason"}