{"ficly_prequels": [{"ficly_prequel_url": "http://ficly.com/stories/10478", "ficly_prequel_title": "Just another day in paradise #7", "ficly_prequel_int": 10478}], "ficly_story_url": "http://ficly.com/stories/10750", "ficly_story": "After they day I met Justin, he was at my house everyday. He was always staring at me and hitting on me.   Of course, I ignored all of it and hated it. One wednesday after school he approached us while we were at the indoor ice skating rink.   I was skating with Alex and Callie, all of us knocking into each other, falling, and laughing. I was wearing a blue leapord bring Cardi Cami top, with a blue cardian, and white skinny jeans from Michael Kors.My hair was down and curled.   After an hour of skating, we stepped out of the rink for a snack.   We sat down at one of the many tables out side of the rink.   Who then came up to us, all ready to skate, but Justin Bieber. He slid on the bench next to me.   \u201cHey beautiful!\u201d He winked at me.   \u201cUgh. No way. I scooted down the bench.   \u201cSo who\u2019s ready to hit the rinks!\u201d   I rolled my eyes.   \u201cWere leaving the rinks actually.\u201d   \u201cWell, thats too bad for me.\u201d He made the puppy dog face. That was enough for Alex and Callie.   \u201cWe\u2019ll come with you!\u201d   So they left me by myself.\n\n", "ficly_author_avatar_url": "http://cdn.ficly.com/icons/2443/avatar.jpg", "ficly_author_nickname": "just another girl", "ficly_story_int": 10750, "ficly_author_url": "http://ficly.com/authors/user-354", "ficly_sequels": [{"ficly_sequel_int": 12129, "ficly_sequel_title": "Just another day in paradise #9", "ficly_sequel_url": "http://ficly.com/stories/12129"}], "ficly_story_title": "Just another day in paradise #8"}