{"ficly_prequels": [{"ficly_prequel_url": "http://ficly.com/stories/1075", "ficly_prequel_title": "Into View", "ficly_prequel_int": 1075}], "ficly_story_url": "http://ficly.com/stories/1080", "ficly_story": "The creature opened its gaping jaws and a truly disturbing sound rumbled out, a little girls laugh\n\n", "ficly_author_avatar_url": "http://ficly.com/images/icons/avatar.jpg", "ficly_author_nickname": "Spectrum", "ficly_story_int": 1080, "ficly_author_url": "http://ficly.com/authors/ryan", "ficly_sequels": [{"ficly_sequel_int": 1099, "ficly_sequel_title": "If You Read this, You Will Die", "ficly_sequel_url": "http://ficly.com/stories/1099"}], "ficly_story_title": "gIrL"}