{"ficly_prequels": [], "ficly_story_url": "http://ficly.com/stories/10635", "ficly_story": "George pushed the ship\u2019s button. George was always pushing buttons. This was much more fun than he expected or normally found though. Each time George pushed the button he found his attire immediately transformed. First, he was dressed in a gaudy purple suit with a big plume hat, next it was a lady\u2019s evening gown. Once, he pushed it and ended up in a fancy tux feeling just like James Bond. He waited for awhile before pushing the button after that. Push it again he did though & with great pleasure, until he found himself undressed and standing quite naked.\n\n", "ficly_author_avatar_url": "http://cdn.ficly.com/icons/1868/avatar.jpg", "ficly_author_nickname": "C.M. Raynor", "ficly_story_int": 10635, "ficly_author_url": "http://ficly.com/authors/cmraynor", "ficly_sequels": [{"ficly_sequel_int": 10636, "ficly_sequel_title": "George in Space 2", "ficly_sequel_url": "http://ficly.com/stories/10636"}], "ficly_story_title": "George in Space"}