{"ficly_prequels": [], "ficly_story_url": "http://ficly.com/stories/10258", "ficly_story": "I closed the window and walked away from the computer. I could feel thick drops of liquid slide slowly down my leg. My hands were trembling from what I\u2019d just done. It felt great. Yet I felt so dirty, so sinful.\n\nI looked over at the blank screen cautiously, as if it would fiendishly coerce me into another indulgence. I crawled into my bed, throwing the covers over me. As my fingers brushed against each other I noticed their moisture. I stared at what had oozed out of me in the darkness. It had seemed as if in those few moments of pleasure, my innocence had escaped me. Grief-stricken, I shut my eyes angrily, sobbing softly until slumber took me over.\n\n", "ficly_author_avatar_url": "http://cdn.ficly.com/icons/1769/avatar.jpg", "ficly_author_nickname": "Gabe Davis", "ficly_story_int": 10258, "ficly_author_url": "http://ficly.com/authors/gabed", "ficly_sequels": [{"ficly_sequel_int": 10331, "ficly_sequel_title": "A Prelude to a Loss", "ficly_sequel_url": "http://ficly.com/stories/10331"}], "ficly_story_title": "Fervid Concessions"}