{"ficly_prequels": [{"ficly_prequel_url": "http://ficly.com/stories/10896", "ficly_prequel_title": "The end of the desperado", "ficly_prequel_int": 10896}], "ficly_story_url": "http://ficly.com/stories/10898", "ficly_story": "Seth felt a strong hand grab his collar as he got out of the car. He looked down across his shoulder and saw a woman\u2019s blouse, shapely filled. Shoving her out of the way he went to inspect his handy-work. The three Laughing Man cronies were clearly dead, their bodies gruesome displays in the dirty alley.\n\nHe quickly went to the first body to make a show for the witnesses. Taking its wrist in his hand, he felt for a pulse. Suddenly he felt a quick stab of pain into his ribs. He looked up, his jaw clenched, into\u2026\n\nThat face.\n\n_Her_ face. No, it couldn\u2019t be her face, she was gone. But it she looked   remarkably similar. They could\u2019ve been sisters, twin sisters. The red hair, that fierce expression. He didn\u2019t want to remember\u2014\n\n\u201cWhat the _hell_ are you doing?\u201d The woman yelled. \u201cAre you _insane?_\u201d she   continued, but didn\u2019t strike him again. Seth got up and dusted off his jacket. \u201cI lost control of my car.\u201d he said, laying on a fake Spanish accent. _Mustn\u2019t remember_ he thought earnestly to himself _Not now_.\n\n", "ficly_author_avatar_url": "http://ficly.com/images/icons/avatar.jpg", "ficly_author_nickname": "Funtime Bobby", "ficly_story_int": 10898, "ficly_author_url": "http://ficly.com/authors/funtime_bobby", "ficly_sequels": [{"ficly_sequel_int": 10900, "ficly_sequel_title": "Reasons why", "ficly_sequel_url": "http://ficly.com/stories/10900"}], "ficly_story_title": "Mustn't remember"}