{"ficly_prequels": [{"ficly_prequel_url": "http://ficly.com/stories/10015", "ficly_prequel_title": "Scooter Girl Scoots", "ficly_prequel_int": 10015}], "ficly_story_url": "http://ficly.com/stories/10705", "ficly_story": "\u201cRae!\u201d Violet came tearing around the corner, sneakers squeaking on the school\u2019s perpetually waxed linoleum. \u201cYou are not going to\u2026\u201d Her jubilant announcement and quick pace came to a halt before a sullen face. The two stood facing one another while the hustle and bustle of high school life swirled around them.\n\nFor her part, Rae took note of this, wondered at the magical seclusion that is adolescence. She knew what was going on in the world at large, including the things her own parents perpetrated. There was practically a war going on in their own country. Meanwhile there went Kendra Jenkins running after Harvey Bintz concerned whether their date to the big dance was still on.\n\nViolet, on the other hand, could only stand stupefied by her friend\u2019s blank look. No words were spoken. Her face told it all. Though Violet could not fathom what had transpired, she knew one thing. Rae, her erstwhile friend, could no longer bear to be around her, could hardly face her. Their friendship was over.\n\n", "ficly_author_avatar_url": "http://cdn.ficly.com/icons/29/AHFL_icon.JPG", "ficly_author_nickname": "THX 0477", "ficly_story_int": 10705, "ficly_author_url": "http://ficly.com/authors/thx0477", "ficly_sequels": [{"ficly_sequel_int": 10736, "ficly_sequel_title": "Not So Easily Brushed Off", "ficly_sequel_url": "http://ficly.com/stories/10736"}], "ficly_story_title": "A Friendship Ruined"}