{"ficly_prequels": [], "ficly_story_url": "http://ficly.com/stories/1081", "ficly_story": "The buzz of the solitary working streetlight and the distant call of the whippoorwill were an eerily serene background to her racing mind. _Strange,_ she thought, _that while the city is in ruin, I still stand here, as I always have, contemplating the state of the world._ She raised her head to look at the night\u2019s crescent moon, reflecting aloud on her current state.\n\n\u201cI\u2019m the only one left,\u201d she whispered, lighting a cigarette and pulling a memo book out of her pocket. She produced a pen from the air and began to write. She could only do it out here, where they didn\u2019t monitor. The Embassy was so sure they had wiped everything out, they didn\u2019t monitor the ruins. She couldn\u2019t quite place why they\u2019d tried to stifle her kind; all she knew was that she was forced to hide her gift. Gift? They didn\u2019t succeed in making her stop, but they succeeded in making her believe her gift was a curse. She took a long drag off her cigarette and continued dragging the pen across the paper. Before she knew it, the sun was rising.\n\n", "ficly_author_avatar_url": "http://cdn.ficly.com/icons/1547/avatar.jpg", "ficly_author_nickname": "Elisabeth L. Davis(LoA)", "ficly_story_int": 1081, "ficly_author_url": "http://ficly.com/authors/lisdavis", "ficly_sequels": [{"ficly_sequel_int": 1140, "ficly_sequel_title": "Keepers of Implements", "ficly_sequel_url": "http://ficly.com/stories/1140"}], "ficly_story_title": "Stifled Writers"}