{"ficly_prequels": [{"ficly_prequel_url": "http://ficly.com/stories/10784", "ficly_prequel_title": "The Legacy of the Silent Storm", "ficly_prequel_int": 10784}], "ficly_story_url": "http://ficly.com/stories/10801", "ficly_story": "Storm stood in the hall and took a few deep breaths.\n\n\u201cYou know we must test you now.\u201d A man in a black cloak nodded.\n\n<del>It was ancient custom at the monastery to test the new wielder of the quill.</del>\n\n\u201cYes, I do.\u201d Storm replied\n\nThe Cloaked Man walked slowly down the hall.\n\nStorm quickly follows.\n\nThe Cloaked man stops in front of an eerie dark room.\n\n\u201cGo in there.\u201d\n\n\u201cWhy? Is this part of the test?\u201d\n\nNo Reply.\n\nStorm eyes the man and then sighs.\n\n\u201cI\u2019m sorry I\u2019m kind-\u201d\n\nThe Cloaked Man pushes Storm into the dark room and locks the door.\n\n\u201cHey what are you doing!\u201d Storm cries as he tries to open the door.\n\nThere is no reply. The door does not budge.\n\n\u201cThis must be part of the test.\u201d Storm thought\n\nStorm reaches for the quill in his pocket and pulls it out to see that it glows in the dark.\n\n\u201cThat is so eerie.\u201d he whispered in awe\n\nA drop of golden ink falls from the quill onto the floor.\n\nWell this is as good a shot as anything.\n\nStorm writes the word \u201cExit\u201d on the wall.\n\nWith a flash an exit appears.\n\n", "ficly_author_avatar_url": "http://cdn.ficly.com/icons/1017/avatar.jpg", "ficly_author_nickname": "The Silence [All By Myself] {LoA}", "ficly_story_int": 10801, "ficly_author_url": "http://ficly.com/authors/silentstorm", "ficly_sequels": [{"ficly_sequel_int": 11253, "ficly_sequel_title": "The Pen is...", "ficly_sequel_url": "http://ficly.com/stories/11253"}], "ficly_story_title": "The Master's Quill"}