{"ficly_prequels": [{"ficly_prequel_url": "http://ficly.com/stories/10414", "ficly_prequel_title": "Getting to the Root of All", "ficly_prequel_int": 10414}], "ficly_story_url": "http://ficly.com/stories/10498", "ficly_story": "Eyes glazed with a joy he hadn\u2019t felt in years, Micah perused the selection. The trunk of Greasy Ed\u2019s \u201877 Buick Skylark, primer orange and replete with rust, wasn\u2019t the most glamorous of emporiums, but it had everything needed. The small arms called to his hands for a delicate touch. The sawed off shotgun whispered sweet nothings in gravely tones. A rifle told of long distance kisses. Assorted explosives begged to be turned loose.\n\nHe wanted them all. His mouth practically watered at the thought. The idea of \u2018too much\u2019 or \u2018overkill\u2019 didn\u2019t even enter his mind.\n\nA hunting knife winked from the corner of the trunk, and Micah had to chuckle as he remembered the Proverb, \u201cAnd put a knife to thy throat, if thou be a man given to gluttony.\u201d There were certainly throats in need of knifing.\n\n\u201cYou, uh, planning anything special?\u201d Greasy Ed asked, barely avoiding a nervous stammer.\n\nMicah pointed to the delights he desired, started counting out bills, and grunted, \u201cNothin\u2019 special about revenge.\u201d\n\n", "ficly_author_avatar_url": "http://cdn.ficly.com/icons/29/AHFL_icon.JPG", "ficly_author_nickname": "THX 0477", "ficly_story_int": 10498, "ficly_author_url": "http://ficly.com/authors/thx0477", "ficly_sequels": [{"ficly_sequel_int": 10533, "ficly_sequel_title": "Math, Memories, and Hurting People", "ficly_sequel_url": "http://ficly.com/stories/10533"}], "ficly_story_title": "Nothing Special About Revenge"}