{"ficly_prequels": [], "ficly_story_url": "http://ficly.com/stories/10842", "ficly_story": "A flower without water   Is clearly going to die   No matter how much trouble   Tears will not fall from my eyes\n\nThe petals of the bloom are bruised   The flower is forgotten   She is left quite alone   The colors there are haunted\n\nNo matter how hard I press, or how great   I make my endeavors   This darkness is still seeming   To go on and on forever\n\nA flower pulled up from the roots   Has not a hope of survival   As yet, far as I know   There is not a chance for revival\n\nSo tell me this   Then tell me that   And tell me its all right   But what you haven\u2019t told me is   Why I shouldn\u2019t throw this fight\n\nA flower without water   Is clearly going to fade   So I see no reason to proceed   With this absurd masquerade\n\n", "ficly_author_avatar_url": "http://cdn.ficly.com/icons/24/amj.jpg", "ficly_author_nickname": "Lone Writer", "ficly_story_int": 10842, "ficly_author_url": "http://ficly.com/authors/lonewriter", "ficly_sequels": [{"ficly_sequel_int": 10952, "ficly_sequel_title": "The Rose of Tears", "ficly_sequel_url": "http://ficly.com/stories/10952"}], "ficly_story_title": "The Fading Masquerade"}