{"ficly_prequels": [], "ficly_story_url": "http://ficly.com/stories/10314", "ficly_story": "She sat at the front of the english classroom, doodling on the front of her new textbook. She was the most beautiful girl I had ever seen. She had long, flowing, brown hair that reached her waist, green eyes that sparkled like emeralds and the most perfect little nose that was sprinkled with freckles. My breath caught in my throat as she looked up from her doodling and smiled. My heart pounded as I smiled back.Someone pushed me from behind and I fell.   \u201cMove out of the way!\u201d Kurt Gold said\n\nI looked up to find her pearched on his desk, with her back to the classroom, her lips pressed against his in a kiss.The teacher walked into the classroom and they sprang apart.\n\n\u201cClass, there is a new assignment i\u2019m handing out. You are to work with an assigned partner and perform a scene from Shakespeare\u2019s A Midsummer Night\u2019s Dream\u201d\n\nI crossed my fingers, hoping I\u2019d get her.\n\n\u201cMiranda Harris, you\u2019re with Josh Davidson\u201d\n\n**YES!** I think to myself\n\nShe turns around and smiles at me   \u201cCool\u201d she says\n\n", "ficly_author_avatar_url": "http://cdn.ficly.com/icons/1746/avatar.jpg", "ficly_author_nickname": "Breakfast At Jamie's", "ficly_story_int": 10314, "ficly_author_url": "http://ficly.com/authors/breakfastsatjamies", "ficly_sequels": [{"ficly_sequel_int": 10317, "ficly_sequel_title": "Just That Girl Part 2", "ficly_sequel_url": "http://ficly.com/stories/10317"}], "ficly_story_title": "Just That Girl Part 1"}