{"ficly_prequels": [{"ficly_prequel_url": "http://ficly.com/stories/10741", "ficly_prequel_title": "LIFE: A Memoir 3", "ficly_prequel_int": 10741}], "ficly_story_url": "http://ficly.com/stories/10794", "ficly_story": "When I got home from school, I went into the kitchen and got some tea. \u201cSo.. How was your first day sam?\u201d My mom asked. \u201cEh.. Awkward and shitty. Just like any other first day.\u201d I said. I could tell her pretty much anything and she would understand. \u201cTrue.\u201d She said back. I headed into the living room and watched a little tv and then got bored. The day was boring and stupid. What else can I say?\n\nIt was my second day of school. In my first period, someone was daring enough to talk to me. \u201cHey. It\u2019s sam, right?\u201d They asked. \u201cMy name\u2019s Brandon Weese. I know how awkward it can be tring to come to a new school and everything.\u201d He said. I thought to myself \u2018Wow.. Someone at this godforsaken school wants to talk to me?\u2019 We talked all period. We had a lot of nerdy things in common. Actually made my day average. The periods passed and then came 8th pd. I soon found out who the mysterious social studies chick was. Her name was Lennon Brooks, an emo girl. I noticed the cuts on her wrists first. Then her dark make-up..\n\n", "ficly_author_avatar_url": "http://cdn.ficly.com/icons/1590/avatar.jpg", "ficly_author_nickname": "sammytrick", "ficly_story_int": 10794, "ficly_author_url": "http://ficly.com/authors/sammytrick", "ficly_sequels": [{"ficly_sequel_int": 10857, "ficly_sequel_title": "LIFE: A Memoir 5", "ficly_sequel_url": "http://ficly.com/stories/10857"}], "ficly_story_title": "LIFE: A Memoir 4"}