{"ficly_prequels": [{"ficly_prequel_url": "http://ficly.com/stories/10531", "ficly_prequel_title": "Not meant to happen", "ficly_prequel_int": 10531}], "ficly_story_url": "http://ficly.com/stories/10537", "ficly_story": "As George was momentarily distracted by the crash that had come from the other room, Zoe kicked backwards and upwards, hitting him right where it hurt. As he started to double over she kicked up a bit higher and harder, hitting him right in the stomach and sending him to the floor.\n\nZoe flexed the arm that had been behind her back. No lasting damage. George started to crawl back up off the floor. \u201cBig mistake\u201d he hissed, and lunged for her. Zoe side stepped as he dove at her, arms outstretched. \u201cI think you missed\u201d she said. She reached into her skirt and pulled out a pistol. He was turning round as she pointed the gun in his face.\n\n\u201cGame over\u201d she said. She whistled once, low and loud and the door burst open as 10 armed guards entered the room. \u201cHe\u2019s all yours boys\u201d she said when all guns were pointed at him. She walked over to the door. \u201cPity,\u201d she said turning back, \u201cWe were going to have _so much fun_!\u201d\n\n", "ficly_author_avatar_url": "http://cdn.ficly.com/icons/2536/avatar.jpg", "ficly_author_nickname": "Jenni Summers", "ficly_story_int": 10537, "ficly_author_url": "http://ficly.com/authors/jennisummers", "ficly_sequels": [{"ficly_sequel_int": 10538, "ficly_sequel_title": "A week earlier", "ficly_sequel_url": "http://ficly.com/stories/10538"}], "ficly_story_title": "Game Over"}