{"ficly_prequels": [{"ficly_prequel_url": "http://ficly.com/stories/10954", "ficly_prequel_title": "He could stop them", "ficly_prequel_int": 10954}], "ficly_story_url": "http://ficly.com/stories/10957", "ficly_story": "This was not going well. Lauren had assured Janus safe passage into Mexico, and here they were barely into Panama, with angry men shooting at them. This fact was not lost on Janus, who was giving off glares that would have lit Lauren on fire.\n\nAs Lauren followed Janus down a small side hallway, they saw a man who looked rather like a rat step quickly out of a door. \u201cAh \u2026 Janus,\u201d he said smoothly, stopping Janus dead. \u201cWould you please be so kind as to come with me?\u201d\n\nAs the man pulled Janus into the room from which he\u2019d come, Lauren went to follow, but the door slammed shut in her face. She tried to open it, with no luck. She removed a small pin from her hair and started to attempt to pick the lock, but she met with little success.\n\nLuckily, the gunshots had stopped, and Lauren could see no evidence of the ones who\u2019d been firing on them. She leaned against the wall. _Need to find the item. Need to find Janus. Need to get the hell out of here. How in the **hell** do I do that?_\n\n", "ficly_author_avatar_url": "http://ficly.com/images/icons/avatar.jpg", "ficly_author_nickname": "Phoenix", "ficly_story_int": 10957, "ficly_author_url": "http://ficly.com/authors/phoenixv07", "ficly_sequels": [], "ficly_story_title": "Questions of togetherness."}