{"ficly_prequels": [], "ficly_story_url": "http://ficly.com/stories/10752", "ficly_story": "Every dawn that breaks, there\u2019s always night to come up again, like a never ending circle. Every day I would wake up, Go to school, go home, do my homework, got to sleep, and the cycle would repeat itself. The repetition honestly bored me to tears. But what was I to do about it..?\n\nThat is\u2026 till he came along.\n\n", "ficly_author_avatar_url": "http://cdn.ficly.com/icons/1836/avatar.jpg", "ficly_author_nickname": "LeMonstre", "ficly_story_int": 10752, "ficly_author_url": "http://ficly.com/authors/lemonstre", "ficly_sequels": [{"ficly_sequel_int": 10797, "ficly_sequel_title": "#2. Different.", "ficly_sequel_url": "http://ficly.com/stories/10797"}], "ficly_story_title": "Intro: Circles that break."}