{"ficly_prequels": [], "ficly_story_url": "http://ficly.com/stories/10049", "ficly_story": "Heat. Dust. Loneliness. Lack of sleep. Frustration. Just anther day in Operation Enduring Freedom. Like all soldiers with months of training: we wait for combat. and wait. eat. and wait. and wait. poop. and wait. Listen to some high level brass send down a memo talking about how proud he is of us for spreading democracy. or whatever. oh, yeah\u2026Hoorah! and wait. and wait. Then, for a brief second in time, you engage enemy combatants. You know\u2026the bad guys. Balkh Province was no exception. Almost.\n\nI was one of six Special Forces soldiers sent in to assist the Northern Alliance forces in capturing the village of Keshendeh. After 2 days of bombing and attacks by Uzbek faction\u2019s horse-mounted troops, most of the Taliban headed for the hills or died trying. No one expected the Taliban to leave their women behind. Women who fought more fiercely than any man I\u2019ve seen . We had to fight them door to door. Taking more casualties than we could afford to. They were fearless. Neither alive. Nor dead. Zombies. In burqas.\n\n", "ficly_author_avatar_url": "http://cdn.ficly.com/icons/3450/avatar.jpg", "ficly_author_nickname": "Krulltar", "ficly_story_int": 10049, "ficly_author_url": "http://ficly.com/authors/jestersrequiem", "ficly_sequels": [{"ficly_sequel_int": 10106, "ficly_sequel_title": "Support Inbound.", "ficly_sequel_url": "http://ficly.com/stories/10106"}], "ficly_story_title": "Taliban"}