{"ficly_prequels": [{"ficly_prequel_url": "http://ficly.com/stories/735", "ficly_prequel_title": "The So-Called Good life", "ficly_prequel_int": 735}], "ficly_story_url": "http://ficly.com/stories/10413", "ficly_story": "I rushed into my usual salon, needing a change. I didn\u2019t actually know why I wanted to do this, the idea just came to me, and I knew it was perfect.   \u201cMaggie! Darling!\u201d   \u201cOh! Laura!   I trotted over to her.   \u201cI\u2019m going blonde.\u201d   \u201cWHAT!\u201d Laura grabbed my long, wavy, lusicous brunette locks. \u201cAre you crazy!\u201d   \u201cI have to! I\u2019m changing myself. I dont want anyone to recognize me.\u201d   Laura sighed, and got to work. I watched with sadness, as my hair was cut up to my shoulders, then dyed bloned, chemically straightened, with added side bangs, then purple extensions. Laura gave me green contacts and fake eyelashes to hide my normally bright blue eyes. She added permanent freckles across my nose. She slipped on a pair of glasses for the final touch.   \u201cMy Maggie is gone!\u201d She started tearing up as she hugged me.   I sighed. I knew my life wasn\u2019t going to be the same now, but I was excited. I was now Jeanette Snelling, a normal teen girl.\n\n", "ficly_author_avatar_url": "http://cdn.ficly.com/icons/2443/avatar.jpg", "ficly_author_nickname": "just another girl", "ficly_story_int": 10413, "ficly_author_url": "http://ficly.com/authors/user-354", "ficly_sequels": [], "ficly_story_title": "A change for the better (The Good life #3)"}