{"ficly_prequels": [{"ficly_prequel_url": "http://ficly.com/stories/10737", "ficly_prequel_title": "The Other Side Of The Story", "ficly_prequel_int": 10737}], "ficly_story_url": "http://ficly.com/stories/10738", "ficly_story": "We then send the letter off to the next department required. And the process keeps going until the list is complete and all teh items are wrapped and in their appropriate section together. It\u2019s tiring work as humans don\u2019t write logically so there could be 10 gadgets on a list but we don\u2019t get them all at once. It\u2019s so aggravating.\n\nWe get little pay and work long tiring hours almost all year round. We get maybe a month off before the next letters start coming through. Then it starts all over again.\n\nUs elves\u2026.we hate christmas\n\n", "ficly_author_avatar_url": "http://cdn.ficly.com/icons/2536/avatar.jpg", "ficly_author_nickname": "Jenni Summers", "ficly_story_int": 10738, "ficly_author_url": "http://ficly.com/authors/jennisummers", "ficly_sequels": [], "ficly_story_title": "The Other Side Of The Story*"}