{"ficly_prequels": [{"ficly_prequel_url": "http://ficly.com/stories/949", "ficly_prequel_title": "Ditching", "ficly_prequel_int": 949}], "ficly_story_url": "http://ficly.com/stories/1082", "ficly_story": "\u201cWell..\u201d She warily glances at her \u2018beginner\u2019 labeled ticket hanging around her neck. \u201cI mean, you said this hill was easy, and I really don\u2019t want to get lost again on my way back again.\u201d\n\nI sigh. \u201cOkay, if you really think you\u2019re ready for this. I mean, the hill is easy. No moguls and hardly any ramps. Only thing is, it\u2019s steep.\u201d\n\nI almost hear her gulp. \u201cHow steep?\u201d\n\n\u201cPretty steep.\u201d\n\nShe squeezes the little clamps behind the boots and both her skis unclick at the same time. \u201cI guess I\u2019ll meet you on the bus.\u201d\n\n\u201cOkay, later!\u201d Now, back to the hill.\n\nI carefully maneuver myself back to where I\u2019d been on the edge. Not many people know this, but there are paths that go into the woods and down alternate routes to get to the bottom of the mountain. No one knows who originally made them, or if they even used to be part of the slopes. Every now and then, though, when it snows enough for a couple of the trails to get covered in a foot or two of powder, it\u2019s the best ride in the entire park.\n\n", "ficly_author_avatar_url": "http://cdn.ficly.com/icons/304/avatar.jpg", "ficly_author_nickname": "sesquipedalian", "ficly_story_int": 1082, "ficly_author_url": "http://ficly.com/authors/sesquipedalian", "ficly_sequels": [{"ficly_sequel_int": 1085, "ficly_sequel_title": "Breaking Rules", "ficly_sequel_url": "http://ficly.com/stories/1085"}], "ficly_story_title": "Best Ride In the Park"}