{"ficly_prequels": [{"ficly_prequel_url": "http://ficly.com/stories/10526", "ficly_prequel_title": "Gods...1", "ficly_prequel_int": 10526}], "ficly_story_url": "http://ficly.com/stories/10527", "ficly_story": "And for ancient Greece\u2019s Dionysus,   no drums sound, no flute plays -   but, oh, weren\u2019t those the days!\n\nThe goddesses, too, we must include,   for all were dear to some, and lived   in our hearts until the time had come.\n\nThere was Athena , Gaia, and Kore,   Xochiquetzal, Minerva, and Astarte,   Ixtab, Kuan Yin, and Kali of course.\n\nFive thousand gods and goddesses \u2013   maybe ten or a hundred fifty thousand   or more, there might have been.\n\nBut the goddesses and gods have all   gone, one by one, until there are none   but those that are still willed alive.\n\n\\- Gods and goddesses kept alive   by people still believing \u2013 still   trusting \u2013 in their own creations.\n\nPinocchio becomes god of the wood,   while Pygmalion falls on his knees   before his goddess of stone, Galatea.\n\n", "ficly_author_avatar_url": "http://cdn.ficly.com/icons/1733/avatar.jpg", "ficly_author_nickname": "The Athiest", "ficly_story_int": 10527, "ficly_author_url": "http://ficly.com/authors/elderlyons", "ficly_sequels": [{"ficly_sequel_int": 10528, "ficly_sequel_title": "Gods...3", "ficly_sequel_url": "http://ficly.com/stories/10528"}], "ficly_story_title": "Gods...2"}