{"ficly_prequels": [{"ficly_prequel_url": "http://ficly.com/stories/10943", "ficly_prequel_title": "MERGE", "ficly_prequel_int": 10943}], "ficly_story_url": "http://ficly.com/stories/10944", "ficly_story": "Perhaps I should explain. The thing is, my family is not exactly the 2.3 child atomic family. My mother is the strangest person I have ever met. Every month or so she discovers a new obsession- this time it\u2019s yoga and \u201ccalming affirmations\u201d- and sticks to whatever regimen or religion she\u2019s picked out of the whirling chaos that is her head. At least for a while- in a month or so it\u2019ll be kickboxing, or charity, or Buddhism. She works as a cooking instructor- food is the only constant in her life. Even though right now we\u2019ve been eating nothing but curry at home, I know she could whip out a perfect lobster or Baked Alaska if she were in the \u201cmood\u201d.\n\nMy mom and dad met as recent divorcees at a resort trying to drown their sorrow in bikinis and alcohol, and realized they had a lot in common- the divorcee status, the children\u2026 My dad had Annemarie and my mother was the proud parent of Christian. They got married while my mom was already pregnant with Ember and I- though, at that time, she was still called Amber.\n\n", "ficly_author_avatar_url": "http://cdn.ficly.com/icons/2978/avatar.jpg", "ficly_author_nickname": "Insert Pen Name Here", "ficly_story_int": 10944, "ficly_author_url": "http://ficly.com/authors/insertpennamehere", "ficly_sequels": [{"ficly_sequel_int": 10945, "ficly_sequel_title": "Ember", "ficly_sequel_url": "http://ficly.com/stories/10945"}], "ficly_story_title": "Explanation (Ficlet Nirvana)"}