{"ficly_prequels": [{"ficly_prequel_url": "http://ficly.com/stories/11023", "ficly_prequel_title": "A Reluctance To Die", "ficly_prequel_int": 11023}], "ficly_story_url": "http://ficly.com/stories/11025", "ficly_story": "I place the soul on my shoulder, and it immediately begins to whine. Not such a great idea.\n\nWe arrive at the nearest river, a few kilometres away. When I\u2019m on business I get a company car, full of complementary wines and champagnes to make the soul more peaceful.\n\nI begin the journey into the underworld by splitting a rock in the brook with my scythe. Water crashes into my cloak from the knees down. Great, another trip to dry-cleaners later.\n\nI grab hold of the soul, bustling to gain freedom from my fingers, and watch as the split rock opens to a staircase leading down to the depths of the earth.\n\nI\u2019ve made complaints about the length of the staircase, but the Human Resources Department are cutting costs due to a tight budget, and can\u2019t afford to buy an escalator or a lift. So we march down 153230 flights of steps. Yes, I\u2019ve counted.\n\nBy the time we reach the underworld, a pool party is in full swing. The soul is much less reluctant now, and flips into a float-chair. I take my leave. Only 153229 steps to go.\n\n", "ficly_author_avatar_url": "http://cdn.ficly.com/icons/1738/avatar.jpg", "ficly_author_nickname": "Violet Turner", "ficly_story_int": 11025, "ficly_author_url": "http://ficly.com/authors/violet_ink", "ficly_sequels": [{"ficly_sequel_int": 11125, "ficly_sequel_title": "Stranger at the Laundry", "ficly_sequel_url": "http://ficly.com/stories/11125"}], "ficly_story_title": "Stairway To A Pool Party"}