{"ficly_prequels": [{"ficly_prequel_url": "http://ficly.com/stories/10693", "ficly_prequel_title": "Normal Girl By Day (IV)", "ficly_prequel_int": 10693}], "ficly_story_url": "http://ficly.com/stories/10728", "ficly_story": "I don\u2019t know what happened, I really don\u2019t. My conscious told me not to, but something told me to take the risk and I listened to that instead. Ethan sat with us at lunch, but the girls were all over him so I didn\u2019t talk to him that much. Which is good, wouldn\u2019t want him to recognize me.\n\nNow we\u2019re sitting across from each other, drinking milkshakes at the food court in the mall. I\u2019m constantly looking away, trying to never make eye contact.\n\n\u201cThis weekend was a drag, hearing my parents bitch at me about the new school,\u201d he tells me.\n\n\u201cYeah, sounds bad,\u201d I say automatically.\n\n\u201cIt wasn\u2019t all bad, though, I got really drunk Friday night,\u201d _OH SHIT!_ \u201cand had sex with this gorgeous girl. Bad thing is, her face is a vague memory.\u201d\n\n\u201cHad sex?\u201d I ask dumbly.\n\n\u201cYeah, the only thing I really remember is that her eyes were really green that night. They were amazing,\u201d he says. I\u2019m secretly panicking.\n\n\u201cSounds nice, but I have to go, like now,\u201d I get up and begin walking away.\n\n\u201cThey were sort of like yours.\u201d\n\n", "ficly_author_avatar_url": "http://cdn.ficly.com/icons/2392/avatar.jpg", "ficly_author_nickname": "Mr.Gabriel", "ficly_story_int": 10728, "ficly_author_url": "http://ficly.com/authors/mistergabriiel", "ficly_sequels": [{"ficly_sequel_int": 10813, "ficly_sequel_title": "Run Away (II)", "ficly_sequel_url": "http://ficly.com/stories/10813"}], "ficly_story_title": "Run Away (I)"}