{"ficly_prequels": [], "ficly_story_url": "http://ficly.com/stories/11014", "ficly_story": "Katie danced with the barley. She threw her arms out and spun round, now running, now still. The barley danced around her as far as the eye could see, waving its ripe yellowness in the joyful embrace of the wind, patterns always changing, always intricate and always alluring. This was where she felt free, connected to the lush crop with sibling intimacy; she touched it as she moved, relishing the roughness of the dancing grain.\n\nHigh above her head, the power lines\u2019 steady crackle was masked completely by the whistling of the wind as it stroked the wires. Their dance a languid counterpoint to the barley\u2019s youthful energy, their song rising and falling as the shapes moved and reformed in the field below.\n\nThe pain in her abdomen brought her inside, as it always did. Her parents reassured her that she was fine, for now, and that all was normal. They would be going to The Centre in two weeks\u2019 time: they would make it better there.\n\n", "ficly_author_avatar_url": "http://cdn.ficly.com/icons/269/avatar.jpg", "ficly_author_nickname": "ethelthefrog", "ficly_story_int": 11014, "ficly_author_url": "http://ficly.com/authors/ethelthefrog", "ficly_sequels": [{"ficly_sequel_int": 11013, "ficly_sequel_title": "Balls. Lots of balls.", "ficly_sequel_url": "http://ficly.com/stories/11013"}], "ficly_story_title": "Wind in the barley"}