{"ficly_prequels": [{"ficly_prequel_url": "http://ficly.com/stories/10450", "ficly_prequel_title": "She Wanders Lost", "ficly_prequel_int": 10450}], "ficly_story_url": "http://ficly.com/stories/10453", "ficly_story": "It hurts   It saves   It separates and brings together   Holds people by an invisible tether\n\nBut keep yours away from me   Just go away and let me be\n\nLove loves to hate me   It shows up and fades away   How can I stand to live this way?\n\nJust go and leave me alone   A heart of cold and lifeless stone   Would be easier to carry\n\nThe burden I must bury   When you take your love back   When you turn on me   Tell me that you don\u2019t care\n\nI don\u2019t dare live again   I don\u2019t dare die again   I don\u2019t dare try again   With this cursed love lurking in the shadows\n\nDon\u2019t give it to me   I don\u2019t want it   I won\u2019t let my heart be haunted   By anything that you could do\n\nI\u2019ll just stay inside myself   I\u2019ll just die all by myself   I might be beside myself   Oh yes, I\u2019m definitely falling\n\nThe incandescent glowing dark   Is easier to bear than a beating heart   The contrast here is much to stark   How I used to feel\n\nThe friends I\u2019ve kept   And cherished dear   Have chosen Far instead of Near\n\nSometimes the road one undertakes   Others are loath to appreciate   Leave me here\n\n", "ficly_author_avatar_url": "http://cdn.ficly.com/icons/24/amj.jpg", "ficly_author_nickname": "Lone Writer", "ficly_story_int": 10453, "ficly_author_url": "http://ficly.com/authors/lonewriter", "ficly_sequels": [], "ficly_story_title": "As For Love..."}