{"ficly_prequels": [{"ficly_prequel_url": "http://ficly.com/stories/1057", "ficly_prequel_title": "How", "ficly_prequel_int": 1057}], "ficly_story_url": "http://ficly.com/stories/1058", "ficly_story": "Destiny is the hand that guides us,\n\nFate is the door before us,\n\nBut to open that door,\n\nYou were given free will. Thats the key.\n\n", "ficly_author_avatar_url": "http://ficly.com/images/icons/avatar.jpg", "ficly_author_nickname": "Spectrum", "ficly_story_int": 1058, "ficly_author_url": "http://ficly.com/authors/ryan", "ficly_sequels": [{"ficly_sequel_int": 1060, "ficly_sequel_title": "Courage", "ficly_sequel_url": "http://ficly.com/stories/1060"}], "ficly_story_title": "Cryptic"}