{"ficly_prequels": [], "ficly_story_url": "http://ficly.com/stories/10746", "ficly_story": "He was an ordinary man. He lived on 773 Washington Avenue, in a little house that was halfway paid off. He wasn\u2019t married, and he didn\u2019t have any children (that he knew of). He didn\u2019t even have a dog. He went out to dinner with his girlfriend every so often and did accounting for his \u201cfriends\u201d. (Little did he know that they were just being friendly because he figured out their taxes).\n\nAnd then one day, it all changed.\n\nIt was the day he bought a bottle of Crown Royale and a case of Coca-Cola. It was also the day that his girlfriend dumped him. And, incidently, it was also the same day that the kid across the street died. It was all very lonely for him, so he figured, _\u201cWell, I\u2019m depressed. Might as well get myself something to numb the pain.\u201d_ So he did. And he drank and drank until he finally passed out, slumped on the kitchen table.\n\nAnd when he awoke, he found himself listening to the sounds of singing.\n\n", "ficly_author_avatar_url": "http://cdn.ficly.com/icons/1845/avatar.jpg", "ficly_author_nickname": "Adrienne E. Darby", "ficly_story_int": 10746, "ficly_author_url": "http://ficly.com/authors/walktherain", "ficly_sequels": [{"ficly_sequel_int": 10747, "ficly_sequel_title": "A Regular Joe, Part Deux", "ficly_sequel_url": "http://ficly.com/stories/10747"}], "ficly_story_title": "A Regular Joe"}