{"ficly_prequels": [], "ficly_story_url": "http://ficly.com/stories/10770", "ficly_story": "November 1st: The smells are changing. John wonders if it\u2019s New Year yet. Lucy and Susan pass away, thank heavens. John is cold but the nurse\u2019s don\u2019t bother with more blankets.\n\nNovember 2nd: John sleeps until midday, he doesn\u2019t like the lack of military precision in the home. The new smells are rotting leaves and flooding drains. The piano won\u2019t tune!\n\nNovember 3rd: It\u2019s too cold. But not as cold as back in John\u2019s day. The schoolchildren put on a play. John wishes he could watch it but he likes how they say their lines.\n\nNovember 4th: John\u2019s eyes hurt, he can remember the gas and the bombs. He wants Tessie to visit him and keeps forgetting that his mother can\u2019t hold his hand from where she is.\n\nNovember 5th: The noises! The bangs upset John. He has flashbacks. Alone in his little world he watches explosions and sees men bleeding to death. He can\u2019t see the beautiful fireworks. He hears the shrieks. And smells the smoke.\n\nNovember 6th: Oliver arrives at the home. John hopes tomorrow is a better day.\n\n", "ficly_author_avatar_url": "http://cdn.ficly.com/icons/4271/avatar.jpg", "ficly_author_nickname": "Abby (LoA)", "ficly_story_int": 10770, "ficly_author_url": "http://ficly.com/authors/abbywall", "ficly_sequels": [{"ficly_sequel_int": 10771, "ficly_sequel_title": "Calendar of a Blind man...part 2", "ficly_sequel_url": "http://ficly.com/stories/10771"}], "ficly_story_title": "Calendar of a Blind man..."}