{"ficly_prequels": [], "ficly_story_url": "http://ficly.com/stories/10730", "ficly_story": "The pounding came again from the door, hammering on the inside of my skull in a most unplesant way. I wanted to hide beneath the covers for as long as possible, which at this rate was 2 more minutes; or less.   \u201cIf you don\u2019t open this door,\u201d the muffled snarl came, \u201cI\u2019m going to contact hotel security and tell them you are hurting yourself and to let me in.\u201d   \u201cIf you do, I\u2019ll never talk to you again!\u201d   \u201cDoes that mean no more sex?\u201d   The joke slipped out of him before he could catch it I\u2019m sure. In another situation, or on another day, I would have laughed. Today I threw a pillow at the door, and it made a very unimpressive thump as it hit.   \u201cOpen the door Jen.\u201d   I climbed out of bed and sulked over to the door, pulling it open with resentment. Green eyes full of concern met mine, the anxiety making his crowfeet stand out a bit more then normal. I looked down, stepped aside and let him into the room. Closing the door behind him, I picked up my thrown pillow and shuffled back to my bed.\n\n", "ficly_author_avatar_url": "http://ficly.com/images/icons/avatar.jpg", "ficly_author_nickname": "Ponchifer", "ficly_story_int": 10730, "ficly_author_url": "http://ficly.com/authors/user-149", "ficly_sequels": [{"ficly_sequel_int": 10759, "ficly_sequel_title": "She's on guard", "ficly_sequel_url": "http://ficly.com/stories/10759"}], "ficly_story_title": "Leave me alone..."}