{"ficly_prequels": [{"ficly_prequel_url": "http://ficly.com/stories/10552", "ficly_prequel_title": "The Hiding pt.1", "ficly_prequel_int": 10552}], "ficly_story_url": "http://ficly.com/stories/10553", "ficly_story": "The man nodded and said \u201cGood mornin\u2019 ma\u2019am\u201d, then proceeded to take off with too much vigour for a postman. She turned around and walked back inside. She stopped in the hall and looked at herself in the wall mirror. She couldn\u2019t fight the feeling of fear tightening her chest; whatever was in that box, it was meant for her innocent eyes only, and she was sure it wasn\u2019t an early birthday present.   Drifting distractedly back to her lounge room, she played with the frayed end of the string. She sat down too quickly, losing her balance and collapsing into the chair. Flustered, she put the box on her lap and slowly pulled on the string. It unravelled and slipped between her knees onto the floor. Tentatively, she slipped her finger under the tape holding the package together and let the paper unfold. Inside was an ornamental wooden box, with a small brass latch holding it closed. Slowly, she opened the small latch and lifted the lacquered lid.\n\n", "ficly_author_avatar_url": "http://cdn.ficly.com/icons/1883/avatar.jpg", "ficly_author_nickname": "tinkerbelle", "ficly_story_int": 10553, "ficly_author_url": "http://ficly.com/authors/tinkerbelle", "ficly_sequels": [{"ficly_sequel_int": 10554, "ficly_sequel_title": "The Hiding pt.3", "ficly_sequel_url": "http://ficly.com/stories/10554"}], "ficly_story_title": "The Hiding pt.2"}