{"ficly_prequels": [{"ficly_prequel_url": "http://ficly.com/stories/960", "ficly_prequel_title": "Postcards from Long Ago 4", "ficly_prequel_int": 960}], "ficly_story_url": "http://ficly.com/stories/1002", "ficly_story": "**\u201c\u2026on combining three of the most deadly things possible into one simple fluid. He called it \u2018Sporad.\u2019\u201d She coughs for a few moments, and spits out the blood in the bucket on the floor. \u201cWhat were those things, daddy?\u201d my daughter asks, sleepily. I find the accompanying postcard, showing my father in a lab suit, and start reading. \u201cOne of them was this thing called anthrax\u2026\u201d**\n\nBack in the day anthrax was what everyone was afraid of, like a crack in the wall today. You could send it in the mail to a random person and, if they opened the package, they would die. The second thing was a flesh-eating bacterium, or, uh\u2026 germ. If it touched you, you basically had no chance of surviving. And, worst of all, the last thing was radioactive bismuth. Radioactivity, which is why we don\u2019t go outside, is something that spreads very easily. It floats in the air, and kills you slow and painfully. And, somehow, he combined these three things into a liquid. And when my father died, all the rights\u2026\n\n", "ficly_author_avatar_url": "http://cdn.ficly.com/icons/3748/avatar.jpg", "ficly_author_nickname": "fish", "ficly_story_int": 1002, "ficly_author_url": "http://ficly.com/authors/mistafeesh", "ficly_sequels": [{"ficly_sequel_int": 1119, "ficly_sequel_title": "Postcards from Long Ago 6", "ficly_sequel_url": "http://ficly.com/stories/1119"}], "ficly_story_title": "Postcards from Long Ago 5"}