{"ficly_prequels": [], "ficly_story_url": "http://ficly.com/stories/10989", "ficly_story": "It was raining. It never rains in Santorini this time of year. The fake palm trees dripped and swayed on the private stone patio. The sound of the drops on the tile roof brought the deafening rush of the tides closer to the couple entwined inside on the king size bed. The sound cocooned them, separating them from the rest of the world. They didn\u2019t mind the rain, they had no real plans, just to be together.\n\nCassie rose first, wrapped herself in a silky robe, and made some toast, eggs, and juice to share with Alex. Smiling, she fed him his toast first, sometimes teasing him with the slice, not letting him get a bite. They both giggled and kissed so much, their food was cold by the time they were finished.\n\nThe rain slowed to a drizzle, but cuddling together was just as much paradise to the newlyweds as the Grecian island locale. Without much else to do, they spoke of their dreams, both immediate and far fetched, and laughed, and made love.\n\nThey didn\u2019t know they were being watched.\n\n", "ficly_author_avatar_url": "http://cdn.ficly.com/icons/3054/avatar.jpg", "ficly_author_nickname": "ElshaHawk (LoA)", "ficly_story_int": 10989, "ficly_author_url": "http://ficly.com/authors/elshahawk", "ficly_sequels": [{"ficly_sequel_int": 11051, "ficly_sequel_title": "Scurry", "ficly_sequel_url": "http://ficly.com/stories/11051"}], "ficly_story_title": "Honeymoon (rain challenge)"}