{"ficly_prequels": [{"ficly_prequel_url": "http://ficly.com/stories/10368", "ficly_prequel_title": "Just a typical girl 7", "ficly_prequel_int": 10368}], "ficly_story_url": "http://ficly.com/stories/10400", "ficly_story": "The movie started. We shared a bucket of popcorn and skittles. His arm was around me and my head was on his shoulder. The movie wasent that scary, I just pretended to be scared.   I was suprised there was no cameras or people attacking us. He seemed just like a normal guy and I liked that.   The movie was over. We got in his limo.   \u2018\u2019Do you wanna come back to my house?\u2019\u2019 He asked.   \u2018\u2019Sure.\u2019\u2019 I said.\n\nAt his house, I met his brother Christian, and His mom and dad.   \u2019\u2019We\u2019ll be in the basement!\u2018\u2019 He yelled.   His basement was a dark marroon with light brown couches and chairs. There was a couch with two adomends at the end. There was a pool table, Fuse ball table, and a bowling alley.   \u2019\u2019What do you wanna do?\u2018\u2019 I asked. I walked around and saw his Xbox and looked through the games.   \u2019\u2019I\u2019m beast at this.\u2018\u2019 I held up halo2.   \u2019\u2019You think you can beat me!?\u2018\u2019   \u2019\u2019Hell yea!\u2019\u2019 I sat on the couch with my feet on the adoment and he sat next to me, with his own adoment. He started it up and hit play.\n\n", "ficly_author_avatar_url": "http://cdn.ficly.com/icons/2213/avatar.jpg", "ficly_author_nickname": "\u2665I.Wont.Apologize.Pick.Me.........\u2665", "ficly_story_int": 10400, "ficly_author_url": "http://ficly.com/authors/bieberbabe24", "ficly_sequels": [{"ficly_sequel_int": 10500, "ficly_sequel_title": "Just a typical girl 9", "ficly_sequel_url": "http://ficly.com/stories/10500"}], "ficly_story_title": "Just a typical girl 8"}