{"ficly_prequels": [{"ficly_prequel_url": "http://ficly.com/stories/10357", "ficly_prequel_title": "Just another day in paradise #1", "ficly_prequel_int": 10357}], "ficly_story_url": "http://ficly.com/stories/10358", "ficly_story": "My alarm clock buzzed at 7:30 Monday morning. I streched, pulling off my sleep mask, then clapping to turn on the lights. I pulled the comforter off my giant, fluffy, bed. I walked into my giant bathroom, with my bubble bath already filled up. I stepped in happily. My maids came in to make my bed, and take my dirty clothes to the laundry room.   After my bubble bath, I pulled on my sparkly pink robe. Walking into my gigantic closet, I pressed the button that spun my racks around. I walked, hallway after hallway of the monsterous room, finally deciding on a light green ruffle tank dress, long grey skinny jeans from Dolce & Gabbana, and ankle high carmel brown cowboy boots. All dressed and ready, I sat down at my vanity, while my hair and makeup girl got to work. She decided to straighten my hair, pull the font pieces back, then make a delicate braid along the side of my face. While getting my hair done, I ate my usual bacon and eggs for breakfest. Grabbing my coach bag, I rushed out the door to my limo.\n\n", "ficly_author_avatar_url": "http://cdn.ficly.com/icons/2443/avatar.jpg", "ficly_author_nickname": "just another girl", "ficly_story_int": 10358, "ficly_author_url": "http://ficly.com/authors/user-354", "ficly_sequels": [{"ficly_sequel_int": 10359, "ficly_sequel_title": "Just another day in paradise #3", "ficly_sequel_url": "http://ficly.com/stories/10359"}], "ficly_story_title": "Just another day in paradise #2"}