{"ficly_prequels": [{"ficly_prequel_url": "http://ficly.com/stories/10752", "ficly_prequel_title": "Intro: Circles that break.", "ficly_prequel_int": 10752}], "ficly_story_url": "http://ficly.com/stories/10797", "ficly_story": "This morning, seemed like all the others, boring and dull. I got up, took a shower, got dressed, ate breakfast. But something seemed like it was missing. There was just something very offputting.\n\nI got on my jacket and backpack warily, thinking hard of what it was that made this morning seem nerve wracking.\n\nMy little sister came running through the halls and then into my room. Her electric vibrant blue eyes were sparkling, her golden curls escalated down her back, she was still in her curios george pajamas.\n\n\u201cguess who\u2019s coming to our school today!\u201d She half yelled.\n\nShe went to the same school as me, but a grade younger. She looked a lot like me. Execpt I had rich brown neat curls, and I was taller and more lean. She had that ivory look, while I was tan.\n\n\u201cWho?\u201d I asked clueless.\n\n\u201cA new student!\u201d\n\nOH! that\u2019s what made this day seem different.\n\n", "ficly_author_avatar_url": "http://cdn.ficly.com/icons/1836/avatar.jpg", "ficly_author_nickname": "LeMonstre", "ficly_story_int": 10797, "ficly_author_url": "http://ficly.com/authors/lemonstre", "ficly_sequels": [], "ficly_story_title": "#2. Different."}