{"ficly_prequels": [{"ficly_prequel_url": "http://ficly.com/stories/10581", "ficly_prequel_title": "Fattening Up", "ficly_prequel_int": 10581}], "ficly_story_url": "http://ficly.com/stories/10647", "ficly_story": "Sitting there, gloating in his methods, his mind drifted away.   He would sneak into each room and quietly watch them sleep, reveling in the sleep-induced smells of slumber. Then just before dawn, he would take a taste. See how the process was coming along. These were untested methods, after all. They had to get the combinations just right in order to ensure peak freshness and flavor.   \u201cWhat are doing??\u201d his mother shrieked, slapping him alongside the head.   \u201cSorry, Momma. I was just daydreaming.\u201d He hanged his head in shame. It was worse than being caught having a wet dream.   \u201cThere ain\u2019t no time for that. Look! The children are waiting.\u201d She stalked from the room.   Irritated and humiliated, he stood to bark his orders.   \u201cGet to bed now, Swine!\u201d The children scattered from the room, leaving dirty dishes in their wake. He would have to clean everything himself, but that was Momma\u2019s orders. The children were to do no physical labor. It ruined \u201cthe meat\u201d after all.\n\n", "ficly_author_avatar_url": "http://cdn.ficly.com/icons/1627/avatar.jpg", "ficly_author_nickname": "Horrorfan13", "ficly_story_int": 10647, "ficly_author_url": "http://ficly.com/authors/http-ficly-com-horrorfan13-", "ficly_sequels": [], "ficly_story_title": "Tender Meat"}