{"ficly_prequels": [{"ficly_prequel_url": "http://ficly.com/stories/10271", "ficly_prequel_title": "Confusion!", "ficly_prequel_int": 10271}], "ficly_story_url": "http://ficly.com/stories/10285", "ficly_story": "What do most guys do when they fall in love? They sit and wait and watch.\n\nThe movie _He\u2019s Just Not That Into You_ would have you believe that \u201cIf he likes you, trust me, he will ask you out.\u201d This may have been true back when Cro-Magnon man was running around with a large club clobbering women on the head. If she didn\u2019t die from the concussion, then they were meant to be together.\n\nMove ahead a few centuries, and there are stories of mermaids who lured sailors to their death with beautiful songs. Do you remember the Greek demigoddess Empusa who seduced men, then feasted on their blood and flesh? Or did you hear about the succubus demon who takes the form of women to seduce men in their dreams? Or what about \u201cLa Parkita\u201d and \u201cEspectrito Jr.\u201d, the Mexican midget wresters who were seduced and killed by two fake female prostitutes last July?\n\nSo next time, when one of you lovely young ladies want to coyly smile and wiggle your hips at a guy, remember that _he may be into you_, but he also doesn\u2019t want to die.\n\n", "ficly_author_avatar_url": "http://cdn.ficly.com/icons/3450/avatar.jpg", "ficly_author_nickname": "Krulltar", "ficly_story_int": 10285, "ficly_author_url": "http://ficly.com/authors/jestersrequiem", "ficly_sequels": [{"ficly_sequel_int": 10586, "ficly_sequel_title": "No More Confusion", "ficly_sequel_url": "http://ficly.com/stories/10586"}], "ficly_story_title": "Clearing Up the Confusion"}