{"ficly_prequels": [{"ficly_prequel_url": "http://ficly.com/stories/10167", "ficly_prequel_title": "The Boy who could see his emotions", "ficly_prequel_int": 10167}], "ficly_story_url": "http://ficly.com/stories/10168", "ficly_story": "I began to rise again, but Fear\u2019s cold hand landed on my shoulder. I stood still waiting for my courage to kick in.\n\nFear was suddenly kicked across the room.\n\n\u201cThank God You finally decided to call me James!\u201d Courage said \u201cDon\u2019t see why you hang out with fear so much.\u201d\n\nI shrugged. I couldn\u2019t exactly begin a conversation with him while we were in public. I slowly walked over to where the girl was sitting and sat down. Her eye brow raised accordingly.\n\n\u201cThank God confidence decided to stop by.\u201d\n\n\u201cWhy are you giving me that look?\u201d I asked\n\n\u201cWhy are you sitting right there?\u201d She said\n\n\u201cIs there a problem with me sitting here?\u201d\n\n\u201cNo\u2026\u201d\n\nI could tell by her tone (and her words) That she was trying to ditch me. But I was persistent.\n\n\u201cI\u2019m sorry, I should have asked if I wanted to sit with you.\u201d I said as I began to get up\n\n3-2-1-\u2026\u2026\n\n\u201cNo wait! I\u2019m sorry, I\u2019m just kind of in a bad mood today.\u201d she said\n\nSeeing oppurtunity, I sat back down.\n\nConfidence gave me a wink. I couldn\u2019t help but smile.\n\n", "ficly_author_avatar_url": "http://cdn.ficly.com/icons/1017/avatar.jpg", "ficly_author_nickname": "The Silence [All By Myself] {LoA}", "ficly_story_int": 10168, "ficly_author_url": "http://ficly.com/authors/silentstorm", "ficly_sequels": [{"ficly_sequel_int": 10188, "ficly_sequel_title": "Lust is Irresistible", "ficly_sequel_url": "http://ficly.com/stories/10188"}], "ficly_story_title": "Courage kicks in!"}