{"ficly_prequels": [], "ficly_story_url": "http://ficly.com/stories/1052", "ficly_story": "What the hell will his freaky little mind come up with next?\n\nShe couldn\u2019t know for sure, but it seemed like she\u2019d been in the room for a couple of months. How she regretted not checking the back seat after shopping that night. No windows, so she thought she was underground. He\u2019d been feeding her, not great food, but she wouldn\u2019t starve, and at least the chains and clamps were off her now. With the locked door, where could she go anyway?\n\nSurely his imagination was exhausted by now. He\u2019d \u2018experimented\u2019 with lots of sick ideas so far: saturation 3 times a day, piercings all over her body with a hot needle, probably drugs in the food (judging by the hallucinations), putting hungry rats in the room with her, and random electrocutions with a rod.\n\nExhaustion was a good word for her state. The lights stayed on always, so she slept with difficulty, but was getting used to it now. No idea what he was doing as he watched her through the mirror window.\n\nWhat the???\n\nNow the lights are out. Pitch black. What\u2019s next?\n\n", "ficly_author_avatar_url": "http://cdn.ficly.com/icons/680/avatar.jpg", "ficly_author_nickname": "scratch'n'scrawl", "ficly_story_int": 1052, "ficly_author_url": "http://ficly.com/authors/brendano", "ficly_sequels": [{"ficly_sequel_int": 2758, "ficly_sequel_title": "Catalogue", "ficly_sequel_url": "http://ficly.com/stories/2758"}], "ficly_story_title": "Ever shop again?"}