{"ficly_prequels": [{"ficly_prequel_url": "http://ficly.com/stories/10635", "ficly_prequel_title": "George in Space", "ficly_prequel_int": 10635}], "ficly_story_url": "http://ficly.com/stories/10636", "ficly_story": "This can\u2019t be good he thought to himself.\n\nHe pushed the button again, but nothing happened.\n\nGeorge heard the compartment doors slide open, as Alicia walked in,   \u201cOwh\u2026 George, what the?!?!?\u201d\n\nGeorge vainly attempted to conceal himself as best possible being naked and all.\n\n\u201cYou see..\u201d George started turning red, \u201cI found this button\u2026\u201d\n\n\u201cMmm, I take it the wardrobe button,\" Alicia surmised, \u201cGeorge you do know that\u2019s been broke for weeks? It won\u2019t give your clothes back and we won\u2019t reach earth for another three months. Um\u2026 \u201d\n\n\u201cOhh\u2026,\u201d George looked down a bit embarrassed and concerned, \u201cWill you excuse me a moment\u2026\u201d\n\nHe turned to go the only direction he could, back out the door towards his room.\n\n", "ficly_author_avatar_url": "http://cdn.ficly.com/icons/1868/avatar.jpg", "ficly_author_nickname": "C.M. Raynor", "ficly_story_int": 10636, "ficly_author_url": "http://ficly.com/authors/cmraynor", "ficly_sequels": [], "ficly_story_title": "George in Space 2"}