{"ficly_prequels": [], "ficly_story_url": "http://ficly.com/stories/10592", "ficly_story": "\u201cYou think you can just quit? Do one job for our group and call it a day? It doesn\u2019t work like that, mate.\u201d\n\nCerrekk\u2019s eyes were gummed shut with blood. He knew he was being held upright by some \u2018roided up freak of nature with a large gun, but beyond that he was virtually oblivious.\n\nBut even he knew there was a third man. Cerrekk, his attacker, and another figure moving in the background. He was amazed that the gunman hadn\u2019t noticed.\n\nA click as his tormentor removed the safety, and a hum as the gun began to charge. Cerrekk felt it press against his head, felt the cold of the metal that was slowly becoming warmer as the plasma core prepared to discharge.\n\n\u201cNo such thing as a happy ending,\u201d said the assassin.\n\n\u201cYou\u2019ve been going to the wrong massage parlours-\u201d Voln snapped the man\u2019s neck with one hand- \u201c_mate_.\u201d\n\nCerrekk wasn\u2019t in a state to appreciate the expression that crossed the assassin\u2019s face, but he could have imagined it. And that\u2019s why he and Voln were even\u2026 for the moment.\n\n", "ficly_author_avatar_url": "http://cdn.ficly.com/icons/1677/avatar.jpg", "ficly_author_nickname": "Edcrab", "ficly_story_int": 10592, "ficly_author_url": "http://ficly.com/authors/edcrab", "ficly_sequels": [{"ficly_sequel_int": 9340, "ficly_sequel_title": "After Hours", "ficly_sequel_url": "http://ficly.com/stories/9340"}, {"ficly_sequel_int": 10596, "ficly_sequel_title": "Moments Later", "ficly_sequel_url": "http://ficly.com/stories/10596"}], "ficly_story_title": "Ending the Beginning"}