{"ficly_prequels": [{"ficly_prequel_url": "http://ficly.com/stories/9802", "ficly_prequel_title": "Love Hurts", "ficly_prequel_int": 9802}], "ficly_story_url": "http://ficly.com/stories/10117", "ficly_story": "She smells something different in the room\u2026 different yet familiar. In her sleep fogged brain she tries to decide whether she is dreaming or there is definitely someone else in the room. Her exhausted body will not let her dwell on it though and she starts to drift away to dreamland. A rustle of the curtains wake her up and she jumps out of bed. She turns on the light and there is no one in the room. She goes back to bed and finds the letter under her pillow. After reading it over and over again, she decides that it was from her math teacher. The only way to explain it was he had paid her little brother to place it under her pillow. She had seen the way he looked at her or the way he lingered by her side when he walked around in class. At the time she had thought that she was just seeing what she wanted to see since she had a big crush on him. She rehearsed what she would say to him over and over again the next time she saw him before finally drifting off to sleep with a big smile on her face\u2026\n\n", "ficly_author_avatar_url": "http://cdn.ficly.com/icons/1774/avatar.jpg", "ficly_author_nickname": "loading...", "ficly_story_int": 10117, "ficly_author_url": "http://ficly.com/authors/noma", "ficly_sequels": [], "ficly_story_title": "love's awakening"}