{"ficly_prequels": [], "ficly_story_url": "http://ficly.com/stories/10164", "ficly_story": "\u201cNo thanks, Cheryl. I\u2019m on a diet.\u201d I said trying to stare at my monitor.\n\nWith one giant gasp, the entire office started prairie dogging in their cubicles; trying to figure out who turned down Cheryl\u2019s cake-like concoction.\n\n_Yes, it is I, Darleen, who is the idiot. Now sit down, and get back to your busy day of Sudoku and web surfing, before I monkeyslap every one of you idgits._ God this wasn\u2019t a good day to start my period.\n\n\u201cOne bite won\u2019t hurt, Darleen? \" I could hear the crumbs roll down Steve\u2019s tie, and bounce onto the floor as he talked with a full mouth. \u201cFrom where I\u2019m standing that little butt of yours is just fine the way it is.\u201d\n\nI\u2019m not sure if it was Steve calling me out on my lie or his comments about my butt every day for the last 18 months, but he had just lit the fuse on a stick of _Darleenimite_.\n\nI spun in my chair to face Steve, but I made eye contact with Cheryl. _No! No! Turn back! Abort \u2018Operation Stomp on Steve\u2019s Crotch\u2019!_\n\nUnfortunately, I saw her big brown eyes watering up.\n\n", "ficly_author_avatar_url": "http://cdn.ficly.com/icons/3450/avatar.jpg", "ficly_author_nickname": "Krulltar", "ficly_story_int": 10164, "ficly_author_url": "http://ficly.com/authors/jestersrequiem", "ficly_sequels": [{"ficly_sequel_int": 10163, "ficly_sequel_title": "Office Treats [Phobia Challenge]", "ficly_sequel_url": "http://ficly.com/stories/10163"}], "ficly_story_title": "Office Treats: The Beginning"}