{"ficly_prequels": [{"ficly_prequel_url": "http://ficly.com/stories/10763", "ficly_prequel_title": "The Bible in 10 Words", "ficly_prequel_int": 10763}], "ficly_story_url": "http://ficly.com/stories/10996", "ficly_story": "Moses leaves Egypt.\n\nCommandments one through ten: No golden calves.\n\n", "ficly_author_avatar_url": "http://cdn.ficly.com/icons/2013/avatar.jpg", "ficly_author_nickname": "Sanglorian", "ficly_story_int": 10996, "ficly_author_url": "http://ficly.com/authors/sanglorian", "ficly_sequels": [{"ficly_sequel_int": 11587, "ficly_sequel_title": "Leviticus in 10 Words", "ficly_sequel_url": "http://ficly.com/stories/11587"}], "ficly_story_title": "Exodus in 10 Words"}