{"ficly_prequels": [{"ficly_prequel_url": "http://ficly.com/stories/10728", "ficly_prequel_title": "Run Away (I)", "ficly_prequel_int": 10728}], "ficly_story_url": "http://ficly.com/stories/10813", "ficly_story": "\u201cI really have to go,\u201d I say. He\u2019s now walking behind me as I head for the exit.\n\n\u201cBut isn\u2019t that weird? You know, her eyes looking like yours,\u201d he says. I feel like he\u2019s being sarcastic and he\u2019s figured me out.\n\n\u201cWell, need glasses or something? Mine are blue,\u201d I lie.\n\n\u201cAnd that sarcastic sting.\u201d FUCK. I\u2019m speed walking now and not looking behind. He isn\u2019t letting me get away with this, \u201cWhy are you running away?\u201d\n\n\u201cI told you I have to go,\u201d I say.\n\n\u201cWell, we were having a good time, why so soon? Is it the prostitute thing? What\u2019s the big deal, Stacie?\u201d He tries to convince me, but if he only knew. Or is almost figuring out.\n\n\u201cIts just that I lost track of time and\u2014\u201d\n\n\u201cI didn\u2019t see you look at a watch. Stacie is there something you want to tell me? Do I smell?\u201d\n\n\u201cNo, it\u2019s not that. Look I\u2014\u201d\n\n\u201cReally have to go, I know. But let me ask you one thing,\u201d he says.\n\n\u201cSure, but make it quick\u2026\u201d\n\n\u201cNo bullshit, either.\u201d\n\n\u201cOkay.\u201d\n\n\u201cAre you that prostitute?\u201d\n\nHe\u2019s got me. I breathe slowly.\n\n\u201cYes, I am.\u201d\n\n", "ficly_author_avatar_url": "http://cdn.ficly.com/icons/2392/avatar.jpg", "ficly_author_nickname": "Mr.Gabriel", "ficly_story_int": 10813, "ficly_author_url": "http://ficly.com/authors/mistergabriiel", "ficly_sequels": [{"ficly_sequel_int": 10866, "ficly_sequel_title": "Surprises (I)", "ficly_sequel_url": "http://ficly.com/stories/10866"}], "ficly_story_title": "Run Away (II)"}