{"ficly_prequels": [{"ficly_prequel_url": "http://ficly.com/stories/10932", "ficly_prequel_title": "Confessions (II)", "ficly_prequel_int": 10932}], "ficly_story_url": "http://ficly.com/stories/10994", "ficly_story": "Ethan persuades me to go with him somewhere that wasn\u2019t the strip club tonight. I\u2019m starting to get the feeling he doesn\u2019t like this whole prostitute thing.\n\n\u201cWhere are we going?\u201d I ask. We\u2019re walking on the empty streets of the city, his hand holding mine, like we\u2019re a couple.\n\n\u201cI want to take you somewhere were we can talk,\u201d I roll my eyes. Ethan and this talking thing. He stops in front of a 24 hour diner and I don\u2019t complain because I\u2019m starving.\n\n\u201cI hope its on you,\u201d I half joke. He chuckles and we enter the diner. He takes us to the farthest table for two and we\u2019re attended to immediately.\n\n\u201cCan I have the steak meal?\u201d he asks.\n\n\u201cMake that two,\u201d I put in. She smiles at us and walks away. \u201cWhat is it that you want to talk about?\u201d\n\n\u201cMe,\u201d he says.\n\n\u201cWhat?\u201d I ask confused.\n\n\u201cStacie,\u201d he begins, \u201cI really like you and I think thats why I want to trust you. So you can feel like you can trust me.\u201d\n\n\u201cWhere are you going with this?\u201d\n\n\u201cI want to share my dark history with you.\u201d\n\n", "ficly_author_avatar_url": "http://cdn.ficly.com/icons/2392/avatar.jpg", "ficly_author_nickname": "Mr.Gabriel", "ficly_story_int": 10994, "ficly_author_url": "http://ficly.com/authors/mistergabriiel", "ficly_sequels": [{"ficly_sequel_int": 10997, "ficly_sequel_title": "Background (II)", "ficly_sequel_url": "http://ficly.com/stories/10997"}], "ficly_story_title": "Background (I)"}