{"ficly_prequels": [], "ficly_story_url": "http://ficly.com/stories/10076", "ficly_story": "I poured another drink to steady my paw as I looked out over the city. Ah, the city, she\u2019s like an old house: as full of character as she is cracks and holes for hiding lowlife scum. And me, well I was just another fool Tom who thinks he can make a difference.\n\nI\u2019d spent the last month on the trail of an adorable little sociopath. Oh, the ladies loved him, cute as a button. But they didn\u2019t know. I\u2019d seen him cave in a guy\u2019s face with a cast iron skillet and not bat an eye. Hell, he laughed. You don\u2019t want to know what the little guy\u2019s done with explosives.\n\nThe knock on my door took it clean off its hinges. I poured another drink and watched Jerry\u2019s bulldog of an enforcer come sauntering in, as big as he was stupid, both to a superlative degree.\n\n\u201cGots a message fer ya,\u201d he barked, \u201cLeave the mouse alone.\u201d\n\n\u201cThat all, you dog?\u201d\n\n\u201cThere\u2019s a bit more to it.\u201d He chuckled and cracked a melody with his knuckles. I answered back a staccato rhythm in the key of .38.\n\nThe case had just gotten interesting.\n\n", "ficly_author_avatar_url": "http://cdn.ficly.com/icons/29/AHFL_icon.JPG", "ficly_author_nickname": "THX 0477", "ficly_story_int": 10076, "ficly_author_url": "http://ficly.com/authors/thx0477", "ficly_sequels": [{"ficly_sequel_int": 10171, "ficly_sequel_title": "Enter Mrs. Detective", "ficly_sequel_url": "http://ficly.com/stories/10171"}], "ficly_story_title": "Cat on the Case"}