{"ficly_prequels": [{"ficly_prequel_url": "http://ficly.com/stories/10672", "ficly_prequel_title": "We shouldn't have been on this ride.", "ficly_prequel_int": 10672}], "ficly_story_url": "http://ficly.com/stories/10674", "ficly_story": "As we began to rise into the air, I took a peek at him. He was struggling to stay calm. I could tell he hoped that I would come to my senses and yell for the operator to stop the ride. It wasn\u2019t going to happen.\n\nWhen the spinning started, so too his screaming. I couldn\u2019t stifle my laughter. I was laughing because his distress was silly, and I was laughing for the pure joy of the fierce whirling.\n\nAnd then a loud crack exploded into the air; we were no longer spinning in a tight, controlled orbit. I heard his scream intensify, and suddenly I realized a dozen other voices had joined him in a terrifying chorus. It was only for a brief moment that I realized I was squealing along with them.\n\nI felt my pod being flung into space; I felt the sudden free-fall sensation. And then I felt nothing.\n\n", "ficly_author_avatar_url": "http://cdn.ficly.com/icons/1706/avatar.jpg", "ficly_author_nickname": "Queen Medb", "ficly_story_int": 10674, "ficly_author_url": "http://ficly.com/authors/jrc", "ficly_sequels": [], "ficly_story_title": "We shouldn't have been on this ride. (Part 2)"}