{"ficly_prequels": [{"ficly_prequel_url": "http://ficly.com/stories/10103", "ficly_prequel_title": "A Night On The Sofa", "ficly_prequel_int": 10103}], "ficly_story_url": "http://ficly.com/stories/10107", "ficly_story": "\u201cTaxi, wait!\u201d Brian ran down the front walk, shaking his head and wiping his hands on his suit jacket. His wife was always doing this at the last minute. One of these days she was going to wake up and realize she hadn\u2019t left the house in a month. And for their kid\u2019s parent conference? This was going a bit too far.\n\nBrian handed the driver his fare as he climbed out of the taxi. \u201cThanks,\u201d he muttered, already walking towards the door. What was she thinking? She wasn\u2019t. That was the only explanation.\n\nHe was still fuming as he sat down at the table in his daughter\u2019s classroom. \u201cSorry my wife wasn\u2019t able to make it\u2026.\u201d his voice faded as his eyes fell on the woman before him.\n\n\u201cOh, I hope she isn\u2019t ill?\u201d Her lips were lush and red. Her hair fell down around her shoulders. She picked up a manila folder and opened it on the table. Her rich, hazel eyes lowered and rested on the notes before her.\n\n\u201cN\u2014no, she\u2019s quite alright. Just\u2026.just busy with\u2026\u201d he stuttered, amazed. All of his anger had evaporated.\n\n", "ficly_author_avatar_url": "http://cdn.ficly.com/icons/1976/avatar.jpg", "ficly_author_nickname": "Mackizme", "ficly_story_int": 10107, "ficly_author_url": "http://ficly.com/authors/mackizme", "ficly_sequels": [{"ficly_sequel_int": 11074, "ficly_sequel_title": "About your children....", "ficly_sequel_url": "http://ficly.com/stories/11074"}], "ficly_story_title": "Evaporating Fumes"}