{"ficly_prequels": [{"ficly_prequel_url": "http://ficly.com/stories/10385", "ficly_prequel_title": "What is Depression?", "ficly_prequel_int": 10385}], "ficly_story_url": "http://ficly.com/stories/10386", "ficly_story": "Now that we have established the basis upon which depression is built, lets go a little more in depth.   Pain is the starting point of depression. Actually, let me reword that: Pain _can be_ the starting point of depression. What you do with the pain is up to you.\n\nPain can be caused by a number of different things: Loss of a loved one, seemingly repeated failure, high expectations from others, lack of acceptance from others, ect. There are too many things to list to put them all here.\n\nEveryone experiences pain in their lives, but not everyone experiences depression in their lives. It all depends on how the person handles pain. Keep in mind that when I\u2019m talking about depression, I\u2019m talking about hopelessness, self-hatred, and anything else catalyzed by the clash of pain and anger (this includes physical side effects as well, eg. chronic lethargy).   While it is difficult to avoid the clash, there are many people who do it without even thinking about it. These people are simply more willing to accept pain.\n\n", "ficly_author_avatar_url": "http://ficly.com/images/icons/avatar.jpg", "ficly_author_nickname": "Former Ficly Friend", "ficly_story_int": 10386, "ficly_author_url": "http://ficly.com/authors/bartimaeus", "ficly_sequels": [], "ficly_story_title": "What is Pain?"}