{"ficly_prequels": [{"ficly_prequel_url": "http://ficly.com/stories/10518", "ficly_prequel_title": "Denial", "ficly_prequel_int": 10518}], "ficly_story_url": "http://ficly.com/stories/10531", "ficly_story": "Zoe froze, the pressure on her arm great and painful.George twisted her arm behind her back and pulled her back to him. \u201cYou\u2019re not getting away that easily\u201d he told her, head bent over her ear. Zoe grimaced in pain, still struggling to break free. It had all gone wrong, she thought to herself, this wasn\u2019t what was meant to happen.\n\n\u201cThe more you struggle,\u201d George whispered, \u201cThe harder it will be and the worse it will be understand?\u201d\n\nZoe tried to get a view of the door, but her back being to it, she couldn\u2019t turn without breaking her arm, and that wouldn\u2019t help anyone. Out of the corner of her eye she glimpsed it. It was closed. She was all alone.\n\n\u201cI said\u201d he said louder, \u201cDo you understand?\u201d He pulled her arm tighter and Zoes face hardened, she relaxed. \u201cThat\u2019s better\u201d he said seductively, \u201cNow, where were we?\u201d he leered at her.\n\nCRASH\n\n", "ficly_author_avatar_url": "http://cdn.ficly.com/icons/2536/avatar.jpg", "ficly_author_nickname": "Jenni Summers", "ficly_story_int": 10531, "ficly_author_url": "http://ficly.com/authors/jennisummers", "ficly_sequels": [{"ficly_sequel_int": 10537, "ficly_sequel_title": "Game Over", "ficly_sequel_url": "http://ficly.com/stories/10537"}], "ficly_story_title": "Not meant to happen"}