{"ficly_prequels": [{"ficly_prequel_url": "http://ficly.com/stories/8443", "ficly_prequel_title": "Dear God, from Caveboy Billy 3", "ficly_prequel_int": 8443}], "ficly_story_url": "http://ficly.com/stories/10216", "ficly_story": "Dear Caveboy Billy,\n\nI told you not to play with fire. What else can I say?\n\nLove,   God\n\nPS. You probably heard me laughing.\n\n", "ficly_author_avatar_url": "http://cdn.ficly.com/icons/654/avatar.jpg", "ficly_author_nickname": "MrsMica", "ficly_story_int": 10216, "ficly_author_url": "http://ficly.com/authors/micheller", "ficly_sequels": [], "ficly_story_title": "Dear Caveboy Billy, from God"}