{"ficly_prequels": [], "ficly_story_url": "http://ficly.com/stories/10581", "ficly_story": "The family gathered round the heavy laden table and sat down in their assigned seats. He looked each and every person in the eye, then said, \u201cLet\u2019s bow our heads and give thanks.\u201d Obediently, they all bowed their heads and closed their eyes.   \u201cLord, we wish to thank you for this bounty you have laid before us. And we are always thankful for each other. Amen.\u201d Silence. The prayer over, no one had moved. They didn\u2019t do anything until they were told to do it.   He looked up, pleased that they had remembered.   \u201cWell, what are you waiting for? Eat!\u201d   Like ravenous wolves, they descended on the food. The only noises in the room were the sounds of chewing and swallowing.   \u201cThat\u2019s right, eat up. Get nice and fat for Daddy.\u201d He leaned back in satisfaction as he watched his wards gobble sustenance. All would probably eat until they couldn\u2019t move. But that was alright, he wanted to fatten them up.   He would treat them like the prize cattle they were going to become.\n\n", "ficly_author_avatar_url": "http://cdn.ficly.com/icons/1627/avatar.jpg", "ficly_author_nickname": "Horrorfan13", "ficly_story_int": 10581, "ficly_author_url": "http://ficly.com/authors/http-ficly-com-horrorfan13-", "ficly_sequels": [{"ficly_sequel_int": 10647, "ficly_sequel_title": "Tender Meat", "ficly_sequel_url": "http://ficly.com/stories/10647"}], "ficly_story_title": "Fattening Up"}