{"ficly_prequels": [{"ficly_prequel_url": "http://ficly.com/stories/10944", "ficly_prequel_title": "Explanation (Ficlet Nirvana)", "ficly_prequel_int": 10944}], "ficly_story_url": "http://ficly.com/stories/10945", "ficly_story": "She changed her name at 14 after learning that there were a total of 16 girls named Amber at her new school. Ember is the epitome of individualism- right down to the \u201chaving no friends but her twin sister\u201d part. She\u2019s a righteous Wiccan who goes to yoga class and heavy-metal concerts alike. Back in Memphis she took college courses in psychology and smoked a lot of weed- two of the reasons for the fancy prep school she and I will now be attending for our junior year. She may be weird, but Em is my best friend in the world and she always will be. Except maybe when her feet are in my lap.\n\n", "ficly_author_avatar_url": "http://cdn.ficly.com/icons/2978/avatar.jpg", "ficly_author_nickname": "Insert Pen Name Here", "ficly_story_int": 10945, "ficly_author_url": "http://ficly.com/authors/insertpennamehere", "ficly_sequels": [{"ficly_sequel_int": 10946, "ficly_sequel_title": "We Begged Her to Just Name Him Karl", "ficly_sequel_url": "http://ficly.com/stories/10946"}], "ficly_story_title": "Ember"}