{"ficly_prequels": [{"ficly_prequel_url": "http://ficly.com/stories/10123", "ficly_prequel_title": "...Just Waiting to Happen", "ficly_prequel_int": 10123}], "ficly_story_url": "http://ficly.com/stories/10131", "ficly_story": "Slamming the door firmly on Mr Lettuce-In-It\u2019s-Cold-Outside, Archibald Gregson hobbled across the bare room and fell into his armchair with a great sigh.\n\nGlancing at the clipboard next to him, the old man weighed up the chances of fitting in a nap before his next appointment \u2013 he\u2019d had a busy night, and not got a wink. Desperate for a decent doze, he picked up the phone:\n\n\u201cDoris? Look, can you help me out? I\u2019m expecting a quickie at three \u2013 shouldn\u2019t take long but I\u2019m shattered, can I reroute?\u201d\n\nA blissful grin spread across his wrinkly face at her affirmative, and after replacing the phone he was asleep within moments.\n\nBarely five minutes later however, a fateful, annoyingly unscheduled _knock, knock_ reverberated through his slumber like a bullet.\n\n\u201cWho\u2019s there?\u201d   \u201cHeaven!\u201d   \u201cHeaven who?\u201d   \u201cHeaven you heard enough of these silly knock knock jokes?\u201d\n\nSqueezing out a statutory grimace for the cameras, Archibald Gregson carefully recorded the gag, well aware of it\u2019s irony, before trying to get back to sleep.\n\n", "ficly_author_avatar_url": "http://cdn.ficly.com/icons/1491/avatar.jpg", "ficly_author_nickname": "Mostly Harmless", "ficly_story_int": 10131, "ficly_author_url": "http://ficly.com/authors/mostlyharmless", "ficly_sequels": [], "ficly_story_title": "...Just Waiting to be Answered"}