{"ficly_prequels": [{"ficly_prequel_url": "http://ficly.com/stories/10137", "ficly_prequel_title": "The Neurophages XVII", "ficly_prequel_int": 10137}], "ficly_story_url": "http://ficly.com/stories/10379", "ficly_story": "The last instruction ran through the punch tape inside the battle-engine\u2019s chest. It clanked back into its cast-iron vault and docked to a programming niche to await further instruction.\n\nUnbeknownst to it, the crystal chamber imprisoning the angel Malgor on its back had sustained a tiny, but fatal crack. Malgor came to, noticed the flaw in the energy cage and overloaded it with a thought. The crystal shimmered into sand as Malgor haltingly emerged.\n\nOnce free of the evil entrapment, energy flooded into his being and his many injuries disappeared almost instantly. He could feel the agony of one of his own nearby, and ran towards it. Running into a room where a difference engine was spectacularly disintegrating, he could feel that this small event was having a catastrophic effect on the entire station.\n\nTwo meat-creatures standing in the room emitted high-pitched squeals and ran off when they saw him. It amused him to free two others as he ran through in search of the other.\n\nSomeone was going to pay dearly\u2026\n\n", "ficly_author_avatar_url": "http://cdn.ficly.com/icons/1673/avatar.jpg", "ficly_author_nickname": "Ridcully Calvert", "ficly_story_int": 10379, "ficly_author_url": "http://ficly.com/authors/ridcully_calvert", "ficly_sequels": [], "ficly_story_title": "The Neurophages XVIII"}