{"ficly_prequels": [], "ficly_story_url": "http://ficly.com/stories/10187", "ficly_story": "It was early on a Monday morning and I sat at my window seat starring at his house. He\u2019s probably taking a shower now or eating breakfast. Oh I wish I had the courage to talk to him. \u201cRING, RING, RING!\u201d That must be Danni telling me what a great date she had last night, I let it ring. I wish I could be like her she ALWAYS gets the guys! Danni\u2019s constantly setting me up on dates but I don\u2019t feel the magic I do when I\u2019m around him.   \u201cLiz! Come down now or you\u2019ll be late to school!\u201d   I grabbed my bag and headed downstairs. Once I was out of the house I called Danni back. \"   Hey, sorry I missed your call. I\u2019m on my way to your house now.\"\n\n", "ficly_author_avatar_url": "http://cdn.ficly.com/icons/1784/avatar.jpg", "ficly_author_nickname": "Peace.Love.Softball", "ficly_story_int": 10187, "ficly_author_url": "http://ficly.com/authors/emme", "ficly_sequels": [{"ficly_sequel_int": 10195, "ficly_sequel_title": "The diary of two friends 2", "ficly_sequel_url": "http://ficly.com/stories/10195"}], "ficly_story_title": "The Diary of Three Friends"}