{"ficly_prequels": [{"ficly_prequel_url": "http://ficly.com/stories/4981", "ficly_prequel_title": "Observation IX", "ficly_prequel_int": 4981}], "ficly_story_url": "http://ficly.com/stories/10310", "ficly_story": "\u201cWant to go somewhere quiet? Trust me, you don\u2019t want to be around this place when the lunch crowd comes in.\u201d\n\nI really didn\u2019t know what he wanted with me, or why he\u2019d given me his number after we\u2019d seen each other for only a few minutes. However, I knew that I desperately wanted to talk to him alone. I couldn\u2019t place it, and I still can\u2019t to this day, but there was always something about Nate. He had a magnetic quality about him. Even after all these years, loving him, running away from him, I always find myself coming back. He\u2019s like my safety net, and I don\u2019t know what I would do without him. Of course, I didn\u2019t know that at the time. All I knew was that he wasn\u2019t just some guy, like Will, the one I was currently seeing. He was different, even though most people probably passed him on the street without looking twice.\n\nHe rose from the booth in the cafe and followed me out. We headed toward Tompkins Square Park, the place where we first saw each other. To this day, it\u2019s the place where we always meet.\n\n", "ficly_author_avatar_url": "http://cdn.ficly.com/icons/3306/avatar.jpg", "ficly_author_nickname": "Katie", "ficly_story_int": 10310, "ficly_author_url": "http://ficly.com/authors/agalayda", "ficly_sequels": [], "ficly_story_title": "Observation x"}