{"ficly_prequels": [], "ficly_story_url": "http://ficly.com/stories/10320", "ficly_story": "She comes to me in dreams.\n\nI _think_ they\u2019re dreams.\n\nWhen she leads me through the fields, I can feel the grass under my feet and the warmth of her hand in mine. When we run through the forests, I can hear the snapping twigs and the roar of a waterfall. When we come upon the ruins, and stand in their great shadow, the awe and fear that grows inside me feels as real as ever. When she pulls me through their crumbling arches and dark halls, the familiarity is striking.\n\nWhen we stand at the very peak of the crumbling spire in the center of the ancient city and a sudden rush of memory brings me to my knees, am I merely caught in an illusion?\n\nWhen I wake, alone in my bedroom, and still hear her words\u2026.\n\n\u201cThe world is greater than you know.\u201d\n\nI know she\u2019s real.\n\n", "ficly_author_avatar_url": "http://cdn.ficly.com/icons/1365/avatar.jpg", "ficly_author_nickname": "Silven", "ficly_story_int": 10320, "ficly_author_url": "http://ficly.com/authors/silven", "ficly_sequels": [{"ficly_sequel_int": 11264, "ficly_sequel_title": "Or do I wake?", "ficly_sequel_url": "http://ficly.com/stories/11264"}], "ficly_story_title": "Do I dream?"}