{"ficly_prequels": [{"ficly_prequel_url": "http://ficly.com/stories/10081", "ficly_prequel_title": "Waiting...", "ficly_prequel_int": 10081}], "ficly_story_url": "http://ficly.com/stories/10044", "ficly_story": "Midnight\u2026and the game begins. We are pushed into the arena. Through the loudspeakers, a countdown begins. Hide and seek for madmen and we are the prey. We have to hide. And quickly. We have less than a minute. Not even friends yet, I catch your hand and we run. Cheering and booing echoes above the countdown. Sweat soaks my shirt and my legs even though the air is freezing. There is nowhere to hide. No place for us to go. We pant together as we kick up sand in our frantic search for a shelter. Round a corner of the spiral maze there is a chance. A single crevice made by an extra wall. I scramble up immediately and, about to drop, I see you. Eyes wide and pleading. I obseve the space below. Big enough only for one. I look back at you. I extend my hand. Together we fall into the tiny cranny. Your chin is pressed into my chest, my breath is hot on the top of your head. Our fear is one. You\u2019re standing on my feet but I don\u2019t care. Your arms tight around me, crushing me. But I don\u2019t mind. Anything to save a life.\n\n", "ficly_author_avatar_url": "http://cdn.ficly.com/icons/4271/avatar.jpg", "ficly_author_nickname": "Abby (LoA)", "ficly_story_int": 10044, "ficly_author_url": "http://ficly.com/authors/abbywall", "ficly_sequels": [], "ficly_story_title": "Meant for one..."}