{"ficly_prequels": [{"ficly_prequel_url": "http://ficly.com/stories/10435", "ficly_prequel_title": "Dissolved", "ficly_prequel_int": 10435}], "ficly_story_url": "http://ficly.com/stories/10440", "ficly_story": "It expanded, black on blackness,   desperate on desperation.   It melted softly into itself, the dark surface reflected nothing,   sucked all space deep,   sinking, spreading, down into itself   The fluid tar of introversion   engulfed the life around it, threatening the consumption   of more than just the floor,   of more than just her body,   of more than just the mind.   The wires deeply integrated from the transfiguration   Slowly, delicately, unraveling, like it was DNA.   Slowly becoming less coherrant, like breaking letters into   broken lines and circles   The bursts of energy from each little crack   building within the confines of this new universe   expanding it just slower than the one she seceded from   destroying what is just born.   Forever breaking the bonds of bonds   smaller and smaller, never ceasing to exist   but still falling away from sight.   The light bright, though for one brief moment   until it\u2019s sucked into the ceaselessly deep waters.\n\n", "ficly_author_avatar_url": "http://cdn.ficly.com/icons/1176/avatar.jpg", "ficly_author_nickname": "Barefoot Contessa", "ficly_story_int": 10440, "ficly_author_url": "http://ficly.com/authors/barefootcontessa", "ficly_sequels": [{"ficly_sequel_int": 10441, "ficly_sequel_title": "Reformed", "ficly_sequel_url": "http://ficly.com/stories/10441"}], "ficly_story_title": "Expanded"}