{"ficly_prequels": [], "ficly_story_url": "http://ficly.com/stories/10442", "ficly_story": "I put all the flowers in my basket, that made me look like red riding hood.I walked along the side walk to come across a cute little pet shop with a black and white,bunny with a pink nose in the window.I could just read his lips, let me out some one please. I walked in the store to get a closer look. \u201cUm excuse me but how much is that bunny in the window\u201d. \"well he\u2019s been there for a while and no one really wants him,so\u2026take him.   \u201creally, for free\u201d I said in a shocked voice. I took him from the small window and put him in my basket next to the beatuiful flowers. He laid down, but then he started eating one of my flowers. Hey stop that i wispered to him. He stoped right away, but then started again. Hum, I think I\u2019ll call you chompers, I said. Now stop that or you\u2019ll get a belly ache. He stopped and fell asleep in my apperenty comfortable basket, I petted him. We reached the gate to my house, I opened it but then chompers jumped up in excitement.\n\n", "ficly_author_avatar_url": "http://cdn.ficly.com/icons/2759/avatar.jpg", "ficly_author_nickname": "Be.a.teenage.Dream.Tonight&lt;3", "ficly_story_int": 10442, "ficly_author_url": "http://ficly.com/authors/user-1960", "ficly_sequels": [{"ficly_sequel_int": 10463, "ficly_sequel_title": "Mother Natures Witch!!! 3", "ficly_sequel_url": "http://ficly.com/stories/10463"}], "ficly_story_title": "Mother Natures Witch!! 2"}