{"ficly_prequels": [{"ficly_prequel_url": "http://ficly.com/stories/10316", "ficly_prequel_title": "In the Shadows of Men (2)", "ficly_prequel_int": 10316}], "ficly_story_url": "http://ficly.com/stories/10318", "ficly_story": "For 5 years I grew used to the pleasure of being cared for. As a young child, I\u2019d been brought up in the ways of a farm, but had never yet worked. I remember clearly the rules and standards my Uncle imposed. Even as a child I\u2019d always thought that they were unfair and harsh. That\u2019s what usually got me into trouble. Though, these rules were not imposed on me until a few days after my fifth birthday\n\nI wasn\u2019t content with being the least important in the family. As a child, and a girl, I would never reach any where near the level of superiority that my cousin Thomas assumed. He is six years my senior and for my entire time at Troughton Farm, he never let me forget it.\n\nTwo sunrises after my birthday, my Aunt comes in to my chamber, a small, dark place with little comfort save my cot, and wakes me before the rooster has crowed. She handed me a new set of clothes. A working girl\u2019s dress, brown and modest, and a white apron.\n\n", "ficly_author_avatar_url": "http://cdn.ficly.com/icons/2536/avatar.jpg", "ficly_author_nickname": "Jenni Summers", "ficly_story_int": 10318, "ficly_author_url": "http://ficly.com/authors/jennisummers", "ficly_sequels": [{"ficly_sequel_int": 10327, "ficly_sequel_title": "In the Shadows of Men (4)", "ficly_sequel_url": "http://ficly.com/stories/10327"}], "ficly_story_title": "In the Shadows Of Men (3)"}