{"ficly_prequels": [{"ficly_prequel_url": "http://ficly.com/stories/10553", "ficly_prequel_title": "The Hiding pt.2", "ficly_prequel_int": 10553}], "ficly_story_url": "http://ficly.com/stories/10554", "ficly_story": "When the contents of the box came into view, a few things ran through Mary\u2019s mind. The first was recognition and realisation, followed by surprise, and finally fear. Inside the box lay her missing ornament \u2013 a small ceramic cat painted emerald green. Underneath it was a petite slip of paper with small words scribbled on it in someone\u2019s terrible handwriting. Afraid to touch the cat, she carefully slipped the paper out of the box and squinted to read it. In blue ink, written with vigour where the words:   \u2018We are where you are   We know what you know   We take what you have   We return all but life.\u2019   A chill ran down Mary\u2019s spine as she registered the last sentence. A million questions buzzed through her head, each screeching louder than its predecessor. \u2018Who were they? Where were they? What did they want? What would they take next?\u2019   With a careful hand and a wary eye, Mary lifted the small cat out of the box.\n\n", "ficly_author_avatar_url": "http://cdn.ficly.com/icons/1883/avatar.jpg", "ficly_author_nickname": "tinkerbelle", "ficly_story_int": 10554, "ficly_author_url": "http://ficly.com/authors/tinkerbelle", "ficly_sequels": [{"ficly_sequel_int": 10613, "ficly_sequel_title": "The Hiding pt.4", "ficly_sequel_url": "http://ficly.com/stories/10613"}], "ficly_story_title": "The Hiding pt.3"}