{"ficly_prequels": [], "ficly_story_url": "http://ficly.com/stories/10494", "ficly_story": "The burnt offerings of mistletoe and wine lay forgotten on the table. The children had been tucked up in bed, their windows and doors bolted shut. Daniel and Miria huddled together by the hearth and kept the fire burning. It was long past midnight but there was still time enough for Him. They wouldn\u2019t be truly safe until dawn.   Daniel checked the rounds in his shotgun for the hundredth time that night. The fire wasn\u2019t always enough of a deterrent. They had learnt that lesson the hard way.   \u201cHe\u2019s very late this year,\u201d Miria whispered. \u201cMaybe\u2026\u201d   But Daniel shook his head. \u201cHe\u2019ll come. He always does.\u201d   \u201cWe\u2019re running low on wood,\u201d Miria said.   \u201cI\u2019ll get some more.\u201d Daniel left her with the shotgun and ventured outside to the woodpile. It had started to snow. A thin layer of white powder covered the wood. Daniel was about to brush it off when he heard it. Sleigh bells.   \u201cMiria!\u201d he screamed. He ran inside as the sound of the gunshot thundered through the house. By the time he reached her he was already too late.\n\n", "ficly_author_avatar_url": "http://cdn.ficly.com/icons/1952/avatar.jpg", "ficly_author_nickname": "thelostgirl", "ficly_story_int": 10494, "ficly_author_url": "http://ficly.com/authors/thelostgirl", "ficly_sequels": [{"ficly_sequel_int": 12133, "ficly_sequel_title": "Evil Santa", "ficly_sequel_url": "http://ficly.com/stories/12133"}], "ficly_story_title": "A Very Different Christmas"}