{"ficly_prequels": [], "ficly_story_url": "http://ficly.com/stories/10158", "ficly_story": "The night was biting cold, but the barrel fire was tall and hot. Sparks rose like burning fireflies into the sky. A dozen of us were huddled in close when somebody passed a bottle into the circle.\n\nI had already had a pint of Old Crow myself and was feeling no pain as I waited my turn. While the bottle slowly made its way around, everyone in turn took a mouthful and passed it on. I licked my lips. I was drunk. Soon I would be drunker.\n\nSomeone tapped me on the shoulder. Turning to see who it was I saw a beautiful lady standing behind me. She was slightly aglow and translucent, dressed all in white and her voice was soft, but urgent as she said, \u201cCome with me,\u201d beckoning with her hand.\n\nI did.\n\nI followed her all the way to the Harbor Street shelter.\n\nShe disappeared at the front door.\n\nThat night, the temperature fell to 18 below.\n\nI\u2019ve been sober for 17 years. I was addicted, but I haven\u2019t touched a drop of alcohol since the night an angel saved my life.\n\nMy name is Carl and I\u2019m an alcoholic.\n\n\u201cHi, Carl.\u201d\n\n", "ficly_author_avatar_url": "http://cdn.ficly.com/icons/1790/avatar.jpg", "ficly_author_nickname": "Bob Liddil", "ficly_story_int": 10158, "ficly_author_url": "http://ficly.com/authors/bliddil", "ficly_sequels": [{"ficly_sequel_int": 10174, "ficly_sequel_title": "Time Gone By and Lies Still Told", "ficly_sequel_url": "http://ficly.com/stories/10174"}], "ficly_story_title": "The Visitor - Revised"}