{"ficly_prequels": [], "ficly_story_url": "http://ficly.com/stories/1001", "ficly_story": "\u201cDude, so what do I do..?\u201d\n\nHe was sitting on the bench in the locker room, pulling on a plain black Converse, his mind pre-occupied with the job of thinking.\n\n\u201cWhat do you mean, what do you do? You take off your clothes and then-\u201d\n\n\u201cNO! You know what I meant! She doesn\u2019t want to! What do I do about _that_?\u201d\n\n\u201cOh,\u201d his friend fell silent. \"Well, why doesn\u2019t she want to? Cuz, like, my girlfriend said she wanted to make sure she loved me first. Did you tell her you love her?\u201d\n\nHe scoffed, saying, \u201cOnly every time I talk to her. No, she says she wants to wait until marriage.\u201d\n\nHis friend fell silent, thinking.\n\n\u201cWell, once I get her to agree, then what? Don\u2019t I need protection?\u201d\n\n\u201cDude! Course you do! Unless you wanna be a dad already!\u201d\n\n\u201cYou wouldn\u2019t happen to have any extras, would you?\u201d\n\n\u201cDude, just go buy a couple\u201d\n\n\u201cUh, my mom\u2019s a pharmacist\u2026\u201d\n\n\u201cOh, right. Well\u2026 I don\u2019t have any on me\u2026 Well, I guess you don\u2019t always need protection.\"\n\nHe sighed, slipping on his second Converse. \u201cWell, here we go!\u201d\n\n", "ficly_author_avatar_url": "http://cdn.ficly.com/icons/1286/avatar.jpg", "ficly_author_nickname": "OrangeOreos (LoA)", "ficly_story_int": 1001, "ficly_author_url": "http://ficly.com/authors/orangeoreos", "ficly_sequels": [{"ficly_sequel_int": 1003, "ficly_sequel_title": "You Don't Always Need Protection (2)", "ficly_sequel_url": "http://ficly.com/stories/1003"}, {"ficly_sequel_int": 1107, "ficly_sequel_title": "Sometimes You Don't Need Protection", "ficly_sequel_url": "http://ficly.com/stories/1107"}, {"ficly_sequel_int": 4348, "ficly_sequel_title": "Protection is a Good Idea", "ficly_sequel_url": "http://ficly.com/stories/4348"}], "ficly_story_title": "You Don't Always Need Protection"}