{"ficly_prequels": [{"ficly_prequel_url": "http://ficly.com/stories/8527", "ficly_prequel_title": "Aol sends in the Running Man", "ficly_prequel_int": 8527}], "ficly_story_url": "http://ficly.com/stories/10530", "ficly_story": "The Running Man was accompanied by four others wearing yellow. Kevin was one of the few who realized who they were.   \u201cIt\u2019s the _Free Disk Ninjas_!\u201d he shouted. \u201cInto the plane! **Hurry!**\u201d   Everyone dashed into the plane. Jason piloted the plane away from the ninjas.   \u201cAnyone know how to stall them?\u201d, THX asked.   \u201cWe could give them fake tech support calls!\u201d The Note Writer said.   \u201cWho wants to do so?\u201d   The Note Writer, Kevin, OrangeOreos, and Jason were the only ones who raised their hands.\n\n", "ficly_author_avatar_url": "http://ficly.com/images/icons/avatar.jpg", "ficly_author_nickname": "The Note Writer", "ficly_story_int": 10530, "ficly_author_url": "http://ficly.com/authors/note-writer", "ficly_sequels": [{"ficly_sequel_int": 15842, "ficly_sequel_title": "The Running Man Slows Down", "ficly_sequel_url": "http://ficly.com/stories/15842"}], "ficly_story_title": "The Free Disk Ninjas"}