{"ficly_prequels": [], "ficly_story_url": "http://ficly.com/stories/10097", "ficly_story": "The house was a one-story bungalow with drab gray siding and a massive front porch. The lack of ambient light that night lent a dismally foreboding air to the house, which was only intensified by the front porch itself. The furniture looked as if it had come straight out of a Victorian mansion, and the colors were massively distorted by the yellow and red floodlights.\n\nThen there was the window.\n\nThe window was fairly large, four feet by seven. The crepe-paper curtains behind it were a startling, gut-twisting hue somewhere in the pink/purple/mauve regime and were backlit, giving them a fuzzy, surreal feel. The window itself had shelves upon shelves of various children\u2019s dolls mounted in front.\n\nA transient had walked to this house from the local strip mall and plopped himself down onto the patio furniture when the homeowner stepped out. She looked like a four-year-old in the body of a twenty-year-old; the pigtails, colorful outfit, the doll-like makeup\u2026\n\nThere were words. Heated words.\n\nGrave words.\n\n", "ficly_author_avatar_url": "http://cdn.ficly.com/icons/4446/avatar.jpg", "ficly_author_nickname": "Abstract", "ficly_story_int": 10097, "ficly_author_url": "http://ficly.com/authors/rorschachs_journal", "ficly_sequels": [{"ficly_sequel_int": 10185, "ficly_sequel_title": "Trick and Treat", "ficly_sequel_url": "http://ficly.com/stories/10185"}], "ficly_story_title": "The House"}