{"ficly_prequels": [], "ficly_story_url": "http://ficly.com/stories/10435", "ficly_story": "Water drops littered the keyboard   as they dripped off her hands,   sliding solemly down her finger tips   she dissolved,   out of being a human,   into obsession over the blackest pools known to the mind.   Shorting out the computer,   the heaviest of liquids sinking deep into the wires,   the light gone abruptly,   a star collapsed upon itself to be sucked into oblivion.   She turned to water in the darkness,   a soft rush to the floor.\n\n", "ficly_author_avatar_url": "http://cdn.ficly.com/icons/1176/avatar.jpg", "ficly_author_nickname": "Barefoot Contessa", "ficly_story_int": 10435, "ficly_author_url": "http://ficly.com/authors/barefootcontessa", "ficly_sequels": [{"ficly_sequel_int": 10440, "ficly_sequel_title": "Expanded", "ficly_sequel_url": "http://ficly.com/stories/10440"}], "ficly_story_title": "Dissolved"}