{"ficly_prequels": [], "ficly_story_url": "http://ficly.com/stories/10934", "ficly_story": "\u201cIt\u2019s a choice, those fucking faggots choose to like each other,\u201d Brett, the top homophobe of the school, whispers to his friends. I\u2019ve been told the best way to stop those types of things is to not answer to them so I don\u2019t.\n\n\u201cFucking faggot,\u201d Again.\n\n\u201cFUCKING QUEER,\u201d and again.\n\n\u201cWanna have up-the-butt sex, Gabe?\u201d Brett jokes. I\u2019ve had enough.\n\n\u201cYeah, Brett, I\u2019d have up-the-butt sex, because you\u2019re so fucking attractive and your ego is so fucking big that your dick must be too,\u201d I say to him. He stops laughing and gives me a disgusted look, meaning I caught his attention, \u201cAnd you know, since you\u2019re _so_ smart, I\u2019d think that for one second you\u2019d wonder that if we get all this bullshit from you _geniuses_, that choosing to be gay would be a ton of fun.\u201d\n\n\u201cI\u2014uh\u2014\u201d\n\n\u201cYou, uh what? I\u2019m sick of your bullshit, Brett, because you know what, I guess that _wasn\u2019t_ you that I saw flirting with that one guy at the football game Tuesday.\u201d\n\nWhen the bell rings, I walk out confident and see Brett speechless behind me.\n\n", "ficly_author_avatar_url": "http://cdn.ficly.com/icons/2392/avatar.jpg", "ficly_author_nickname": "Mr.Gabriel", "ficly_story_int": 10934, "ficly_author_url": "http://ficly.com/authors/mistergabriiel", "ficly_sequels": [{"ficly_sequel_int": 10993, "ficly_sequel_title": "Weird Response", "ficly_sequel_url": "http://ficly.com/stories/10993"}], "ficly_story_title": "Finally Told Off"}