{"ficly_prequels": [{"ficly_prequel_url": "http://ficly.com/stories/10808", "ficly_prequel_title": "Fallen Daisies (2)", "ficly_prequel_int": 10808}], "ficly_story_url": "http://ficly.com/stories/10810", "ficly_story": "He was gone because of her, no matter what people told her.   \u2018It\u2019s not your fault, to road was icy, there was nothing you could do, you\u2019re lucky to have survived!\u2019 Alice still felt responsible for Ben\u2019s death. She would rather have died with him than lived through the torturous aftermath.   It was a winter night like any other; cold, dark and icy \u2013 very icy, the first winter break of college. Ben and Alice were returning from a party at one of their new college friends. Ben had drunk his weight in beer and was completely incapacitated, so, naturally, Alice was driving. On their way back to the flat they shared, she decided to take a shortcut and drove into a small lane in between two colossal apartment buildings, which towered over the road, looming in the darkness. The snow that had fallen the night before had not been cleared and it had rained during the day, turning the ground to ice.\n\n", "ficly_author_avatar_url": "http://cdn.ficly.com/icons/1883/avatar.jpg", "ficly_author_nickname": "tinkerbelle", "ficly_story_int": 10810, "ficly_author_url": "http://ficly.com/authors/tinkerbelle", "ficly_sequels": [{"ficly_sequel_int": 10811, "ficly_sequel_title": "Fallen Daisies (4)", "ficly_sequel_url": "http://ficly.com/stories/10811"}], "ficly_story_title": "Fallen Daisies (3)"}