{"ficly_prequels": [{"ficly_prequel_url": "http://ficly.com/stories/1045", "ficly_prequel_title": "Go Back!", "ficly_prequel_int": 1045}], "ficly_story_url": "http://ficly.com/stories/1069", "ficly_story": "You eat the peanut, without realizing that you are deathly allergic to peanuts.   Your last thoughts are:   _Deathly allergic would be an awesome name for a book!_   **GAME OVER**\n\n", "ficly_author_avatar_url": "http://ficly.com/images/icons/avatar.jpg", "ficly_author_nickname": "The Note Writer", "ficly_story_int": 1069, "ficly_author_url": "http://ficly.com/authors/note-writer", "ficly_sequels": [], "ficly_story_title": "Eating the Peanut"}