{"ficly_prequels": [{"ficly_prequel_url": "http://ficly.com/stories/10671", "ficly_prequel_title": "LIFE: A Memoir 2", "ficly_prequel_int": 10671}], "ficly_story_url": "http://ficly.com/stories/10741", "ficly_story": "Well, it was already two months and my mom was sick of living with some nasty, sloppy people. But it was the last straw when Sydney blamed my sister and me for supposedly \u201cspilling the blue ink\u201d. **Even though** the evidence was on her hands. So we packed up and moved again..\n\nI was enrolled in my old school again for 8th grade, but not for long. We moved to North Canton. After the two weeks I had been there, my parents pulled me out and enrolled me into Glenwood Middle School. The first day was hell. I got made fun of in my 1st period. In 2nd period someone threw an eraser at my head, and at lunch I sat with some emo kids. Their names were Emily, Blaire, Rachel, Anna, and more who I could\u2019ve cared less about. The only reason they let me sit there was because the person who originally sat there was sick or something. The rest of the day was about the same. I just tried to ignore it. Then social studies came. It would change my life later on. The teacher gave me a seat next to a girl that wasn\u2019t there that day.\n\n", "ficly_author_avatar_url": "http://cdn.ficly.com/icons/1590/avatar.jpg", "ficly_author_nickname": "sammytrick", "ficly_story_int": 10741, "ficly_author_url": "http://ficly.com/authors/sammytrick", "ficly_sequels": [{"ficly_sequel_int": 10794, "ficly_sequel_title": "LIFE: A Memoir 4", "ficly_sequel_url": "http://ficly.com/stories/10794"}], "ficly_story_title": "LIFE: A Memoir 3"}