{"ficly_prequels": [{"ficly_prequel_url": "http://ficly.com/stories/11016", "ficly_prequel_title": "The Fisherman (1)", "ficly_prequel_int": 11016}], "ficly_story_url": "http://ficly.com/stories/11042", "ficly_story": "Knowing that today\u2019s conversations with a new and unknown crew are simply an extension of yesterday\u2019s and an indication of tomorrow\u2019s; that jokes told by one angler are echoed by another on some far and distant lake. Watching as my passengers, whether novice or pro, hunch their backs and quiver, like anxious bird dogs on point, waiting for a rod to kiss the lake; proof-positive that yet another fish has taken the bait. Yet another year in my life as an angler; this is what I live for.\n\nRealizing each morning that I still get just as excited when a fish hits as I did the first time a large or small-mouth bass ever graced my line. Relearning each and every day that while it is a gift each time I hook a six pound fish, helping someone else do it is a blessing, a satisfaction, an enjoyment; and that there is no better feeling than sharing your passion with others. Yet another year in my life as an angler; this is what I live for.\n\n", "ficly_author_avatar_url": "http://cdn.ficly.com/icons/1846/avatar.jpg", "ficly_author_nickname": "Amy K", "ficly_story_int": 11042, "ficly_author_url": "http://ficly.com/authors/aek629", "ficly_sequels": [], "ficly_story_title": "The Fisherman (2)"}