{"ficly_prequels": [], "ficly_story_url": "http://ficly.com/stories/10230", "ficly_story": "I woke up in the middle of the night, sweating like crazy. I relized it was just a dream. That Andrew is still goin out with me and he never tried to ignore me, or any thing of the sort. And i wasnt goin to kill my self to a far away land. I jumped out of bed and called Maddie.   \u201cOh Maddie thank god your up\u201d   \"Well you kinda woke me up, it\u2019s 3 in the morning.\u2018\u2019   \u201cSorry but i had the worst nightmare i\u2019ve had in forever\"   \u201cOK\u2026well you couldnt tell me in the morning?\u201d   \u201cNNNOOOO!!!!\u201d   \" OK then, while im up tell me what it was about.\"   \u201cWell, Adrew pretended that he didnt no me and called me a loser and I was goin to kill my self!!\u201d   \u201cWell you no it\u2019s not real so GO BACK TO BED!! I\u2019ll see you in the morning. Talk to me than lol bye.\u201d   \u201cOk bye Maddie!! And thanks anyway BYE! \"\n\n", "ficly_author_avatar_url": "http://cdn.ficly.com/icons/2213/avatar.jpg", "ficly_author_nickname": "\u2665I.Wont.Apologize.Pick.Me.........\u2665", "ficly_story_int": 10230, "ficly_author_url": "http://ficly.com/authors/bieberbabe24", "ficly_sequels": [{"ficly_sequel_int": 10234, "ficly_sequel_title": "The Diary of Three Friends 7", "ficly_sequel_url": "http://ficly.com/stories/10234"}], "ficly_story_title": "The Diary of 2 friends 6"}