{"ficly_prequels": [{"ficly_prequel_url": "http://ficly.com/stories/10898", "ficly_prequel_title": "Mustn't remember", "ficly_prequel_int": 10898}], "ficly_story_url": "http://ficly.com/stories/10900", "ficly_story": "But he couldn\u2019t help it. His mind took him back to his seventeenth year \u2026 _She was an innocent bystander. Just thirteen then. But we were all innocent bystanders then._\n\n_The fighting had started in Mexico City. It hadn\u2019t stayed. By the winter downtown San Diego had descended into violence. Their mother told them to stay inside, she didn\u2019t want them in this kind of fight. The only thing they left for was school \u2026 of course, that turned out to be what got her, in the end. They\u2019d heard the gunfire every day, but it had become little more than background noise._\n\n_Only, that day, it wasn\u2019t. One of them, he\u2019d come running out of a back alley directly across the street, yelling and shouting and firing. The ones in the alley fired back. One of them, one of their bullets, came straight across the street \u2026_\n\n_Their mother didn\u2019t stop crying for days. Their father, well, he just sort of withdrew. And Seth? He made his vow. The street gangs would not continue. And he\u2019d hit them right where they lived._\n\n", "ficly_author_avatar_url": "http://ficly.com/images/icons/avatar.jpg", "ficly_author_nickname": "Phoenix", "ficly_story_int": 10900, "ficly_author_url": "http://ficly.com/authors/phoenixv07", "ficly_sequels": [{"ficly_sequel_int": 10902, "ficly_sequel_title": "Losing the touch", "ficly_sequel_url": "http://ficly.com/stories/10902"}], "ficly_story_title": "Reasons why"}