{"ficly_prequels": [{"ficly_prequel_url": "http://ficly.com/stories/10097", "ficly_prequel_title": "The House", "ficly_prequel_int": 10097}], "ficly_story_url": "http://ficly.com/stories/10185", "ficly_story": "Hers were the same words she spoke every year, neither habit nor ritual, but trained. \u201cWill you accept the guidance of the Master?\u201d she asked, reciting, her voice as empty of inflection as her face of expression.\n\nHis were words never spoken before or since, as they were every year, shaped by an unknowable thing into things unknowing. \u201cNo! you trust it I cannot. It betrays me every time I turning away my back, turn-based time in chunks can you taste it time chunky peanut butter? it slips between the sidewalk crack. It master is deceiving, it deceit, it creeps up behind me in the not looking and goes Cackle at my back! i can\u2019t knowing, I hate it. _Help me?!_\u201d\n\nHis eyes burned night-yellow in the moon.\n\nShe did not deviate from her script, responded one second exactly after he stopped. \u201cNo. The Master betrays nothing. It punishes you as It rewards me. It acts with pure strength, science, operant conditioning. Come inside, be loyal to It, and be rewarded.\u201d\n\nHe slammed the door, and it locked again for the year.\n\n", "ficly_author_avatar_url": "http://cdn.ficly.com/icons/1564/avatar.jpg", "ficly_author_nickname": "Pavitra", "ficly_story_int": 10185, "ficly_author_url": "http://ficly.com/authors/pavitra", "ficly_sequels": [], "ficly_story_title": "Trick and Treat"}