{"ficly_prequels": [], "ficly_story_url": "http://ficly.com/stories/10104", "ficly_story": "There was something in the forest, they said.   Something valuable.\n\nMany had set off to find it, they said.   But none had ever returned.\n\nThen how do they know there is something there?   But I am a sucker for tales such as these, and my mind was already made up.   I shall go to the forest, I told them, and I shall return.   I bought one final ale, sank back into my chair, and considered my journey.\n\nA week later, I set off. Leaving the village that marked the edge of our territory behind.   At first, all was familiar \u2013 I wandered through the richly cultivated fields of our outlying farmsteads. Soon though I left all civilisation behind.\n\nI crossed plains and hills so numerous that to recount my journeys though them here would be impractical. Eventually, I perceived a darkness on the horizon. I was finally nearing the forest.\n\n", "ficly_author_avatar_url": "http://cdn.ficly.com/icons/1773/avatar.jpg", "ficly_author_nickname": "transit", "ficly_story_int": 10104, "ficly_author_url": "http://ficly.com/authors/transit", "ficly_sequels": [{"ficly_sequel_int": 10105, "ficly_sequel_title": "Afraid of the dark", "ficly_sequel_url": "http://ficly.com/stories/10105"}], "ficly_story_title": "The forest"}