{"ficly_prequels": [], "ficly_story_url": "http://ficly.com/stories/11019", "ficly_story": "Shoot. Where did I put my scythe? I could have sworn\u2026 Ah! I left it Mrs Walker\u2019s apartment. It may take a few minutes of gliding through plumbing to get there, but I can\u2019t do my job without it.\n\nI used to use the subway to get around, until I was reported for frightening children and banned.\n\nThe pipes are narrow and grimy, but I don\u2019t have much of a choice. Occasionally I\u2019m flushed the opposite direction, and sent in flurry of germs and liquid back where I started.\n\nI immerge from her sink after careful travelling, and crawl out, smacking my bare bone head against the tiled bathroom floor in the process. Still dripping, I float around looking for my scythe, leaving puddles in my wake.\n\nMrs Walker\u2019s still in the same position I left her, arm dangling from her sofa, head slouched between her shoulders. Wisps of her grey hair have come undone from a severe bun, but apart from that nothing as changed.\n\nYes! There it is \u2013 next to her immobile body.\n\nOut of respect, I lift my pitch black hood before leaving.\n\n", "ficly_author_avatar_url": "http://cdn.ficly.com/icons/1738/avatar.jpg", "ficly_author_nickname": "Violet Turner", "ficly_story_int": 11019, "ficly_author_url": "http://ficly.com/authors/violet_ink", "ficly_sequels": [{"ficly_sequel_int": 11021, "ficly_sequel_title": "The Dating Scene", "ficly_sequel_url": "http://ficly.com/stories/11021"}], "ficly_story_title": "The Life Of A Grim Reaper"}