{"ficly_prequels": [{"ficly_prequel_url": "http://ficly.com/stories/10490", "ficly_prequel_title": "When the clock struck four... Part 3", "ficly_prequel_int": 10490}], "ficly_story_url": "http://ficly.com/stories/10491", "ficly_story": "Those on board welcomed me with a kind of ancient respect, as if they had known me forever. Of coarse they had not, as if they did, I must have been either alive for thousands of years, which I know I haven\u2019t, or, that I was a messiah\u2026 The latter was most unlikely, but many odd things had been happening, so, I took my chances and stayed on the helicopter owned by the Chinese Society of Calligraphy Writers of Singapore. As the helicopter flew on, my ARGORBFMed head (with a parachute) flew into the cabin where I was strapped in. I new this because, luckily enough, my ARGORBFM activated and grew some eyes on the palms of my hands. This was as annoying as it was painful as whenever I touched anything, I either could not see, or I had the painful sensation of scratching your eye.\n\n", "ficly_author_avatar_url": "http://cdn.ficly.com/icons/1733/avatar.jpg", "ficly_author_nickname": "The Athiest", "ficly_story_int": 10491, "ficly_author_url": "http://ficly.com/authors/elderlyons", "ficly_sequels": [], "ficly_story_title": "When the clock struck four... Part 4"}