{"ficly_prequels": [{"ficly_prequel_url": "http://ficly.com/stories/10948", "ficly_prequel_title": "Dreading the Change", "ficly_prequel_int": 10948}], "ficly_story_url": "http://ficly.com/stories/10949", "ficly_story": "We pull up to the apartment about a half hour later. I shut my Mac Book with a small click that echoes in the silence of the car.\n\n\u201cWow.\u201d Says Marx, his first word not containing a driving direction in the last six hours.\n\nThe apartment is on a beautiful avenue lined with leafy trees and flower boxes. It\u2019s tall and brick, with a two cute little green doors in the front. There\u2019s a park bench outside, and a deli down the street, and a used bookstore across the way- in short, it\u2019s amazing.\n\n\u201cDad! Oh my God!\u201d Ember snaps the silence with her screechy voice, whipping her toes out of my lap and tumbling out of the car. She slams the door behind her and her voice echoes again from outside. \u201cThis is SO COOL!\"\n\n", "ficly_author_avatar_url": "http://cdn.ficly.com/icons/2978/avatar.jpg", "ficly_author_nickname": "Insert Pen Name Here", "ficly_story_int": 10949, "ficly_author_url": "http://ficly.com/authors/insertpennamehere", "ficly_sequels": [], "ficly_story_title": "His First Word Not Containing a Driving Direction"}