{"ficly_prequels": [], "ficly_story_url": "http://ficly.com/stories/10532", "ficly_story": "Dear Santa,\n\nYou are one certified son of a bitch. Seriously, I thought we were friends! How the hell could you do this to me, Santa? I was good for an entire year! I was never ever _ever_ on your naughty list. Apparently, you don\u2019t know who has been naughty or nice. You\u2019re a downright hypocrite and you can go to hell.\n\nActually \u2013 wait. I\u2019m not done yet, Santa.\n\nYou stole my girlfriend, Santa! How the hell could you do something like that?! And don\u2019t you deny it. I saw you two kissing underneath the mistletoe. I\u2019m surprised she could reach your lips through that white fuzz on your face. I hope it\u2019s cancerous. Now I know why people stop believing in you, Santa. You\u2019re just some fat ass man whore. I hope you get AIDS.\n\nHo Ho Fucking Hoe Santa.\n\nFuck you,   A Very Disgruntled Ex-Boyfriend\n\nP.S.   Debra, I hope you get trampled by reindeers.\n\n", "ficly_author_avatar_url": "http://cdn.ficly.com/icons/1797/avatar.jpg", "ficly_author_nickname": "stick me on", "ficly_story_int": 10532, "ficly_author_url": "http://ficly.com/authors/stickmeon", "ficly_sequels": [{"ficly_sequel_int": 10558, "ficly_sequel_title": "Dear Danny", "ficly_sequel_url": "http://ficly.com/stories/10558"}, {"ficly_sequel_int": 10569, "ficly_sequel_title": "Santa Responds", "ficly_sequel_url": "http://ficly.com/stories/10569"}, {"ficly_sequel_int": 10748, "ficly_sequel_title": "Dear Ex-Boyfriend", "ficly_sequel_url": "http://ficly.com/stories/10748"}], "ficly_story_title": "Santa Stole My Girlfriend"}