{"ficly_prequels": [{"ficly_prequel_url": "http://ficly.com/stories/1054", "ficly_prequel_title": "Reason", "ficly_prequel_int": 1054}], "ficly_story_url": "http://ficly.com/stories/1055", "ficly_story": "_Why?_\n\nIt always used to make sense.\n\nWhy did it all have to fall apart now?\n\n", "ficly_author_avatar_url": "http://cdn.ficly.com/icons/343/avatar.jpg", "ficly_author_nickname": "MissCookie", "ficly_story_int": 1055, "ficly_author_url": "http://ficly.com/authors/misscookie", "ficly_sequels": [{"ficly_sequel_int": 1056, "ficly_sequel_title": "Answers", "ficly_sequel_url": "http://ficly.com/stories/1056"}], "ficly_story_title": "Why?"}