{"ficly_prequels": [{"ficly_prequel_url": "http://ficly.com/stories/10403", "ficly_prequel_title": "Becoming Sophia (41)", "ficly_prequel_int": 10403}], "ficly_story_url": "http://ficly.com/stories/10410", "ficly_story": "\u201cThank you,\u201d I repeated, licking my lips.\n\n\u201cYou\u2019re welcome,\u201d the woman responded. She was everything I\u2019d always thought a mother would look like. She appeared to me as a thicker, shorter version of the Madonna. She smiled at me and I wanted to cry. \u201cYou\u2019re lucky we found you; what were you doing out there?\u201d\n\nI wasn\u2019t sure how to respond, so I evaded the question by asking one of my own. \u201cWhere am I?\u201d\n\n\u201cYou\u2019re in the village between Fronsac and Bordeaux, perhaps you know it-Moyen Rivieres?\u201d\n\n\u201cI\u2019ve come that far?\u201d I marveled.\n\n\u201cIndeed,\u201d she said smiling. \u201cHave you got a name?\u201d\n\n\u201cMa-umm\u2014\u201d I stumbled. Should I giver her my real name? Surely she would recognize a name as prominent as Lennon.\n\n\u201cYour name is \u2019ma\u2019um\u2019?\u201d She asked with amusement.\n\n\u201cSorian,\u201d I replied quickly, giving the name of one of my old friends. \u201cSorian Trelisca.\u201d The last name was completely made up and something told me she knew it. She didn\u2019t say anything, though, so I tried not to worry.\n\n\u201cI\u2019m Georgette,\u201d she replied. \u201cIt\u2019s nice to meet you.\u201d\n\n", "ficly_author_avatar_url": "http://cdn.ficly.com/icons/1292/avatar.jpg", "ficly_author_nickname": "K-Jellybean", "ficly_story_int": 10410, "ficly_author_url": "http://ficly.com/authors/sophia_dsoleil", "ficly_sequels": [{"ficly_sequel_int": 11077, "ficly_sequel_title": "Becoming Sophia (43)", "ficly_sequel_url": "http://ficly.com/stories/11077"}], "ficly_story_title": "Becoming Sophia (42)"}