{"ficly_prequels": [{"ficly_prequel_url": "http://ficly.com/stories/10258", "ficly_prequel_title": "Fervid Concessions", "ficly_prequel_int": 10258}], "ficly_story_url": "http://ficly.com/stories/10331", "ficly_story": "The monitor light shot through the room and enveloped me closer. I could feel myself hardening underneath my clothes, yearning for more. I clenched my teeth together and clicked the link.\n\nCarnal images flew past my vision sensors and I could my lenses shattering. Images of men pierced inside, imaginary aromas flew up my nose and I clapped my mouth shut, afraid to let my gasps out. I tasted my body\u2019s rising heat in my saliva. My blood simmered in anticipation, ready for what my eyes would grasp ahead of me.\n\nI moved the cursor over to a man with a bright,smile. His auburn hair and the warm color in his green eyes contrasted with the muscled ivory than dominated the rest of his anatomy. My finger shivered before steadily clicking on the man\u2019s square. The man\u2019s picture faded away and the square expanded wider to cover the screen. A ten-minute timeline came up and the man reappeared, with the fading headline, \u201cEthan Rogers\u201d.\n\n", "ficly_author_avatar_url": "http://cdn.ficly.com/icons/1769/avatar.jpg", "ficly_author_nickname": "Gabe Davis", "ficly_story_int": 10331, "ficly_author_url": "http://ficly.com/authors/gabed", "ficly_sequels": [{"ficly_sequel_int": 10332, "ficly_sequel_title": "My Night With Ethan: The Nadir", "ficly_sequel_url": "http://ficly.com/stories/10332"}], "ficly_story_title": "A Prelude to a Loss"}