{"ficly_prequels": [{"ficly_prequel_url": "http://ficly.com/stories/1063", "ficly_prequel_title": "It Was Only A Piece Of Paper...", "ficly_prequel_int": 1063}], "ficly_story_url": "http://ficly.com/stories/1064", "ficly_story": "\u201cHey guys.\u201d Some one says peeking their head into the room. I recognize her as Ali, my friend Josh\u2019s little sister. She\u2019s really shy most of the time. I forget that she goes to my school sometimes.   \u201cYes, Ali?\u201d Coach Albert asks.   \u201cUmm\u2026 My mom said that I could join the O.M. team if I really wanted to. Josh is gonna be on balsa and I have nothing better to do.\u201d   \u201cReally?\u201d   \u201cYea.\u201d   \u201cOh my gosh! Ali tell your mom we love her.\u201d   \u201cOkay.\u201d Ali smiles and sits down next to Syd and Grant.   \u201cDo you want to know anything?\u201d   \u201cYea. What exactly is Odyssey of the Mind?\u201d   \u201cOkay, the kids are working on a skit right now that\u2019s called Long Term. They have to build a car that isn\u2019t human powered and fits within a 2X2 foot cube. We\u2019re practicing Sontaneous right now. What they do is\u2026 well, we\u2019ll show you another one. Just watch for now.\u201d   \u201cMmkay.\u201d   \u201cYou have one minute to think and two minutes to respond, you\u2019re problem is this\u2026\n\n", "ficly_author_avatar_url": "http://cdn.ficly.com/icons/637/avatar.jpg", "ficly_author_nickname": "Distant Memories", "ficly_story_int": 1064, "ficly_author_url": "http://ficly.com/authors/emilyz123", "ficly_sequels": [{"ficly_sequel_int": 1065, "ficly_sequel_title": "Water You Doing?", "ficly_sequel_url": "http://ficly.com/stories/1065"}], "ficly_story_title": "Ali"}