{"ficly_prequels": [{"ficly_prequel_url": "http://ficly.com/stories/10736", "ficly_prequel_title": "Not So Easily Brushed Off", "ficly_prequel_int": 10736}], "ficly_story_url": "http://ficly.com/stories/10911", "ficly_story": "The last thing on Violet\u2019s mind was history, least of all the homogenized, corporation-influenced history Mr. Krumb was droning on about in front of the class. Everyone knew it was a joke, but what choice did they have. If the real government couldn\u2019t stand up to the larger abuses going on, what chance did they have to get real history books in the schools.\n\nThus not surprisingly, the entire class turned to see the brightly colored mech tapping on the window. Even Mr. Krumb stopped lecturing, probably grateful for the excuse to stop regurgitating the watered-down version of the American Revolution. Her own amusement turned to mortification as Violet recognized the mech as her newly modified scooter.\n\nSaid mech was now motioning for her to approach the window and open it. With a hard swallow, Violet rose and crossed the two aisles to the window, glancing around for reprimand or commentary. Her teacher only shrugged.\n\nWindow opened, the mech\u2019s voice resounded into the classroom, \u201cWe need to go. Now.\u201d\n\n", "ficly_author_avatar_url": "http://cdn.ficly.com/icons/29/AHFL_icon.JPG", "ficly_author_nickname": "THX 0477", "ficly_story_int": 10911, "ficly_author_url": "http://ficly.com/authors/thx0477", "ficly_sequels": [{"ficly_sequel_int": 22510, "ficly_sequel_title": "Masquerade Breakdown", "ficly_sequel_url": "http://ficly.com/stories/22510"}], "ficly_story_title": "Break From the Monotony"}