{"ficly_prequels": [{"ficly_prequel_url": "http://ficly.com/stories/9360", "ficly_prequel_title": "Hunter: Tests", "ficly_prequel_int": 9360}], "ficly_story_url": "http://ficly.com/stories/10472", "ficly_story": "Eyes opened as I glared around, taking in everything in about five seconds. The second thing I noticed, when I reached up to rub sleep from my eyes, was that I couldn\u2019t. The thrid thing I ntoiced was Amy, lying on a table across from me, sleeping, her limbs strapped down with some metal. The last thing I noticed was that I was freezing, as if I were surounded by a cold metal that had yet to warm to body tempature.\n\nI tried to look down but found my neck held still. My eyes flickered to Amy and found that her neck was strapped down, as was her arms, torso, legs and ankles. So it stood to reason that I was in the same getup. What the hell had happened? The last thing I remember was the Doc holding us for some injections that made me all sleepy\u2026 And I guess I had fallen asleep, and now was here.\n\nBut why? I didn\u2019t understand. I was back to square one, strapped down and clueless. and Amy was still asleep, so I had no one to get anwsers from. Perhaps I\u2019d ask when someone came in, or when Amy woke up.\n\n", "ficly_author_avatar_url": "http://cdn.ficly.com/icons/368/avatar.jpg", "ficly_author_nickname": "Racing", "ficly_story_int": 10472, "ficly_author_url": "http://ficly.com/authors/lycansbeauomg", "ficly_sequels": [{"ficly_sequel_int": 10922, "ficly_sequel_title": "Hunter: Anwsers", "ficly_sequel_url": "http://ficly.com/stories/10922"}], "ficly_story_title": "Hunter: What Is GOING ON?!"}