{"ficly_prequels": [{"ficly_prequel_url": "http://ficly.com/stories/10383", "ficly_prequel_title": "A Guide on How to Defeat Depression: Preface", "ficly_prequel_int": 10383}], "ficly_story_url": "http://ficly.com/stories/10385", "ficly_story": "If we are to go about defeating depression, we must understand just what it is. Really, it\u2019s quite simple when you get to the roots of it.\n\nDepression is composed of two basic things: pain and anger.\n\nAre these the only things that make up depression? No. Certainly not, but these two are the most basic ingredients. Everything else in depression stems from these two things.   It is impossible to be depressed without _both_ of these things. Pain can make a person sad, but sadness and depression are two _completely_ different animals.\n\nPain is transformed into depression with anger. Anger in itself is a harmless emotion. However, when it is given too much control over one\u2019s heart, it can detrimentally effect you. Anger, in terms of depression, is a result of not accepting pain.   When one does not accept pain, a rebelious anger clashes with it. This begins the sensation of a \u201cwar in the heart\u201d.   I will talk more about this later.\n\n", "ficly_author_avatar_url": "http://ficly.com/images/icons/avatar.jpg", "ficly_author_nickname": "Former Ficly Friend", "ficly_story_int": 10385, "ficly_author_url": "http://ficly.com/authors/bartimaeus", "ficly_sequels": [{"ficly_sequel_int": 10386, "ficly_sequel_title": "What is Pain?", "ficly_sequel_url": "http://ficly.com/stories/10386"}], "ficly_story_title": "What is Depression?"}