{"ficly_prequels": [{"ficly_prequel_url": "http://ficly.com/stories/10195", "ficly_prequel_title": "The diary of two friends 2", "ficly_prequel_int": 10195}], "ficly_story_url": "http://ficly.com/stories/10201", "ficly_story": "\u201cHey! Sorry I\u2019m late.\u201d   \u201cIts alright Liz, my driver will take us so we\u2019ll be on time.\u201d   Danni was one of the richest girls in the whole town. She had a driver, maids, cooks, and butlers! To be friends with Danni was an honor to anyone but me. To me it was annoying. I was always being out done in looks and skill. Danni had pure blonde hair and always had the best clothes! She was good at everything she did, from sports to singing. Then there\u2019s me. Brown hair that won\u2019t do anything but lay on my cheeks and who can\u2019t play a sport or sing for my life! The only thing I am better at then Danni is in school. I get top grades on everything but Danni never did to good.   \u201cSo\u2026 You wanna go to the mall later? Do a little winter shopping.\u201d Danni asked while we were waiting for Maddie to get in the limo.   \u201cI would love to go but we\u2019re all not as rich as you and besides we have three test tomorrow to study for.\u201d   \u201cFine!\u201d\n\n", "ficly_author_avatar_url": "http://cdn.ficly.com/icons/1784/avatar.jpg", "ficly_author_nickname": "Peace.Love.Softball", "ficly_story_int": 10201, "ficly_author_url": "http://ficly.com/authors/emme", "ficly_sequels": [{"ficly_sequel_int": 10203, "ficly_sequel_title": "Diary of three friends 4", "ficly_sequel_url": "http://ficly.com/stories/10203"}], "ficly_story_title": "Diary of Three Friends 3"}