{"ficly_prequels": [{"ficly_prequel_url": "http://ficly.com/stories/10941", "ficly_prequel_title": "Nobody Likes Moving", "ficly_prequel_int": 10941}], "ficly_story_url": "http://ficly.com/stories/10942", "ficly_story": "Besides, I\u2019m doing important work on my beloved computer. I have to keep up with my web \u2018zine. Spots is one of the premier online magazines and I intend to make my living off of it when I graduate next year. Of course, my family doesn\u2019t understand that. My dad read it once and promptly forgot how to access it, no matter how many times I explain it to him. I\u2019ve never shown it to my mom because I know if she would read it, it would become an obsession and not work out well. As for my sisters and brothers, well, they know about it, but Ember\u2019s the only one who actually reads it. Christian\u2019s too much of a monumental stiff to ever want to read something his liberal kid sister writes, and god know how often Annemarie gets near a computer. Maybe Marx will read it when he gets older. Or maybe he\u2019ll just continue to be his weird self and do things like read off the contents of every sign we pass.\n\nI stop typing and exhale loudly. \u201cGod, Marx, will you quit it? I\u2019m trying to concentrate here!\u201d\n\n", "ficly_author_avatar_url": "http://cdn.ficly.com/icons/2978/avatar.jpg", "ficly_author_nickname": "Insert Pen Name Here", "ficly_story_int": 10942, "ficly_author_url": "http://ficly.com/authors/insertpennamehere", "ficly_sequels": [{"ficly_sequel_int": 10943, "ficly_sequel_title": "MERGE", "ficly_sequel_url": "http://ficly.com/stories/10943"}], "ficly_story_title": "Marx"}