{"ficly_prequels": [{"ficly_prequel_url": "http://ficly.com/stories/9804", "ficly_prequel_title": "Best Laid Plans", "ficly_prequel_int": 9804}], "ficly_story_url": "http://ficly.com/stories/10778", "ficly_story": "\u201cOnly what I hadn\u2019t already guessed.\u201d Bran shrugged. \u201cThe conspiracy sites have a surprisingly accurate picture\u2014at least, if you read the top three and average them out.\u201d\n\nJason grinned. \u201cThe war\u2019s been going on for so long, there\u2019ve been a lot of leaks.\u201d\n\n\u201cIs Central Command aware of that?\u201d Star wondered.\n\n\u201cProbably. But they can\u2019t really do much about it without giving it legitimacy.\u201d Jason chuckled. \u201cAs long as they don\u2019t do anything to validate the kooks, nobody will pay any attention who\u2019s not a kook himself.\u201d\n\n\u201cThat doesn\u2019t exactly speak well of your merry little band, you know,\u201d Star said drily.\n\n\u201cOh, we\u2019re all kooks here,\u201d Bran said cheerfully. \u201cBut at least we\u2019re kooks who know what\u2019s going on, instead of believing in half-assed conspiracy theories.\u201d\n\n\u201cSo anyway,\u201d Star said, switching her train of thought back off the siding, \u201cjust so I\u2019m clear, what is it you want me to do for you?\u201d\n\n\u201cI\u2019m not ready to give up on this body yet,\u201d Bran said. \u201cSo just a scan to back me up should suffice for now.\u201d\n\n", "ficly_author_avatar_url": "http://cdn.ficly.com/icons/17/toonrmicon.jpg", "ficly_author_nickname": "Robotech_Master", "ficly_story_int": 10778, "ficly_author_url": "http://ficly.com/authors/robotech_master", "ficly_sequels": [{"ficly_sequel_int": 11173, "ficly_sequel_title": "Quick Fix", "ficly_sequel_url": "http://ficly.com/stories/11173"}], "ficly_story_title": "We're All Kooks Here"}