{"ficly_prequels": [{"ficly_prequel_url": "http://ficly.com/stories/10695", "ficly_prequel_title": "The Object Of Love Part I", "ficly_prequel_int": 10695}], "ficly_story_url": "http://ficly.com/stories/10696", "ficly_story": "James ordered the two biggest scoops from the parlor; he then waddled from side to side trying not to spill the chocolate, vanilla, strawberry blast all over his pants.   Lane would not let him forget that if he did spill it, making fun of his ability to carry a simplest object to a table less then 5 feet away.\n\n\u201cI see you finally made it over here James.\u201d Lane spoke in firm voice.\n\n\u201cHa.\u201d James laughed at Lane sticking out his tongue,\n\nLane looked upon James as he ate carefully around the ice cream.\n\n\u201cJames do you think am beautiful.\u201d\n\nLane looked at James waiting for his response. James sat there licking his ice cream like nothing was ever said.\n\n\u201cLane what a foolish question to express, you know as well as I do that you\u2019re the most beautiful women out there.\u201d\n\n\u201cSo why didn\u2019t you want to stay at the store, you seemed you didn\u2019t want to look at me.\u201d\n\n", "ficly_author_avatar_url": "http://cdn.ficly.com/icons/206/avatar.jpg", "ficly_author_nickname": "Francis James", "ficly_story_int": 10696, "ficly_author_url": "http://ficly.com/authors/phantom", "ficly_sequels": [{"ficly_sequel_int": 10697, "ficly_sequel_title": "The Object Of Love Part III", "ficly_sequel_url": "http://ficly.com/stories/10697"}], "ficly_story_title": "The Object Of Love Part II"}