{"ficly_prequels": [], "ficly_story_url": "http://ficly.com/stories/11016", "ficly_story": "Shivering and nearly hypothermic, guarded by my fiberglass cocoon in a drenching December rain or scorched by a sweltering August sun. Fighting a thirty-five mph wind so cold water freezes in the rod\u2019s guides and they must be thawed by hand before the next cast. Bailing yet another two inches of rain out of the boat as one more shower, brief but biblically determined, passes overhead. The sheer joy of a perfect, postcard picture day in June whether the fish are biting or not. Yet another year in my life as an angler; this is what I live for.\n\nThe intermittent, rhythmic swirl of the trolling motor\u2019s propellers in the water and the happy gurgling of the lake as it dances beneath and around a slowly moving hull. The early morning chant of the birds that come and go and the quiet conversations, muffled by fog, mist or rain, of anglers rigging rods in the glow of another dawn. Yet another year in my life as an angler; this is what I live for.\n\n", "ficly_author_avatar_url": "http://cdn.ficly.com/icons/1846/avatar.jpg", "ficly_author_nickname": "Amy K", "ficly_story_int": 11016, "ficly_author_url": "http://ficly.com/authors/aek629", "ficly_sequels": [{"ficly_sequel_int": 11042, "ficly_sequel_title": "The Fisherman (2)", "ficly_sequel_url": "http://ficly.com/stories/11042"}], "ficly_story_title": "The Fisherman (1)"}