{"ficly_prequels": [{"ficly_prequel_url": "http://ficly.com/stories/10331", "ficly_prequel_title": "A Prelude to a Loss", "ficly_prequel_int": 10331}], "ficly_story_url": "http://ficly.com/stories/10332", "ficly_story": "Ethan lay upon a black leather couch. Nothing covered him except a pair of baby blue Calvin Klein briefs hugging tightly to his body. Ethan set his eyes on me, and I felt a twinge shoot through my body. \u201cWhat do you want me to do for you, sir?\u201d\n\nI gasped lightly, glancing at my door. I found solace at the locked door and lack of sound. My parents were fast asleep down the hall.\n\nMy eyes returned to Ethan, who proceeded to run his hand down his sculpted chest, his washboard abs, sliding his fingers past the elastic band of his briefs. A sound escaped from my mouth, leaving me in a state of slow shallow breaths.\n\nI braced myself for what would happen next.\n\n", "ficly_author_avatar_url": "http://cdn.ficly.com/icons/1769/avatar.jpg", "ficly_author_nickname": "Gabe Davis", "ficly_story_int": 10332, "ficly_author_url": "http://ficly.com/authors/gabed", "ficly_sequels": [{"ficly_sequel_int": 10333, "ficly_sequel_title": "My Night With Ethan: The Apogee", "ficly_sequel_url": "http://ficly.com/stories/10333"}], "ficly_story_title": "My Night With Ethan: The Nadir"}