{"ficly_prequels": [{"ficly_prequel_url": "http://ficly.com/stories/10217", "ficly_prequel_title": "Just a typical girl", "ficly_prequel_int": 10217}], "ficly_story_url": "http://ficly.com/stories/10306", "ficly_story": "I arrived to school a little late. I tried to sneak past the main office, So The princible didn\u2019t call my mother because I was late without a note\u2019\u2019   \u2018\u2019Miss Renner, please see me in my office.\u2019\u2019 I heard a vioce behind me. I stopped and went to Mrs. Modicas office. The princible.   \u2019\u2019I\u2019m sorry Mrs. Modica. I missed the bus and my mom already left. I had to walk.\u2018\u2019 I lied.   \u2019\u2019Alright Isabella, If your late one more time I\u2019m going to have to give you detention.\u2018\u2019 I started to leave his office and then I saw him. Justin Bieber. Right there looking at the school map trying to find him class.   \u2019\u2019Hey i\u2019m Izzy. Do you need help getting around?!\u2018\u2019 I asked him very nervously.   \u2019\u2019Hi. Yea. I\u2019m trying to get to room 230.\u2018\u2019 Justin looked at my with a smile.   \u2019\u2019I\u2019ll show you where it is follow me.\u2018\u2019 I started walking down the hallway.\u2019\u2018So how do you like it here at Richter mountain?\u2019\u2019   \u2019\u2019It\u2019s real big. I havent met my teacher yet but everyone seems nice.\u2018\u2019   \u2019\u2019Yea, most people here are friendly\u2019\u2019 We arrived at the classroom.\n\n", "ficly_author_avatar_url": "http://cdn.ficly.com/icons/2213/avatar.jpg", "ficly_author_nickname": "\u2665I.Wont.Apologize.Pick.Me.........\u2665", "ficly_story_int": 10306, "ficly_author_url": "http://ficly.com/authors/bieberbabe24", "ficly_sequels": [{"ficly_sequel_int": 10307, "ficly_sequel_title": "Just a typical girl 3", "ficly_sequel_url": "http://ficly.com/stories/10307"}], "ficly_story_title": "Just a typical girl 2"}