{"ficly_prequels": [{"ficly_prequel_url": "http://ficly.com/stories/8270", "ficly_prequel_title": "The Night Before the First Day", "ficly_prequel_int": 8270}], "ficly_story_url": "http://ficly.com/stories/10322", "ficly_story": "Adam Padilla laughed at the vampires on his widescreen TV.   _Glad you can laugh when you haven\u2019t touched me in two weeks_ his wife, Kelsey thought as she glared at her husband sitting on the couch.   She leaned in close and gingerly ran her fingers down his collarbone, she had a thing for collarbones, and it always got him excited.\n\nCaught off guard, his worrying mind searched for an excuse.   \u201cI\u2019m really tired, I just want to see the end of this movie and go to bed,\u201d Adam said, his hands trembling, he hoped Kelsey wouldn\u2019t notice that. She noticed and was sadly reminded of how his hands always would tremble after she would roll her tongue around a certain part of his body that she hadn\u2019t seen in too long.\n\n\u201cIt\u2019s a good movie, Kelsey. The ending is awesome, there aren\u2019t many happy endings anymore,\u201d he continued.   Kelsey scoffed, \u201cTell me about it,\u201d she said under her breath.\n\nJust as she was about to go to bed alone, her cell phone started to sing her favorite song.\n\n", "ficly_author_avatar_url": "http://cdn.ficly.com/icons/1696/avatar.jpg", "ficly_author_nickname": "Raegan Dauterive", "ficly_story_int": 10322, "ficly_author_url": "http://ficly.com/authors/stfu_anddance", "ficly_sequels": [{"ficly_sequel_int": 10929, "ficly_sequel_title": "I've Got a Bad Feeling About This (1)", "ficly_sequel_url": "http://ficly.com/stories/10929"}], "ficly_story_title": "Two Nights After the First Day"}