{"ficly_prequels": [{"ficly_prequel_url": "http://ficly.com/stories/10537", "ficly_prequel_title": "Game Over", "ficly_prequel_int": 10537}], "ficly_story_url": "http://ficly.com/stories/10538", "ficly_story": "Zoe was practicing her karate when they came. They asked her if she\u2019d come with them. She bowed to her master and exited with them. She was taken to a conference room. She was told to make herself comfortable. Then a video call came through from the boss.\n\n\u201cHello Zoe\u201d they said   \u201cHey, whats up?\u201d she asked nonchalently   \u201cThere\u2019s something we need you to do\u201d   \u201cName it\u201d   \u201cZoe this isn\u2019t like a normal mission\u201d   \u201cWhat is it?\u201d   \u201cZoe this is going to be hard for you but it\u2019ll stretch you\u201d   She laughed, \u201cJust tell me!\u201d   \u201cWe need your help to capture George McGraw\u201d   Zoe stopped smiling.   \u201cMe?\u201d she asked astounded   \u201cOf course\u201d   \u201cBut why? I\u2019m not experienced enough\u201d   \u201cI think you\u2019ll find you are\u201d   \u201cOh\u2026\u201d   \u201cYes, you\u2019re young, pretty, agile with a gun and handy with your fists\u201d   \u201cRight\u201d   \u201cWe need you Zoe\u201d   She thought for a moment.   \u201cWe\u2019ll have experienced agents around and if there\u2019s any sign of danger we\u2019ll get you straight out of there\u201d   Another pause   \u201cZoe?\u201d   \u201cI\u2019ll do it\u201d\n\n", "ficly_author_avatar_url": "http://cdn.ficly.com/icons/2536/avatar.jpg", "ficly_author_nickname": "Jenni Summers", "ficly_story_int": 10538, "ficly_author_url": "http://ficly.com/authors/jennisummers", "ficly_sequels": [{"ficly_sequel_int": 10620, "ficly_sequel_title": "Extra, Extra! Read all about it!", "ficly_sequel_url": "http://ficly.com/stories/10620"}], "ficly_story_title": "A week earlier"}