{"ficly_prequels": [{"ficly_prequel_url": "http://ficly.com/stories/1681", "ficly_prequel_title": "You Don't Always Need Protection", "ficly_prequel_int": 1681}], "ficly_story_url": "http://ficly.com/stories/10431", "ficly_story": "\u201c_Je t\u2019oublierai._\u201d   \u201cQue.\u201d   \u201cMy turn to teach, yours to learn.\u201d   \u201cWhat\u2019s that supposed to mean?\u201d   \u201cIt means, well, what\u2019s given can\u2019t always be taken back.\u201d   \u201cI don\u2019t want it taken back.\u201d   \u201cYou should. I should. Somebody should.\u201d   \u201cThat won\u2019t change what he had, what we felt.\u201d   \u201cI didn\u2019t ask for it.\u201d   \u201cNo, I begged to give it to you.\u201d   \u201cBut what did you take in the process?\u201d   \u201cNothing you weren\u2019t willing to give.\u201d   \u201cAnd now it\u2019s gone.\u201d   \u201cWe can feel it again. You can have it all again.\u201d   \u201cNo. I can\u2019t.\u201d   \u201cOr you won\u2019t?\u201d   \u201cIs there a difference?\u201d   \u201cAll the difference in the world.\u201d   \u201cNot really. Not in the end.\u201d   \u201cWho says there has to be an end?\u201d   \u201cThere\u2019s always an end. Always.\u201d   \u201cSo we enjoy ourselves until the end comes.\u201d   \u201cIt\u2019s here. Maybe it\u2019s been here all along.\u201d   \u201cSo what now?\u201d   \u201c_Je t\u2019oublierai._\u201d   \u201cQue?\u201d   \u201cI will forget you.\u201d   \u201cYou\u2019ll try, but you won\u2019t. You can\u2019t!\u201d   \u201cIs there a difference?\u201d\n\n", "ficly_author_avatar_url": "http://cdn.ficly.com/icons/29/AHFL_icon.JPG", "ficly_author_nickname": "THX 0477", "ficly_story_int": 10431, "ficly_author_url": "http://ficly.com/authors/thx0477", "ficly_sequels": [], "ficly_story_title": "No Protection For That"}