{"ficly_prequels": [{"ficly_prequel_url": "http://ficly.com/stories/10265", "ficly_prequel_title": "Light Blue Jeans (Part 4)", "ficly_prequel_int": 10265}], "ficly_story_url": "http://ficly.com/stories/10266", "ficly_story": "On her doorstep \u2013 the famous clich\u00e9 moment \u2013 he leant forward. As their lips brushed lightly Abi\u2019s skin burned and her head whirled. She felt the world spin around and the ground come rushing up towards her face.   \u201cWhoa there!\u201d He grabbed me just before she hit the pavement.   \u201cThanks.\u201d She whispered, turning bright red.   _\u2018Stupid pale skin! Why does he have to be so darn cute? He\u2019ll be going out with a tomato!\u2019_   \u201cAnytime.\u201d He winked.   He looked at his watch and she saw his face fall.   \u201cDamn, I was supposed to be home an hour ago!\u201d He hugged her goodbye, ran out her gate and all the way up the street, until he was out of sight. Abi sighed.   _\u2018Maybe this was all just another dream. I\u2019ll probably just wake up soon\u2026\u2019_\n\n", "ficly_author_avatar_url": "http://cdn.ficly.com/icons/1883/avatar.jpg", "ficly_author_nickname": "tinkerbelle", "ficly_story_int": 10266, "ficly_author_url": "http://ficly.com/authors/tinkerbelle", "ficly_sequels": [{"ficly_sequel_int": 10267, "ficly_sequel_title": "Light Blue Jeans (Part 6)", "ficly_sequel_url": "http://ficly.com/stories/10267"}], "ficly_story_title": "Light Blue Jeans (Part 5)"}