{"ficly_prequels": [], "ficly_story_url": "http://ficly.com/stories/10763", "ficly_story": "\u201cDon\u2019t eat the fruit,\u201d God said.\n\n_nomnomnom_\n\n\u201cCurse mankind forever!\u201d\n\n", "ficly_author_avatar_url": "http://cdn.ficly.com/icons/2439/avatar.jpg", "ficly_author_nickname": "Sam Ervin", "ficly_story_int": 10763, "ficly_author_url": "http://ficly.com/authors/samervin", "ficly_sequels": [{"ficly_sequel_int": 10996, "ficly_sequel_title": "Exodus in 10 Words", "ficly_sequel_url": "http://ficly.com/stories/10996"}], "ficly_story_title": "The Bible in 10 Words"}