{"ficly_prequels": [{"ficly_prequel_url": "http://ficly.com/stories/909", "ficly_prequel_title": "Faint", "ficly_prequel_int": 909}], "ficly_story_url": "http://ficly.com/stories/1037", "ficly_story": "The young man stumbled into the subterranean city.\n\nA dwarf tending his clothing shop, Bogumir\u2019s, eyed the young man, thinking he must be drunk, looking as dazed as he was. But why were his clothes torn?\n\nBogumir ambled toward the young man, steadying his gait and directing him toward his shop. \u201cPerhaps you\u2019d be interested in a new shirt?\u2026Or shoes?\u201d he asked as he noticed the man\u2019s feet were bare, although they bore no wear for it.\n\n\u201cArmor\u2026blades\u2026Blades all around.\u201d\n\n\u201cWhat are you going on about, son?\u201d\n\nThe young man gripped the dwarf\u2019s shoulders and his vacant stare bore into the dwarf\u2019s soul as he spoke, \u201cthe Titan Odys fell, and shortly after, the city fell, **my** city fell to blades\u2026Whipping, whirling blades, faster than the eye could follow. All of them gone\u2026 All of them\u2026except perhaps myself.\u201d\n\nThe dwarf yelled down the crowded hall \u201cMedic!!\u201d as the young man collapsed upon him.\n\n", "ficly_author_avatar_url": "http://cdn.ficly.com/icons/1002/avatar.jpg", "ficly_author_nickname": "Fyora Cartagan", "ficly_story_int": 1037, "ficly_author_url": "http://ficly.com/authors/4213", "ficly_sequels": [], "ficly_story_title": "Blades"}