{"ficly_prequels": [{"ficly_prequel_url": "http://ficly.com/stories/101", "ficly_prequel_title": "Elise", "ficly_prequel_int": 101}], "ficly_story_url": "http://ficly.com/stories/103", "ficly_story": "The deer leaned contentedly against Elise\u2019s hips, closing its eyes trustingly. Elise stroked its head absentmindedly as she stood looking out over the meadow. Everything was calm and quiet. She suddenly leaped high into the air and came tumbling down onto the slope, rolling over and over until she reached the bottom. The deer, startled, raced off into the woods behind. Elise lay face down in the grass, her back moving quickly up and down as she breathed. She lay for a moment and then levered herself off the ground and onto her knees. She gazed at the dirty ground and then at her dress and body, neither of which bore any marks. A tear of frustration squeezed out of her dark eye and blotched in the dust.\n\n_Elise._\n\nA majestic, imperial voice echoed all around. Elise quickly wiped the tears from her eyes and stood up, clasping her hands behind her back. \u201cYes, Queen?\u201d\n\n_Elise, you are troubled. Why is this?_\n\n", "ficly_author_avatar_url": "http://cdn.ficly.com/icons/2978/avatar.jpg", "ficly_author_nickname": "Insert Pen Name Here", "ficly_story_int": 103, "ficly_author_url": "http://ficly.com/authors/insertpennamehere", "ficly_sequels": [{"ficly_sequel_int": 104, "ficly_sequel_title": "But I'm Not", "ficly_sequel_url": "http://ficly.com/stories/104"}], "ficly_story_title": "Frustration"}