{"ficly_prequels": [{"ficly_prequel_url": "http://ficly.com/stories/10626", "ficly_prequel_title": "Mother's Little Helper (1)", "ficly_prequel_int": 10626}], "ficly_story_url": "http://ficly.com/stories/10628", "ficly_story": "They had no clue that Betty\u2019s morning started before the dew collected on her family\u2019s perfectly manicured lawn. A half-full glass of water waited for Betty and her little helpers: A little orange pill that kept the monsters away, a white one that made her at ease in social situations, and a light blue pill to stop her heart from pounding wildly and her hands from shaking. She found the perfect combination to get her through her days.\n\nWhen things would get to her all she needed to do was take her yellow pill and go to sleep. It was what made her the ideal wife and mother, sitting in the medicine cabinet.\n\nBetty brushed her hair and smiled as she walked to the kitchen to make her family breakfast.   Perfect.\n\n", "ficly_author_avatar_url": "http://cdn.ficly.com/icons/1696/avatar.jpg", "ficly_author_nickname": "Raegan Dauterive", "ficly_story_int": 10628, "ficly_author_url": "http://ficly.com/authors/stfu_anddance", "ficly_sequels": [], "ficly_story_title": "Mother's Little Helper (2)"}