{"ficly_prequels": [{"ficly_prequel_url": "http://ficly.com/stories/10905", "ficly_prequel_title": "Questions of conveyance.", "ficly_prequel_int": 10905}], "ficly_story_url": "http://ficly.com/stories/10907", "ficly_story": "The pair heaved the case into the back of the truck and got in.\n\n\u201cSo, where to?\u201d Janus asked. Lauren thought for a moment. \u201cWell, the most paved road is that way\u2014 _she gestured to the south_ \u2014so that likely leads to a larger city.\u201d Janus nodded and turned onto the road.\n\n\u201cWell, that went much better than I expected.\u201d Janus remarked as they drove. \u201cYeah, I guess Carmen wont have to use the backup after all.\u201d Lauren agreed, \u201cunless we don\u2019t make it back in time.\u201d\n\nJanus smiled tightly, \u201cYeah\u2026we\u2019ll make it in time. You still got the cache on the inside of your jumpsuit, right?\u201d Lauren responded, \u201cYup, it\u2019s all there, nice and warm.\u201d\n\nThe sun crawled across the sky as they drove south on the one lane highway.\n\n", "ficly_author_avatar_url": "http://ficly.com/images/icons/avatar.jpg", "ficly_author_nickname": "Funtime Bobby", "ficly_story_int": 10907, "ficly_author_url": "http://ficly.com/authors/funtime_bobby", "ficly_sequels": [{"ficly_sequel_int": 10908, "ficly_sequel_title": "Questions of planning.", "ficly_sequel_url": "http://ficly.com/stories/10908"}], "ficly_story_title": "And awaaaay we go"}