{"ficly_prequels": [{"ficly_prequel_url": "http://ficly.com/stories/10682", "ficly_prequel_title": "Normal Girl By Day (III)", "ficly_prequel_int": 10682}], "ficly_story_url": "http://ficly.com/stories/10693", "ficly_story": "\u201cYeah, right,\u201d he says. I\u2019m holding my breath praying that he\u2019s joking or something, \u201cA hottie like you.\u201d I let out a sigh of relief and smile.\n\nI show him where the cafeteria , gym and most of his classes are during the span of those 45 minutes. The bell rings and he should head for his second period, so I walk him there just to be nice. Freaks me out too.\n\n\u201cWhen\u2019s your lunch?\u201d he asks on our way to his class.\n\n\u201cSame as yours.\u201d\n\n\u201cGreat, so then I can sit with you guys?\u201d\n\n\u201cSure?\u201d I say. I ask it like a question, but he seems to shrug it off. Seems familiar enough.\n\n\u201cThanks for helping me out,\u201d he says. I give him a weird look for the random thank-you, but remember to be nice.\n\n\u201cYou\u2019re welcome,\u201d I say plainly. Showing too much emotion may cause him to wonder if I\u2019m acting and if I\u2019m too mean, I may come off as the girl he knew from the club.\n\n\u201cWelcome enough to hang with you?\u201d\n\n\u201cThat didn\u2019t make any sense,\u201d Oops. Mean.\n\n\u201cI\u2019m asking to hang out. Wanna?\u201d\n\n_Bad idea, Stacie! Bad idea!_\n\n\u201cSure, um, why not?\u201d\n\n", "ficly_author_avatar_url": "http://cdn.ficly.com/icons/2392/avatar.jpg", "ficly_author_nickname": "Mr.Gabriel", "ficly_story_int": 10693, "ficly_author_url": "http://ficly.com/authors/mistergabriiel", "ficly_sequels": [{"ficly_sequel_int": 10728, "ficly_sequel_title": "Run Away (I)", "ficly_sequel_url": "http://ficly.com/stories/10728"}], "ficly_story_title": "Normal Girl By Day (IV)"}