{"ficly_prequels": [{"ficly_prequel_url": "http://ficly.com/stories/10151", "ficly_prequel_title": "The Chronomechs (2)", "ficly_prequel_int": 10151}], "ficly_story_url": "http://ficly.com/stories/10481", "ficly_story": "Pushing him forward the old man shouted, \u201cRun you fool\u2026Run!\u201d   Lucian stumbled through his shop, wooden counter-tops flashing past him as he ran for his life.   He could hear each hissing, thundering step of the Chronomech as it burst through the shop door. Stopping, Lucian turned to glimpse the old man standing valiantly before the machine. It was a long, thin brass contraption with legs and arms similar to an insect. It\u2019s head towered over the old man\u2019s outstretched hand, thin and daggerlike.   \u201cI command you to stop,\u201d the old man shouted as a cloud of steam enveloped him. With a grinding of gears the Chronomech reached down and gripped him in it\u2019s needle-thin fingers. Picking the old man up the machine lowered the tip of it\u2019s head to the old man\u2019s chest. Lucian stood still, rooted in horror as the old man began to age rapidly before his very eyes. When it was done, the machine held up the left over dried skin. Then, as it tossed the empty shell aside it turned it\u2019s head slowly in Lucian\u2019s direction.\n\n", "ficly_author_avatar_url": "http://cdn.ficly.com/icons/1768/avatar.jpg", "ficly_author_nickname": "Christopher Aylett", "ficly_story_int": 10481, "ficly_author_url": "http://ficly.com/authors/aylett", "ficly_sequels": [{"ficly_sequel_int": 10667, "ficly_sequel_title": "The Chronomechs (4)", "ficly_sequel_url": "http://ficly.com/stories/10667"}], "ficly_story_title": "The Chronomechs (3)"}