{"ficly_prequels": [{"ficly_prequel_url": "http://ficly.com/stories/10405", "ficly_prequel_title": "Moment of Happiness or Worry?", "ficly_prequel_int": 10405}], "ficly_story_url": "http://ficly.com/stories/10445", "ficly_story": "Worry sat down beside me legs crossed. Worry was just a cute little girl who was dressed in a casual shirt, shorts and sandals.\n\n\u201cI think she feels obligated to hang with us.\u201d Worry whispered\n\nI eyed Worry curiously.\n\n\u201cWhat do you mean Worry?\u201d\n\n\u201cWhat if, She feels she must meet you after school. The note she wrote us sounded kind of, kind of\u201d\n\n\u201cKind of what?\u201d\n\n\u201cSympathetic.\u201d Worry concluded quietly\n\nI froze. Happiness quickly disappeared. I re-read the note. It did kind of seem sympathetic. Uncertainty appeared next to me and laughed.\n\n\u201cYou honestly thought she\u201d Uncertainty said as he pointed to Emily \u201cWould even give us a chance?\u201d\n\nI felt my anger stirring. You CAN\u2019T get angry at Worry. But you can get mad at uncertainty, he\u2019s a real jerk.\n\n\u201cI think she would.\u201d I whispered evenly to myself\n\n\u201cWhat?\u201d\n\n\u201cI think she would.\u201d\n\nUncertainty muttered a curse and disappeared. Worry exited with him. Two hands fell on my shoulder. I looked around at them.\n\nIt was Fear and Confidence.\n\nA Stunning Combination.\n\n", "ficly_author_avatar_url": "http://cdn.ficly.com/icons/1017/avatar.jpg", "ficly_author_nickname": "The Silence [All By Myself] {LoA}", "ficly_story_int": 10445, "ficly_author_url": "http://ficly.com/authors/silentstorm", "ficly_sequels": [{"ficly_sequel_int": 10449, "ficly_sequel_title": "Pride's Back", "ficly_sequel_url": "http://ficly.com/stories/10449"}], "ficly_story_title": "Worry's Worries"}