{"ficly_prequels": [{"ficly_prequel_url": "http://ficly.com/stories/10187", "ficly_prequel_title": "The Diary of Three Friends", "ficly_prequel_int": 10187}], "ficly_story_url": "http://ficly.com/stories/10195", "ficly_story": "Dear Diary,   The Date Was amazing! We went to the movies to see paranormal activity. It wasen really that scary but, I was still with him! Andrew Michael Digregorio. One of the hottest guys in the school. In the theater he put this arm around me. I really think It going to last a long time!   Love,   _Dani_   I went Down stairs to my Driver, ready to go pick up Liz and Maddie.\n\n", "ficly_author_avatar_url": "http://cdn.ficly.com/icons/2213/avatar.jpg", "ficly_author_nickname": "\u2665I.Wont.Apologize.Pick.Me.........\u2665", "ficly_story_int": 10195, "ficly_author_url": "http://ficly.com/authors/bieberbabe24", "ficly_sequels": [{"ficly_sequel_int": 10201, "ficly_sequel_title": "Diary of Three Friends 3", "ficly_sequel_url": "http://ficly.com/stories/10201"}], "ficly_story_title": "The diary of two friends 2"}