{"ficly_prequels": [{"ficly_prequel_url": "http://ficly.com/stories/10747", "ficly_prequel_title": "A Regular Joe, Part Deux", "ficly_prequel_int": 10747}], "ficly_story_url": "http://ficly.com/stories/10832", "ficly_story": "By the time they had arrived at the doctor\u2019s, Jon was quite perturbed by the fact that this was as real as it was going to get. This was Paris, then? This was crazy. Looking at his \u2026 wife\u2019s? \u2026 stomach was reality enough that whoever he was right now was going to be a father. i.e., him. And the thought made him very queasy. But not as queasy as his wife/girlfriend/whatever looked.\n\n\u201cOh, I thought I was _over_ this morning sickness,\u201d she groaned as she rushed for the restrooms. A couple minutes later a young nurse came out. \u201cBeauford, Selene?\u201d Knowing exactly who she was calling, Jon raised his head from some dismal little ragazine and looked at the restrooms with a worried expression. \u201cShe is a little sick right now, but I\u2019m sure that she\u2019ll be out in a minute.\u201d The nurse nodded.\n\nAbout five minutes later she came out, looking a little pale. \u201cWell, time to go into ze doctor\u2019s, I guess.\u201d He slipped his hand in hers as they walked into the narrow hallway, and into the room of Doctor Mabelle.\n\n", "ficly_author_avatar_url": "http://cdn.ficly.com/icons/1845/avatar.jpg", "ficly_author_nickname": "Adrienne E. Darby", "ficly_story_int": 10832, "ficly_author_url": "http://ficly.com/authors/walktherain", "ficly_sequels": [], "ficly_story_title": "A Regular Joe, Part Three"}