{"ficly_prequels": [{"ficly_prequel_url": "http://ficly.com/stories/10890", "ficly_prequel_title": "Misnomer", "ficly_prequel_int": 10890}], "ficly_story_url": "http://ficly.com/stories/10892", "ficly_story": "\u201cNot Good\u201d Seth cursed under his breath. He quickly wrapped his wounded leg, years of practice taking control as he continued to glance out the window as three or four of The Laughing Man\u2019s \u201cfriends\u201d walked quickly down the street.\n\nHe car was safe, unassuming as it was, the cabin protected by reinforced kevlar and steel, and all the glass was bullet proof. He wasn\u2019t worried about them attacking him now, but if they pinned The Laughing Man\u2019s death on him, his contacts wouldn\u2019t be able to risk feeding him information anymore. Likely he would be betrayed and die alone in a gutter somewhere, the death ruled a suicide.\n\nHe ducked down low in the seat as they neared. He earnestly whispered a prayer with Saint Michael that they would not notice him or his car. It was unlikely that they would recognise it, but if they reported it someone who knew who he was, it would be over.\n\nKeeping his face covered, he slowly glanced up. They had entered the alley where The Laughing Man was.\n\nHe surreptitiously started his car.\n\n", "ficly_author_avatar_url": "http://ficly.com/images/icons/avatar.jpg", "ficly_author_nickname": "Funtime Bobby", "ficly_story_int": 10892, "ficly_author_url": "http://ficly.com/authors/funtime_bobby", "ficly_sequels": [{"ficly_sequel_int": 10896, "ficly_sequel_title": "The end of the desperado", "ficly_sequel_url": "http://ficly.com/stories/10896"}], "ficly_story_title": "Not Good"}