{"ficly_prequels": [{"ficly_prequel_url": "http://ficly.com/stories/10327", "ficly_prequel_title": "In the Shadows of Men (4)", "ficly_prequel_int": 10327}], "ficly_story_url": "http://ficly.com/stories/10341", "ficly_story": "At that moment, my Uncle and my cousin strode into the kitchen, without a glance at me or my Aunt and stared at the table. The room was silent for a moment but it was soon broken by my Uncle saying, \u201cAnd why isn\u2019t breakfast on the table Mary?\u201d\n\nMy Aunt quickly stood up and headed back to the cooking range and said, \u201cIt\u2019s Dana\u2019s first day today and she doesn\u2019t know what happens, so breakfast is a little delayed.\u201d\n\nAs she stirred a tthe eggs my Uncle said, \u201cAnd that\u2019s your excuse?\u201d he stood up and walked over to me. He crouched down as my Aunt had and said. \u201cThen shouldn\u2019t she be punished?\u201d My Aunt looked up in horror. \u201cShe hasn\u2019t done this before, give her a chance. She\u2019s only five!\u201d\n\nHere my cousin pitched in, \u201cWell I started working when I was four, mother, so why should she be any different.\u201d\n\nMy Uncle looked into my eyes and I noticed for the first time how much resentment he carried. I boldly stared back. he broke his gaze first and said. \u201cThis is the last time this will happen. Understood?\u201d\n\n", "ficly_author_avatar_url": "http://cdn.ficly.com/icons/2536/avatar.jpg", "ficly_author_nickname": "Jenni Summers", "ficly_story_int": 10341, "ficly_author_url": "http://ficly.com/authors/jennisummers", "ficly_sequels": [{"ficly_sequel_int": 10425, "ficly_sequel_title": "In the Shadows of Men (6)", "ficly_sequel_url": "http://ficly.com/stories/10425"}], "ficly_story_title": "In the Shadows of Men (5)"}