{"ficly_prequels": [{"ficly_prequel_url": "http://ficly.com/stories/10049", "ficly_prequel_title": "Taliban", "ficly_prequel_int": 10049}], "ficly_story_url": "http://ficly.com/stories/10106", "ficly_story": "We had taken position on the roof of a mosque, picking off the steady stream of corpses shambling out of the mountains. Making the transition between aiming center mass to headshots is tough. It goes against years of training. As a result, we were running low on ammunition.\n\n\u201cWe have a C-130 coming in with a daisy cutter,\u201d Captain Buckner yelled from near the radio, \u201cand there\u2019s a AC-130 coming in to cover our exfil.\u201d\n\n\u201cHow long?\u201d I yelled back, squeezing off rounds at corpses of Islam.\n\n\u201cTen mikes on the gunship!\u201d Buckner said. \u201cThe daisy cutter will be on standby in five mikes, we need to start heading for the ridge.\u201d\n\n\u201cShit, we\u2019ll be out of ammunition in ten mikes.\u201d Some of them were already pounding at the doors of the mosque. I took my last grenade from the pouch, popped the pin, and released the spoon for a cook off. I let it fall, timing it perfectly to explode about six feet off the ground. The explosion turned two ghoul skulls into smoking hamburger, but only peppered the rest with fragments.\n\n", "ficly_author_avatar_url": "http://cdn.ficly.com/icons/3041/avatar.jpg", "ficly_author_nickname": "Anonymuncule", "ficly_story_int": 10106, "ficly_author_url": "http://ficly.com/authors/shorthillbilly", "ficly_sequels": [{"ficly_sequel_int": 10121, "ficly_sequel_title": "The Briefing", "ficly_sequel_url": "http://ficly.com/stories/10121"}], "ficly_story_title": "Support Inbound."}