{"ficly_prequels": [{"ficly_prequel_url": "http://ficly.com/stories/10443", "ficly_prequel_title": "A Kiss", "ficly_prequel_int": 10443}], "ficly_story_url": "http://ficly.com/stories/10506", "ficly_story": "Jim and I staggered back to the farmhouse, laughing and brushing dirt and grass off our clothes. The morning had turned to afternoon when we weren\u2019t looking, and the house now held an ominous feeling that had not existed before. Jim didn\u2019t appear to notice, but I felt the hairs on the back of my neck rise in anticipation. Of what?\n\n\u201cShawna! Where have you been?\u201d My son\u2019s grandmother stood on the front porch looking stern and concerned. \u201cI thought that maybe now you\u2019re older, you wouldn\u2019t run off anymore. Good afternoon, Jim.\u201d She nodded in Jim\u2019s direction, and he nodded back with a strained smile.\n\nCouldn\u2019t she feel the tension in the air? \u201cWhere\u2019s Billy?\u201d My mother turned back to me as if about to answer, but I cut her off. \u201cCan you feel that? The tension? The anticipation?\u201d\n\nJim looked at me quizzically. \u201cHow did you know?\u201d   \u201cKnow what?\u201d   \u201cThat I felt that way.\u201d   I paused, confused. \u201cI didn\u2019t. I feel that way.\u201d\n\nThen Jim did a strange thing. He turned toward me and got down on one knee. \u201cWill you marry me?\u201d\n\n", "ficly_author_avatar_url": "http://cdn.ficly.com/icons/1976/avatar.jpg", "ficly_author_nickname": "Mackizme", "ficly_story_int": 10506, "ficly_author_url": "http://ficly.com/authors/mackizme", "ficly_sequels": [{"ficly_sequel_int": 10507, "ficly_sequel_title": "Hurt and Confusion", "ficly_sequel_url": "http://ficly.com/stories/10507"}], "ficly_story_title": "Anticipation"}