{"ficly_prequels": [{"ficly_prequel_url": "http://ficly.com/stories/10390", "ficly_prequel_title": "Becoming Sophia (38)", "ficly_prequel_int": 10390}], "ficly_story_url": "http://ficly.com/stories/10391", "ficly_story": "At last I could not run any longer and I hurried along through the woods, praying to any god that was listening that I would not die there in the gloom of the forest. Darkness settled around me and the air grew chilly. I rubbed my scantily clad arms, wishing I had had some sort of coat I could have brought with me.\n\nThe black sky above me seemed to stretch on forever, sprinkled with bright stars. There was nary a cloud to be seen and I was grateful for the light of the moon that guided my way. Twigs snapped under my feet and low hanging branches scraped at my arms. An owl hooted ominously nearby and the snow crunched beneath my steps. The cold bit into my bones as surely as the snow underfoot seeped through my shoes and wet my toes. I was sure I would get frostbite if I didn\u2019t find somewhere warm for the night. I stumbled onward, unable to go back. I crossed the river and the woods thinned out and I found myself back on a winding road. Chilled and shivering violently, I grew fainter and fainter.\n\n", "ficly_author_avatar_url": "http://cdn.ficly.com/icons/1292/avatar.jpg", "ficly_author_nickname": "K-Jellybean", "ficly_story_int": 10391, "ficly_author_url": "http://ficly.com/authors/sophia_dsoleil", "ficly_sequels": [{"ficly_sequel_int": 10392, "ficly_sequel_title": "Becoming Sophia (40)", "ficly_sequel_url": "http://ficly.com/stories/10392"}], "ficly_story_title": "Becoming Sophia (39)"}