{"ficly_prequels": [{"ficly_prequel_url": "http://ficly.com/stories/10322", "ficly_prequel_title": "Two Nights After the First Day", "ficly_prequel_int": 10322}], "ficly_story_url": "http://ficly.com/stories/10929", "ficly_story": "Kelsey glanced over at her husband who was still glued to the TV.   \u201cHello?\u201d she asked into her phone.   \u201cOh my gah, Kels I am so glad I got you! Look, I\u2019m stuck at the 27 Club and everyone bailed on me and this little kid is following me around. Feel like saving me?\u201d her friend Ashlee pleaded.   \u201cNo problem,\u201d Kelsey replied. It\u2019s not like she\u2019d be missing much at home anyway.\n\nKelsey got into her car, the lights passing her in a blur as she listened to her husband\u2019s band\u2019s CD. She couldn\u2019t help feeling like she was living an out of body experience, an out of body existence.\n\nShe pulled up to the 27 Club and saw Ashlee immediately. \u201cThank you!\u201d she shrieked to Kelsey before asking her for money for a cab. Just as Ashlee took the money from Kelsey, her eyes widened and her body stiffened.   \u201cOh shit,\u201d Ashlee said, \u201cDon\u2019t look. That kid has been following me all night, trying to get in my pants.\u201d   Kelsey looked, and then looked again.   \u201cJesse,\u201d Kelsey said.   \u201cYou know that creep?\u201d   \u201cI\u2019m his teacher,\u201d Kelsey said.\n\n", "ficly_author_avatar_url": "http://cdn.ficly.com/icons/1696/avatar.jpg", "ficly_author_nickname": "Raegan Dauterive", "ficly_story_int": 10929, "ficly_author_url": "http://ficly.com/authors/stfu_anddance", "ficly_sequels": [{"ficly_sequel_int": 10977, "ficly_sequel_title": "I've Got a Bad Feeling About This (2)", "ficly_sequel_url": "http://ficly.com/stories/10977"}], "ficly_story_title": "I've Got a Bad Feeling About This (1)"}