{"ficly_prequels": [{"ficly_prequel_url": "http://ficly.com/stories/10506", "ficly_prequel_title": "Anticipation", "ficly_prequel_int": 10506}], "ficly_story_url": "http://ficly.com/stories/10507", "ficly_story": "\u201cNo, Jim, I mean\u2026 not _no,_ but that\u2019s not what I meant. I mean, I\u2019m scared, Jim.\u201d I couldn\u2019t find the right words to explain the depth of this confusion, this feeling.\n\n\u201cI\u2019m scared, too, Shawna, but I\u2019m also excited. I love you, Shawna. And Billy. You know that!\u201d Out of his pocket he pulled a ring, and presented it to me, smiling.\u201cThis is for you, should you accept me.\u201d\n\n\u201cOh, Jim. Please stand up. Not now, not now\u2026 oh god. Oh god. That\u2019s not what I meant. I\u2019m scared for Billy! I feel as though I\u2019m on the brink of a tragedy\u2026 the air is\u2026mocking me.\u201d I closed his fingers around the ring and tugged on his arm for him to stand up. His eyes showed hurt.\n\n\u201cMarrying me is a tragedy? I didn\u2019t know I was that bad\u2026 I never wanted\u2026\u201d He stood up suddenly. \u201cI thought you liked my teasing. I thought you liked _me._ Loved me, even. Was I wrong?\u201d\n\n\u201cOh Jim. This isn\u2019t about you. It\u2019s about me worrying for Billy.\u201d I turned back to my mother, who was still on the porch. \u201cWhere is he, Mom?\u201d She didn\u2019t answer.\n\n", "ficly_author_avatar_url": "http://cdn.ficly.com/icons/1976/avatar.jpg", "ficly_author_nickname": "Mackizme", "ficly_story_int": 10507, "ficly_author_url": "http://ficly.com/authors/mackizme", "ficly_sequels": [], "ficly_story_title": "Hurt and Confusion"}