{"ficly_prequels": [{"ficly_prequel_url": "http://ficly.com/stories/10844", "ficly_prequel_title": "Dog", "ficly_prequel_int": 10844}], "ficly_story_url": "http://ficly.com/stories/10845", "ficly_story": "They tried to get pregnant for a few months, but it never seemed to work out, so in the intern they decided to get a cat. The lady at the cat store had wrinkles like riverbeds in her cheeks. She told them she could smell a cat lover a mile away.   She bounced through the cat store, pointing at different cats as they caught her eye. That one, That one, she said. I want that one. Look at the fur! Look at the way it licks its paw! Look at how long its whiskers are! No, I don\u2019t want to just choose one, we have to choose one! They couldn\u2019t decide who should decide what cat they should buy. They asked the lady with the riverbed cheeks what she thought.   I think you should get the cat with that special something, she said. You\u2019ll know what I mean.   I think we should get a dog, he said.   They decided on an affectionate cat with cow eyes and farmcat fur. They named him Jackson, after the singer. The third night after they got him they had to take him back because he meowed so bad. They decided on a dog instead.\n\n", "ficly_author_avatar_url": "http://cdn.ficly.com/icons/1858/avatar.jpg", "ficly_author_nickname": "T. N. Ted", "ficly_story_int": 10845, "ficly_author_url": "http://ficly.com/authors/tnkted", "ficly_sequels": [], "ficly_story_title": "Dog Pt. 2"}