{"ficly_prequels": [{"ficly_prequel_url": "http://ficly.com/stories/1014", "ficly_prequel_title": "It walks", "ficly_prequel_int": 1014}], "ficly_story_url": "http://ficly.com/stories/1015", "ficly_story": "The hellish creature stood before the undead gentleman, primed for a supernatural battle they were too preocupied to notice the third monstrosity.\n\n", "ficly_author_avatar_url": "http://ficly.com/images/icons/avatar.jpg", "ficly_author_nickname": "Spectrum", "ficly_story_int": 1015, "ficly_author_url": "http://ficly.com/authors/ryan", "ficly_sequels": [{"ficly_sequel_int": 1075, "ficly_sequel_title": "Into View", "ficly_sequel_url": "http://ficly.com/stories/1075"}], "ficly_story_title": "Battle of the Beasts"}