{"ficly_prequels": [], "ficly_story_url": "http://ficly.com/stories/10529", "ficly_story": "He said:   I want a barrier   To divide Different people   Who stood side by side.\n\nI want hypocrisy   And constant war.   Common sense   I want to ignore.\n\nI want exploitation,   My voice to be heard   And to spread disease   Throughout the World.\n\nI want riches,   \u201cIt\u2019s god\u2019s word,\u201d i\u2019ll cry.   While millions of people Fall down. And die.\n\n", "ficly_author_avatar_url": "http://cdn.ficly.com/icons/1733/avatar.jpg", "ficly_author_nickname": "The Athiest", "ficly_story_int": 10529, "ficly_author_url": "http://ficly.com/authors/elderlyons", "ficly_sequels": [{"ficly_sequel_int": 13187, "ficly_sequel_title": "An Offering", "ficly_sequel_url": "http://ficly.com/stories/13187"}], "ficly_story_title": "&quot;The Guy Who Invented Religion&quot;"}