{"ficly_prequels": [{"ficly_prequel_url": "http://ficly.com/stories/10891", "ficly_prequel_title": "Freed and Forked", "ficly_prequel_int": 10891}], "ficly_story_url": "http://ficly.com/stories/10893", "ficly_story": "The client stood, something it appeared he hadn\u2019t done in years, and ordered all of his servants out of the room with a wave of his hand. \u201cSo. You have arrived. Was your trip a pleasant one?\u201d   Lauren rubbed the swollen knot on her head. \u201cWell, there\u2019s a difference between a crate on a ship and a first class flight, but we\u2019re still alive. Could be worse.\u201d   The client answered with a short, booming laugh. Up close, Lauren could see that he was not a tall man, perhaps five foot six at most. Hell, she was taller than the client was. \u201cYou are, you are, that is good, that is good.\u201d   Janus noticed, oddly, that the client\u2019s Russian accent became thicker when he was happy, and remarked on this to Lauren, who turned and whispered, \"We\u2019re here. We\u2019ve gotten this far. We are this damn close. And you\u2019re worried about his fucking accent? Instead of being, perhaps, worried about- \" She stopped abruptly into silence as she saw the client\u2019s curious stare. She couldn\u2019t help but glance above him, to the head mounted on the wall.\n\n", "ficly_author_avatar_url": "http://ficly.com/images/icons/avatar.jpg", "ficly_author_nickname": "Phoenix", "ficly_story_int": 10893, "ficly_author_url": "http://ficly.com/authors/phoenixv07", "ficly_sequels": [{"ficly_sequel_int": 10899, "ficly_sequel_title": "Getting ahead", "ficly_sequel_url": "http://ficly.com/stories/10899"}], "ficly_story_title": "Questions of vocal cords."}