{"ficly_prequels": [], "ficly_story_url": "http://ficly.com/stories/10869", "ficly_story": "\u201cAre we still in the crate?\u201d Janus groaned. It was dark and the stale air had an acrid taste in Janus\u2019s mouth. \u201cI\u2019m not sure\u2014 _thud_ \u2014OW, yes, we\u2019re still in the crate.\u201d Lauren replied. Janus cringed as Lauren hit the top of the crate. \u201cWell, that woke me up.\u201d\n\n", "ficly_author_avatar_url": "http://ficly.com/images/icons/avatar.jpg", "ficly_author_nickname": "Funtime Bobby", "ficly_story_int": 10869, "ficly_author_url": "http://ficly.com/authors/funtime_bobby", "ficly_sequels": [{"ficly_sequel_int": 10871, "ficly_sequel_title": "Questions of density.", "ficly_sequel_url": "http://ficly.com/stories/10871"}], "ficly_story_title": "Still in the crate"}