{"ficly_prequels": [], "ficly_story_url": "http://ficly.com/stories/10751", "ficly_story": "On November 1st she grabs her plastic hair bonnet. It is raining outside, but it is All Saints Day and she must make it to 6:30 morning mass. She shuffles across the bedroom floor and delicately grasps the rosary her son made in elementary school under the watchful eyes of the Dominican Sisters.\n\nThe next morning the rain has given way to sunshine. She smiles and combs her white hair. She glances at the pictures on the wall. Some have her crowned in salt and pepper locks. Some show her jet-black hair. She celebrates All Souls Day by visiting the graves of both her husbands, and both of her sons.\n\nNovember 7th she has cake and ice cream at her great-grandson\u2019s 12th birthday party. She tells the older boys that at 22 and 26 they should think about settling down and having a family. She\u2019s 90 and she knows these things.\n\nNovember is busy. Tom died on the 11th. Laurie was born on the 16th. Her anniversary with George was the 22nd. And who can keep track of Thanksgiving, skipping all over the place?\n\n", "ficly_author_avatar_url": "http://cdn.ficly.com/icons/3458/avatar.jpg", "ficly_author_nickname": "stargazer1960", "ficly_story_int": 10751, "ficly_author_url": "http://ficly.com/authors/stargazer1960", "ficly_sequels": [{"ficly_sequel_int": 10753, "ficly_sequel_title": "A Time For Every Purpose Under Heaven", "ficly_sequel_url": "http://ficly.com/stories/10753"}], "ficly_story_title": "A Time To Be Born . . . A Time to Die"}