{"ficly_prequels": [{"ficly_prequel_url": "http://ficly.com/stories/10388", "ficly_prequel_title": "It's Already Too Late", "ficly_prequel_int": 10388}], "ficly_story_url": "http://ficly.com/stories/10404", "ficly_story": "Needing To Live   Wanting To Die   I don\u2019t remember why I try\n\nGive me a reason   To continue this season   I see no hope right now\n\nI see nothing   I don\u2019t want to play   Russian Roulette\n\nTake me   Or leave me   But please, don\u2019t bleed me\n\nAfter you\u2019re stabbed so many times   In the same place   There isn\u2019t any blood   Left to waste\n\n", "ficly_author_avatar_url": "http://cdn.ficly.com/icons/24/amj.jpg", "ficly_author_nickname": "Lone Writer", "ficly_story_int": 10404, "ficly_author_url": "http://ficly.com/authors/lonewriter", "ficly_sequels": [{"ficly_sequel_int": 10450, "ficly_sequel_title": "She Wanders Lost", "ficly_sequel_url": "http://ficly.com/stories/10450"}], "ficly_story_title": "Needing To Live, Wanting To Die"}