{"ficly_prequels": [{"ficly_prequel_url": "http://ficly.com/stories/10696", "ficly_prequel_title": "The Object Of Love Part II", "ficly_prequel_int": 10696}], "ficly_story_url": "http://ficly.com/stories/10697", "ficly_story": "\u201cIt\u2019s simple Lane, we share a bound so deeply inside and I can\u2019t sit there and look upon you as an object or entertainer for my needs I guess you can say am too much in love with you.\u201d\n\nLane had nothing more to say.   James said his peace, Lane found her answer.\n\nJames and Lane sat there licking the tops off their ice creams, pointing out the newest fad of clothing. Making fun of people\u2019s personality: wasting away their Saturday waiting for a new day to come.\n\n", "ficly_author_avatar_url": "http://cdn.ficly.com/icons/206/avatar.jpg", "ficly_author_nickname": "Francis James", "ficly_story_int": 10697, "ficly_author_url": "http://ficly.com/authors/phantom", "ficly_sequels": [], "ficly_story_title": "The Object Of Love Part III"}