{"ficly_prequels": [], "ficly_story_url": "http://ficly.com/stories/10377", "ficly_story": "The first thing I saw when I awoke was her shirt, slung over the old Saarinen Tulip I use as a desk chair. The \u201cVIXEN\u201d lettering was appropriate.\n\n\u201cYou know, I was going to make you breakfast in bed today, but I\u2019d rather keep you around for a while,\u201d she chuckled, and I turned over. Where the purple- haired woman was last night lay an entirely different kind of fox, this one the size of a tiger and bearing four legs, three tails, and black and silver fur, but the same red eyes.\n\n\u201cGirl troubles?\u201d she had asked as she sat down across from me at the karaoke bar table. I\u2019d just attempted \u201cRound Here\u201d by Counting Crows. I did better than I thought, judging by her response to my reply.\n\n\u201cFor those you have to have had a girl.\u201d\n\n\u201cCan\u2019t imagine why you wouldn\u2019t,\u201d she said, \u201cYou\u2019re actually a pretty good singer, and not bad looking, to boot.\u201d\n\n\u201cHeh, and now you\u2019re just lying. Name\u2019s Brandon McMay, what\u2019s yours?\u201d I asked.\n\nShe smirked. \u201cCall me Maria.\u201d\n\n\u201cChicago\u2019s pretty far from Nashville.\u201d\n\n\u201cNashville\u2019s overrated.\u201d\n\n", "ficly_author_avatar_url": "http://cdn.ficly.com/icons/2375/avatar.jpg", "ficly_author_nickname": "Firefox", "ficly_story_int": 10377, "ficly_author_url": "http://ficly.com/authors/vyzr", "ficly_sequels": [{"ficly_sequel_int": 17307, "ficly_sequel_title": "She Moves In Mysterious Ways", "ficly_sequel_url": "http://ficly.com/stories/17307"}], "ficly_story_title": "We Always Stand Up Straight"}