{"ficly_prequels": [{"ficly_prequel_url": "http://ficly.com/stories/9672", "ficly_prequel_title": "So a duck and a platypus walk into a bar...", "ficly_prequel_int": 9672}], "ficly_story_url": "http://ficly.com/stories/10127", "ficly_story": "The fools! They were so sure of their victory, so sure they had defeated the mighty Pumpkin Lord. Death was merely a setback for a being such as itself. Halloween marked his return to the realm of mortals and with his full strength restored, the night would see blood. The Duck and the Platypus would see the true face of the Pumpkin Lord. They would know terror, they would know evil, and soon after, they would know death. And he\u2019d make a goddamned pot of soup out of _their_ remains, just so they could know what it felt like. The bastards.\n\n\u201cHey! Happy Halloween, everyone. We\u2019ve gone out of state to visit some friends, but we should be should be back by tuesday. Help yourself to the bowl of candy on the porch.\n\n-Duck, Platypus.\"\n\nWith a mighty roar, the Pumpkin Lord made known his rage. Bad timing may have ruined his plans this year, but Halloween was eternal. He would return again and again until vengeance was finally hi- Oh hell yes, they left Twizzlers!\n\nThe Pumpkin Lord loved Twizzlers.\n\n", "ficly_author_avatar_url": "http://cdn.ficly.com/icons/1365/avatar.jpg", "ficly_author_nickname": "Silven", "ficly_story_int": 10127, "ficly_author_url": "http://ficly.com/authors/silven", "ficly_sequels": [{"ficly_sequel_int": 11093, "ficly_sequel_title": "Do what's due of you. No more.", "ficly_sequel_url": "http://ficly.com/stories/11093"}], "ficly_story_title": "Return of the Pumpkin Lord, episode 1, part 3, chapter 6"}