{"ficly_prequels": [], "ficly_story_url": "http://ficly.com/stories/1007", "ficly_story": "_Listen, whomever you may be. This is a tale, not necessarily unconventional or boundary breaking, but unusual in it\u2019s own right. This is how it all began\u2026_\n\nOnce upon a time, in a faraway land, though not necessarily as far as you might think, there was a young maiden.\n\n_What do you mean that was predictable? Of course it was predictable! This is a fairytale! Did you expect anything else? I didn\u2019t think so. Moving on\u2026_\n\nThis young maiden was the envy of all of her fellow maidens that inhabited the small village in the enchanted forest. Her flawless golden, curly, waist- length hair alone was enough to put a little green envy in a female\u2019s eyes. Add to that her shapely form, skin of a perfect complexion, shining and enrapturing eyes, and lovely singing voice and her fellow maidens started to look like the Hulk every time she passed by.\n\n_Yes, I know the Hulk didn\u2019t exist back then! No, I don\u2019t care that my story isn\u2019t historically accurate! Just be quiet and listen! As I was saying\u2026_\n\n", "ficly_author_avatar_url": "http://cdn.ficly.com/icons/1286/avatar.jpg", "ficly_author_nickname": "OrangeOreos (LoA)", "ficly_story_int": 1007, "ficly_author_url": "http://ficly.com/authors/orangeoreos", "ficly_sequels": [{"ficly_sequel_int": 1008, "ficly_sequel_title": "A Most Unusual Maiden", "ficly_sequel_url": "http://ficly.com/stories/1008"}], "ficly_story_title": "A Most Usual Fairytale"}