{"ficly_prequels": [{"ficly_prequel_url": "http://ficly.com/stories/10033", "ficly_prequel_title": "Survivors!", "ficly_prequel_int": 10033}], "ficly_story_url": "http://ficly.com/stories/10630", "ficly_story": "The ragged looking survivors stood around Vlad and the teens in a semi-circle, their weapons aimed unflinchingly at the newcomers\u2019 heads. \u201cWe\u2019re not kidding,\u201d snapped a short woman in a bloodstained Seabrook High PTA t-shirt. \u201cBlondie, come with me and the girls. The guys will strip and search the rest of you.\u201d\n\nBeth stepped forward, and the woman grabbed her arm roughly, half dragging her around a corner and behind a partition. The two other female survivors obediently peeled off from the rest of the group and followed, leaving Simon, Jay and Vlad alone with five unsmiling, heavily armed men.\n\nThe tallest and broadest of them suddenly narrowed his eyes, having caught sight of Simon\u2019s bloody arm. \u201cIs _that_ what I think it is, kid?\u201d he growled, staring down the gun barrel into Simon\u2019s face.\n\n\u201cUh, this? N-no, no, I just \u2014 it was an accident,\u201d Simon stammered. But before he knew it, two of the other men had pinned him to the ground. Now the big man had a knife in his hand.\n\n\u201cWe have to be sure,\u201d he snarled.\n\n", "ficly_author_avatar_url": "http://cdn.ficly.com/icons/1302/avatar.jpg", "ficly_author_nickname": "Aurelia", "ficly_story_int": 10630, "ficly_author_url": "http://ficly.com/authors/aurelia", "ficly_sequels": [], "ficly_story_title": "Inside the Armory"}