{"ficly_prequels": [{"ficly_prequel_url": "http://ficly.com/stories/7343", "ficly_prequel_title": "Generally and Succinctly Summed Up", "ficly_prequel_int": 7343}], "ficly_story_url": "http://ficly.com/stories/10505", "ficly_story": "Universe ends   Big Bang comes   New Universe made   New Planet Made   New Country made   Invincible Socrates born   Socrates philosophizes   ect. ect. ect. ect.\n\n", "ficly_author_avatar_url": "http://ficly.com/images/icons/avatar.jpg", "ficly_author_nickname": "The Note Writer", "ficly_story_int": 10505, "ficly_author_url": "http://ficly.com/authors/note-writer", "ficly_sequels": [], "ficly_story_title": "Even Later...."}