{"ficly_prequels": [{"ficly_prequel_url": "http://ficly.com/stories/6341", "ficly_prequel_title": "Harden My Heart", "ficly_prequel_int": 6341}], "ficly_story_url": "http://ficly.com/stories/10141", "ficly_story": "Of course timing had the ability to be oh so coincedental. I heard the sound of the garage door opening but made no plans on making any movements. As the roar of the motorcycle died I remained standing in the same position, knife still in my left hand, blood still dripping to the floor.\n\nThe door opened, and hell broke loose. Jan screamed from the sight and then collasped to the floor, and once my dad saw me and what happened to Jan, he screamed\u2026but for different reasons, \u201cYou stupid piece of shit. Do you see what you\u2019ve done?\u201d He acknowledge the fainted form of Jan, \u201cAnd look at all the blood you got on the floor,\u201d He approached me and ripped the knife out of my hand, \u201cNow clean it up.\u201d\n\nI did nothing of the sort, and instead looked up into his cold eyes, \u201cDidn\u2019t you hear me? I said clean it up!\u201d And he slammed me in the gut, making me double over, and shoved my face into the floor, into my blood.\n\nAnd, without crying a single tear, I cleaned my blood up.\n\nAnd so the physical beatings begun.\n\n", "ficly_author_avatar_url": "http://cdn.ficly.com/icons/1493/avatar.jpg", "ficly_author_nickname": "Nymphaea Rose", "ficly_story_int": 10141, "ficly_author_url": "http://ficly.com/authors/nymphaearose", "ficly_sequels": [{"ficly_sequel_int": 10142, "ficly_sequel_title": "Good Riddance", "ficly_sequel_url": "http://ficly.com/stories/10142"}], "ficly_story_title": "Shattered"}