{"ficly_prequels": [], "ficly_story_url": "http://ficly.com/stories/10256", "ficly_story": "\u201cToday, students,\u201d the professor said, \u201cwe turn our attention to the large transparent globe that has been placed on stage.\u201d\n\nA curtain opened to reveal just exactly that. A perfect sphere, light-blocked on all planes except that observable from the gallery floated seemingly unsupported and motionless before the observers.\n\n\u201cAs already discussed,\u201d he continued, \u201ca nanoparticle of element 300 has been magnetically suspended at the exact center of the sphere.\u201d\n\nHe shuffled his notes. \u201cIf you will be so kind as to put on your glasses.\u201d\n\nA rustling of movement ensued.\n\nHe glanced around to assure compliance. \u201cToday, we begin phase one of two phases; expansion. Nuclear detonation on a nanoparticle level is, of course, not dangerous. The particle will explode and expand to 91 percent of allocated space, while contained within the sphere. We will electronically and microscopically observe the process as it is ongoing.\u201d\n\n\u201cIf you are quite ready, we shall begin.\u201d\n\nHe pressed the remote and said, \u201cLet there be light.\u201d\n\n", "ficly_author_avatar_url": "http://cdn.ficly.com/icons/1790/avatar.jpg", "ficly_author_nickname": "Bob Liddil", "ficly_story_int": 10256, "ficly_author_url": "http://ficly.com/authors/bliddil", "ficly_sequels": [{"ficly_sequel_int": 10257, "ficly_sequel_title": "Ongoing Lesson", "ficly_sequel_url": "http://ficly.com/stories/10257"}], "ficly_story_title": "Applied Physics"}