{"ficly_prequels": [{"ficly_prequel_url": "http://ficly.com/stories/10825", "ficly_prequel_title": "Working Up to It", "ficly_prequel_int": 10825}], "ficly_story_url": "http://ficly.com/stories/11029", "ficly_story": "The club was a mess. Hired guns, entourage wannabe\u2019s, and assorted cousins lay strewn about the dirty floor. Half the lights in the place were shot out, leaving only a few florescent lights to cast the scene in a sickly blue. Dino sat as far back in his VIP booth as he could, mustering every ounce of his machismo and bravado not to piss his pants.\n\nMicah wasn\u2019t talking, so Dino offered, \u201cWhat, no congratulations?\u201d\n\n\u201cOne thing,\u201d Micah shot back, \u201cOne thing I asked of you when I left town, left to make room for you, to let you be your own man. I asked one thing: leave Sadie alone.\u201d\n\n\u201cSo?\u2019\n\n\u201cSo, you\u2019re marrying her tomorrow!\u201d\n\nDino smirked and took a sip of his over-priced cognac, \u201cYou act all high and mighty, her knight protector. Really you\u2019re just pissed that you\u2019re not gonna be the one to bed her.\u201d\n\nHe might have been right. There might have been a lot of things to discuss at this point. The only thing that mattered to Micah at this point though was that Dino had to die.\n\n", "ficly_author_avatar_url": "http://cdn.ficly.com/icons/29/AHFL_icon.JPG", "ficly_author_nickname": "THX 0477", "ficly_story_int": 11029, "ficly_author_url": "http://ficly.com/authors/thx0477", "ficly_sequels": [], "ficly_story_title": "What Really Matters"}