{"ficly_prequels": [], "ficly_story_url": "http://ficly.com/stories/10700", "ficly_story": "\u201cGeneral, we\u2019re coming out of hyper-space.\u201d   The general, a tall dark haired experienced military man, stood in the control room staring out the 6 inch think reinforced glass into complete emptiness. Space, they had come out of hipper space. Everyone in the control room saw exactly what the General saw. Space junk was covering most of the view of the planet, but the general was more concerned with what the debris used to be.   \u201cShields up! Markus, hail the planet!\u201d the general commanded, \"Mr. Kurr get us closer to the planet. \"   \u201cEy\u2019ey Captian,\u201d answered Mr. Kurr.   \u201cSir I cannot get anyone on the com. There\u2019s too much interference!\u201d   The General simply stared out the reinforced window as the ship navigated its way out of the space junk cluster. The red planet showed itself finally but so did something else. The ships alarm began to go of, it was a red alert.   \u201cGerneral,\u201d Jackson yelled over the alarm, \u201cwe have an enemy cruiser off the starboard side!\u201d   \u201cWeapons are primed General!\u201d said the chief weapons officer.\n\n", "ficly_author_avatar_url": "http://cdn.ficly.com/icons/1832/avatar.jpg", "ficly_author_nickname": "S. D. Foster", "ficly_story_int": 10700, "ficly_author_url": "http://ficly.com/authors/scottb", "ficly_sequels": [{"ficly_sequel_int": 11161, "ficly_sequel_title": "J Space (2)", "ficly_sequel_url": "http://ficly.com/stories/11161"}], "ficly_story_title": "J Space"}