{"ficly_prequels": [{"ficly_prequel_url": "http://ficly.com/stories/10497", "ficly_prequel_title": "Whispered discussions", "ficly_prequel_int": 10497}], "ficly_story_url": "http://ficly.com/stories/10510", "ficly_story": "George quickly signalled for a taxi to come pick them up. He told the driver the address but Zoe didn\u2019t hear properly. It was probably an effect of the drink she assumed. Once they were driving Zoe looked out of the window. For a minute they said and did nothing.\n\nThen without warning, George rested his hand on her leg. She looked at him, he was smiling so she smiled back. His hand moved further up, before resting almost at the top of her thigh. He leant over and whispered in her ear, \u201cWe\u2019re going to have some fun, right?\u201d Zoe nodded.\n\nShe thought about the get together George was having, wondering how many people would be there when they arrived. His arm wrapped around her waist, the hand resting on the other leg.\n\nThe car slowed down, George payed the driver and the pair of them got out of the taxi. George steered her towards his house. A couple of lights shone from the front window and the pair of them walked into the house\n\n", "ficly_author_avatar_url": "http://cdn.ficly.com/icons/2536/avatar.jpg", "ficly_author_nickname": "Jenni Summers", "ficly_story_int": 10510, "ficly_author_url": "http://ficly.com/authors/jennisummers", "ficly_sequels": [{"ficly_sequel_int": 10517, "ficly_sequel_title": "A sight to behold", "ficly_sequel_url": "http://ficly.com/stories/10517"}], "ficly_story_title": "A journey of discovery"}