{"ficly_prequels": [], "ficly_story_url": "http://ficly.com/stories/10351", "ficly_story": "Foot falls again, and   The car speeds up.\n\nCold, dark night.\n\nI see his blurred outline   On this highway horizon.\n\nI sense his fear.\n\nHe runs faster, but   He is no match for me.\n\nOutsmarted again.\n\nFumble for my tool,   The one I mean to use.\n\nCold, black, and merciless.\n\nMy foot falls again, and   His form moves quickly closer.\n\n_I am going to kill you._\n\n", "ficly_author_avatar_url": "http://cdn.ficly.com/icons/1976/avatar.jpg", "ficly_author_nickname": "Mackizme", "ficly_story_int": 10351, "ficly_author_url": "http://ficly.com/authors/mackizme", "ficly_sequels": [{"ficly_sequel_int": 10226, "ficly_sequel_title": "Sweating Bullets", "ficly_sequel_url": "http://ficly.com/stories/10226"}], "ficly_story_title": "Lead Foot"}