{"ficly_prequels": [{"ficly_prequel_url": "http://ficly.com/stories/10622", "ficly_prequel_title": "He Friend Requested Me", "ficly_prequel_int": 10622}], "ficly_story_url": "http://ficly.com/stories/10650", "ficly_story": "\u201cWe talked for two hours Sandra!\u201d Ami screeched as they talked on the phone.   \u201cNo way!\u201d She squeeled on the other line. \u201cSo what did you talk about?\u201d   Ami thought about it and finally said, \u201cMusic. nothing but music.\u201d Ami smiled as she replayed the conversation in her head. She fell on to her red oak bed and blood red comforter and smiled a sigh. \u201cThat\u2019s amazing Ami. I think you founud your soul mate.\u201d Sandra said seriously. \u201cI know I can\u2019t believe it now only if we could hang out he\u2019s busy every weekend.\u201d Ami blushed as Sandra announced that Ami had found her soulmate.   As they walked into French class they chatted about hudson some more.   Hudson sat on the tour bus thinking about the girl he talked to the night before.   \u201cDude! Focus.\u201d Andrew yelled at him chucking a pillow at his face. \u201cGrab your bass and get ready to practice.\u201d Hudson shook his head and grabbed his Fender Jazz. He smiled as their conversation played through his head\u2026\n\n", "ficly_author_avatar_url": "http://cdn.ficly.com/icons/2879/avatar.jpg", "ficly_author_nickname": "Gothling(tm)", "ficly_story_int": 10650, "ficly_author_url": "http://ficly.com/authors/sierarabandnerd", "ficly_sequels": [], "ficly_story_title": "Soul Mate?"}