{"ficly_prequels": [{"ficly_prequel_url": "http://ficly.com/stories/10546", "ficly_prequel_title": "The Confessions of a Teenage Prostitute", "ficly_prequel_int": 10546}], "ficly_story_url": "http://ficly.com/stories/10547", "ficly_story": "\u201cReady to seduce?\u201d Mesmerizing Mary says to me as she applies her makeup. If you were to go behind the scenes of the famous club Majesty you\u2019d see it\u2019s just like the ones in the plays. You know, the big mirrors, tons of light bulbs around them, your own name on your own chairs, and the tons of makeup accessibility.\n\n\u201cAren\u2019t I always?\u201d I say. I pull up my fishnet panties and put on my black stilettos, and smile into the mirror. My eyes are especially green tonight, which could possibly make my seductive dance better than ever and that may get me extra money tonight. The other girls have come back which means I\u2019m next to be introduced. Only special dancers are introduced and in my short time here, I\u2019ve made it that high.\n\n\u201cNow, for Seductive Stacie!\u201d the manager yells as I walk into the bright lights. I keep my breathing controlled, needing every bit of it for my dance. I walk to my pole and eye one specific guy who seems to be a little young to be here. He gives me a slight smile.\n\nPerfect, my first customer.\n\n", "ficly_author_avatar_url": "http://cdn.ficly.com/icons/2392/avatar.jpg", "ficly_author_nickname": "Mr.Gabriel", "ficly_story_int": 10547, "ficly_author_url": "http://ficly.com/authors/mistergabriiel", "ficly_sequels": [{"ficly_sequel_int": 10560, "ficly_sequel_title": "After Hours (I)", "ficly_sequel_url": "http://ficly.com/stories/10560"}], "ficly_story_title": "Time to Seduce"}