{"ficly_prequels": [{"ficly_prequel_url": "http://ficly.com/stories/9093", "ficly_prequel_title": "big words", "ficly_prequel_int": 9093}], "ficly_story_url": "http://ficly.com/stories/10345", "ficly_story": "You stupid being! You deserve to be hanged!   You weak and foolish person!   You king of deception!   You pluck at my mind like a dust-covered katzenklavier!   When I first saw I knew you were worthless,   The loudness of your voice, your hedgehod-like blindness\u2026   My life is an attempt to scientifically study love.   I feel like a dumpster diver, salvaging the marvelous leftovers from your rude and rough play.   What a terrible social climber!   Using abuse of authority to get to the top\u2026   I remember, the day before yesterday we were friends.   The midnight dystopia that once was   Paradise.\n\n", "ficly_author_avatar_url": "http://cdn.ficly.com/icons/3748/avatar.jpg", "ficly_author_nickname": "fish", "ficly_story_int": 10345, "ficly_author_url": "http://ficly.com/authors/mistafeesh", "ficly_sequels": [], "ficly_story_title": "Translated"}