{"ficly_prequels": [], "ficly_story_url": "http://ficly.com/stories/1074", "ficly_story": "Drawing on my parka, I glanced out the office window at the thermometer. Twenty eight degrees. A snow covered propane tanker had pulled into the loading dock. We weren\u2019t officially opened for another three hours, but being I was on pipeline duty anyway, I\u2019d opened the gates early.\n\nA splash of cold night air slapped me in the face as I opened the door. The hooded yard lights illuminated the slow falling snow. I didn\u2019t recognize the driver, but as we passed he said, \u201cFiller up.\u201d\n\nI brushed the snow from his fill cap, clamped the ground wire to his bumper, and coupled the propane hose to his fill line. After I opened up the fill valve, I headed down between the long rows of propane tanks that were receiving propane from a Texas pipeline. From the ground I could look up at the gauges on three tanks that were being filled simultaneously. Two of the tanks were at 80% the other tank was at 50%.   I tightened the string on my parka hood, and waited for the tanks to reach 90%.\n\n", "ficly_author_avatar_url": "http://cdn.ficly.com/icons/1346/avatar.jpg", "ficly_author_nickname": "Wyatt Aapr LoA", "ficly_story_int": 1074, "ficly_author_url": "http://ficly.com/authors/bygollee66", "ficly_sequels": [{"ficly_sequel_int": 1076, "ficly_sequel_title": "ENTER THE HERO --- OR FOOL part 2", "ficly_sequel_url": "http://ficly.com/stories/1076"}], "ficly_story_title": "ENTER THE HERO --- OR FOOL part 1"}