{"ficly_prequels": [{"ficly_prequel_url": "http://ficly.com/stories/10291", "ficly_prequel_title": "More Mixed Emotions", "ficly_prequel_int": 10291}], "ficly_story_url": "http://ficly.com/stories/10302", "ficly_story": "You know how the saying goes.\n\nTwo\u2019s Company.\n\nThree\u2019s a crowd.\n\nFour is just plain nuts. (That\u2019s not part of the quote, but it very well should be.)\n\nI sat there at my desk with Desire (Desire counts as two), Reality, and Fear. I knew someone was missing. Someone who should have been here all along, especially the way my adrenaline\u2019s been pumping.\n\n\u201cWhere was Confidence?\u201d\n\nAs I watched Emily come down the hall I noticed there was a tall guy in a leather jacket walking next to her. I would have thought it was her boyfriend if I hadn\u2019t known she didn\u2019t have one but I knew who it was.\n\nIt was Confidence.\n\nConfidence jogged over to me real quick and crowded near the others.\n\n\u201cSorry I\u2019m late but I have a good reason.\u201d he said confidently\n\n\u201cFeh.\u201d I thought, My emotions always had good reasons for being late.\n\nConfidence leaned over to me and whispered in my ear.\n\n\u201cWho the man? You the man! Yeah Boy, We got this!\u201d Confidence whispered\n\nJust as Emily came into the door he jumped back and yelled \u201cShow time!\u201d\n\n", "ficly_author_avatar_url": "http://cdn.ficly.com/icons/1017/avatar.jpg", "ficly_author_nickname": "The Silence [All By Myself] {LoA}", "ficly_story_int": 10302, "ficly_author_url": "http://ficly.com/authors/silentstorm", "ficly_sequels": [{"ficly_sequel_int": 10304, "ficly_sequel_title": "Confidence Fades", "ficly_sequel_url": "http://ficly.com/stories/10304"}], "ficly_story_title": "Confidence drives out Fear."}