{"ficly_prequels": [], "ficly_story_url": "http://ficly.com/stories/10795", "ficly_story": "There are so many people around me and I can feel the change beginning.   \u201cAlready?\u201d mouths Izar from across the room. I nod once. It\u2019s all I can manage. I don\u2019t want to talk because I can feel my incisers lengthening. He grabs my arm and squeezes down on where my muscles are growing. To the crowds, we\u2019re just another drunken pair stumbling out of the inn. In the courtyard, bounty hunters\u2019 cages loom over me and I fall to my knees.   \u201cCome on, Glade.\u201d Izar hisses. He hauls me up and nearly throws me into an alleyway.\n\n\u201cDon\u2019t look!\u201d I manage to shout to him, \u201cI\u2019m changing!\u201d   He growls something and then turns away. I spread myself out, a star on the muddy ground, basking in the soft moonlight. The moonlight that makes me who I am. My hair lengthens to inch-long strands of grey down my chest and stomach and shortens on my head. A thick mane cascades down my neck. My legs shrink. Claws shape on my toes. Blood thirst controls me. I see Izar.\n\nAnd turn away. I would never kill a friend. I am not an animal\u2026yet.\n\n", "ficly_author_avatar_url": "http://cdn.ficly.com/icons/4271/avatar.jpg", "ficly_author_nickname": "Abby (LoA)", "ficly_story_int": 10795, "ficly_author_url": "http://ficly.com/authors/abbywall", "ficly_sequels": [{"ficly_sequel_int": 10849, "ficly_sequel_title": "A Monster: well...me!", "ficly_sequel_url": "http://ficly.com/stories/10849"}], "ficly_story_title": "Escaping from myself..."}