{"ficly_prequels": [{"ficly_prequel_url": "http://ficly.com/stories/10314", "ficly_prequel_title": "Just That Girl Part 1", "ficly_prequel_int": 10314}], "ficly_story_url": "http://ficly.com/stories/10317", "ficly_story": "**Ring**   The bell rang, signalling the end of the lesson. As I walked out the classroom a soft finger tapped me on the shoulder.   \u201cHi\u201d she said, grinning, showing her gorgeous white glistening teeth.   \u201cH-Hi\u201d He stuttered   \u201cI\u2019m really excited about this project, I love a midsummers nights dream. We should meet up to do the project, heres my email address.\u201d she said confidently, handing him a small piece of paper with neat, little, pink handwriting on it. She said goodbye and he stood in the hallway reading the note again and again.   \u201cMiranda Harris   miranda_harris@mail.com\u201d\n\n\u201cHey Jerk Face!If you dare make a move on my girl\u2026well lets just say you\u2019ll be dead meat!\u201d Kurt growled   \u201cDon\u2019t worry about it man\u201d I said, raising my hands in defense   \u201cGood\u201d he said, walking away\n\nJosh always enjoyed English, but he knew he was going to start enjoying it more. At lunch time Josh went to the library and researched the play. By the time lunch ended he had enough information to impress Miranda.\n\nHe couldn\u2019t wait!\n\n", "ficly_author_avatar_url": "http://cdn.ficly.com/icons/1746/avatar.jpg", "ficly_author_nickname": "Breakfast At Jamie's", "ficly_story_int": 10317, "ficly_author_url": "http://ficly.com/authors/breakfastsatjamies", "ficly_sequels": [], "ficly_story_title": "Just That Girl Part 2"}