{"ficly_prequels": [], "ficly_story_url": "http://ficly.com/stories/10546", "ficly_story": "Friday night, time to finally get away from the world, even if it is in a strip club. Nice girls and bitches all dancing on one stage, trying to find a date to go home with, get money and move on. That\u2019s the typical life for us prostitutes and I\u2019ve been sucked into it, thanks to no extra money from my parents. I know that\u2019s not an excuse to sell my body, but if that\u2019s the only way I\u2019m getting myself extra money, I\u2019ll do it.\n\nMy parents have money, but my mom\u2019s a drunk, and my dad\u2019s abusive. Typical, right? Ironically, though, I go to a Catholic school. Of course nobody knows about my life outside of school. I keep my school life at school and my personal life, personal. I guess you could say I live a double life.\n\nNormal girl by day, prostitute by night. Known as Seductive Stacie to few, Stacie Cole to the rest.\n\nBut as exciting as this life may seem it isn\u2019t all fun and games. Well, other than unprotected sex, there is one thing I have to make sure never happens.\n\nLet myself fall in love.\n\n", "ficly_author_avatar_url": "http://cdn.ficly.com/icons/2392/avatar.jpg", "ficly_author_nickname": "Mr.Gabriel", "ficly_story_int": 10546, "ficly_author_url": "http://ficly.com/authors/mistergabriiel", "ficly_sequels": [{"ficly_sequel_int": 10547, "ficly_sequel_title": "Time to Seduce", "ficly_sequel_url": "http://ficly.com/stories/10547"}], "ficly_story_title": "The Confessions of a Teenage Prostitute"}