{"ficly_prequels": [{"ficly_prequel_url": "http://ficly.com/stories/921", "ficly_prequel_title": "Vince Sings", "ficly_prequel_int": 921}], "ficly_story_url": "http://ficly.com/stories/1035", "ficly_story": "There had been a vote. Tony bitched and moaned about it, but deep down he understood the others in the band had a point. He _was_ the one who\u2019d given the kid the okay to sing. He\u2019d have to be the one to explain the situation to Vince\u2019s folks.\n\nVince led T into the street, across four blocks of the kinetic madness of midtown Manhattan at rush hour, and into the vast subway system. Instead of heading uptown like Tony expected, he and Vince found themselves rocketing through the dark and silent veins of the city to a brown, broken, needle- strung neighborhood in the Bronx.\n\nVince was eerily quiet from point A to point B, even when Tony attempted to initiate conversation. The mystery behind those collected, prematurely old eyes and that otherworldly voice was not to be solved today, that much was clear. But Tony needed to know where the boy had come from. He thought, in his shamefaced way, maybe it had something to do with God.\n\nWhen Vince\u2019s mother opened the door, Tony knew that he could not have been more wrong.\n\n", "ficly_author_avatar_url": "http://cdn.ficly.com/icons/267/avatar.jpg", "ficly_author_nickname": "RicoLaser", "ficly_story_int": 1035, "ficly_author_url": "http://ficly.com/authors/ricolaser", "ficly_sequels": [{"ficly_sequel_int": 1073, "ficly_sequel_title": "Meeting Vince's Mom", "ficly_sequel_url": "http://ficly.com/stories/1073"}], "ficly_story_title": "Borough"}