{"ficly_prequels": [{"ficly_prequel_url": "http://ficly.com/stories/10302", "ficly_prequel_title": "Confidence drives out Fear.", "ficly_prequel_int": 10302}], "ficly_story_url": "http://ficly.com/stories/10304", "ficly_story": "My adrenaline starts racing, which keeps Confidence closer to me then Desire, or Reality. When Emily finally gets to me, I\u2019m a bit proud of myself for sticking it out.   Now I have to ask her to hang for Pride to arrive again. Or maybe Happiness will come this time, she\u2019s been away for a while.\n\n\u201cHey James,\u201d Emily says, \u201cwalk me to my next class? I\u2019m pretty sure you\u2019re in it.\u201d We both chuckle and Confidence is smiling widely behind her.\n\n\u201cSure,\u201d I say and try to think how to ask her, but decide that Fear could come up any second so I should take a chance, \u201cHey Em, are you doing anything after school?\u201d\n\n\u201cUh, no, I\u2019m not actually,\u201d she says. Maybe oblivious to the point of the question.\n\n\u201cDo you want to, uh, hang out?\u201d I ask, nervously, yet a little bit proud. She thinks about it for a while.\n\n\u201cHmm, maybe,\u201d she says. That\u2019s when, Confusion, comes materializing next to her and Confidence is quickly fading.\n\n\u201cWhat does she mean? Is she interested?\u201d Confusion asks making me wonder more.\n\nHappiness isn\u2019t coming.\n\n", "ficly_author_avatar_url": "http://cdn.ficly.com/icons/2392/avatar.jpg", "ficly_author_nickname": "Mr.Gabriel", "ficly_story_int": 10304, "ficly_author_url": "http://ficly.com/authors/mistergabriiel", "ficly_sequels": [{"ficly_sequel_int": 10343, "ficly_sequel_title": "A Battle Even Confidence Would Have Trouble Winning", "ficly_sequel_url": "http://ficly.com/stories/10343"}], "ficly_story_title": "Confidence Fades"}