{"ficly_prequels": [], "ficly_story_url": "http://ficly.com/stories/10236", "ficly_story": "She quietly asked herself.   _What\u2019s wrong with me? Why am i such a fuck up?_   She paces back and forth in her room, **wondering.**   _I\u2019m not good enough, why am i not good enough? Why? Why?_   The tears are streaming down her face now, and she can\u2019t keep control.   As I watch this from my next door window, I ask myself why I always tear myself away.   _I love her, I know I do. I always have. I always will_   This time, no. I\u2019m not waiting anymore. I went to her house.   We were sitting in her room, talking.   **I hate myself, I can\u2019t do anything right** She said.   _I can\u2019t take this anymore. I need to tell her how I feel._   **You do everything right. You\u2019re not a fuck up.** I said, **I love you.**   She was silent; Just staring into my eyes.   _Oh My God. What did i just say?_ paced through my mind.   But, in mid thought? In the blink of an eye. I felt her lips run across mine.   **I love you too** also, is what I heard. A feeling of accomplishment ran across me.   Suddenly, I was happy. All that matters is that I love you. You\u2019re perfect\u2026\n\n", "ficly_author_avatar_url": "http://cdn.ficly.com/icons/1727/avatar.jpg", "ficly_author_nickname": "fish61209", "ficly_story_int": 10236, "ficly_author_url": "http://ficly.com/authors/-mike_fisher-", "ficly_sequels": [{"ficly_sequel_int": 10436, "ficly_sequel_title": "My Girl, Forever.", "ficly_sequel_url": "http://ficly.com/stories/10436"}], "ficly_story_title": "My Girl."}