{"ficly_prequels": [{"ficly_prequel_url": "http://ficly.com/stories/25139", "ficly_prequel_title": "Duck Hunting", "ficly_prequel_int": 25139}], "ficly_story_url": "http://ficly.com/stories/1", "ficly_story": "\u201cThis is only a test.\u201d\n\n\u201cUm, that being the case, do you suppose it\u2019s wise to be using real bullets?\u201d\n\n\u201cShut up and get into your duck suit.\u201d\n\n", "ficly_author_avatar_url": "http://cdn.ficly.com/icons/29/AHFL_icon.JPG", "ficly_author_nickname": "THX 0477", "ficly_story_int": 1, "ficly_author_url": "http://ficly.com/authors/thx0477", "ficly_sequels": [{"ficly_sequel_int": 1106, "ficly_sequel_title": "Negotiation", "ficly_sequel_url": "http://ficly.com/stories/1106"}, {"ficly_sequel_int": 25144, "ficly_sequel_title": "Initial Trial", "ficly_sequel_url": "http://ficly.com/stories/25144"}, {"ficly_sequel_int": 25168, "ficly_sequel_title": "The Worst Job in the World", "ficly_sequel_url": "http://ficly.com/stories/25168"}, {"ficly_sequel_int": 25185, "ficly_sequel_title": "Tight Fit", "ficly_sequel_url": "http://ficly.com/stories/25185"}, {"ficly_sequel_int": 25261, "ficly_sequel_title": "Undercover Kevlar Prototype Test Run", "ficly_sequel_url": "http://ficly.com/stories/25261"}], "ficly_story_title": "Test"}