{"ficly_prequels": [{"ficly_prequel_url": "http://ficly.com/stories/1080", "ficly_prequel_title": "gIrL", "ficly_prequel_int": 1080}], "ficly_story_url": "http://ficly.com/stories/1099", "ficly_story": "The creature stares at you, the avid Ficly reader, from the other side of your computer screen, and says, \u201cIf you are reading this, you will die.\u201d\n\n", "ficly_author_avatar_url": "http://cdn.ficly.com/icons/621/avatar.jpg", "ficly_author_nickname": "NinjaChicken", "ficly_story_int": 1099, "ficly_author_url": "http://ficly.com/authors/ninjachicken", "ficly_sequels": [{"ficly_sequel_int": 1110, "ficly_sequel_title": "Hey Jim!", "ficly_sequel_url": "http://ficly.com/stories/1110"}], "ficly_story_title": "If You Read this, You Will Die"}