{"ficly_prequels": [{"ficly_prequel_url": "http://ficly.com/stories/10126", "ficly_prequel_title": "Insert title later... I don't have any good one for now :(", "ficly_prequel_int": 10126}], "ficly_story_url": "http://ficly.com/stories/10286", "ficly_story": "Rather than attend to the multitude of messages awaiting his reply, Ernest allowed his mind to wander regarding the scene before his eyes. Many thoughts occurred to him. _We\u2019re having an earthquake. The sun is exploding. Wait, the sun has exploded, and I\u2019m just now seeing it. I\u2019ve gone mad. This coffee has gone terribly, horribly bad._\n\nHe was broken from his solitary contemplation by the voice of the woman in the next cubicle, \u201cWhat the crap?\u201d Similar statements rippled through the maze of workspaces followed quickly by heads popping up from behind partitions. Though his fellows all moved with slow accord towards the window, Ernest remained in his seat.\n\nSuddenly, those emails seemed much more inviting. Realistically, who wouldn\u2019t prefer a bit of drudgery to cataclismic events of a universal scale? Torn between curiosity and the cold comfort of denial, he sipped his coffe, as he had decided it wasn\u2019t bad at all. Drugged maybe, but not bad.\n\n", "ficly_author_avatar_url": "http://cdn.ficly.com/icons/29/AHFL_icon.JPG", "ficly_author_nickname": "THX 0477", "ficly_story_int": 10286, "ficly_author_url": "http://ficly.com/authors/thx0477", "ficly_sequels": [], "ficly_story_title": "Le Jour Effroyable d'Ernest, La Deuxieme Partie"}