{"ficly_prequels": [{"ficly_prequel_url": "http://ficly.com/stories/10532", "ficly_prequel_title": "Santa Stole My Girlfriend", "ficly_prequel_int": 10532}], "ficly_story_url": "http://ficly.com/stories/10569", "ficly_story": "Dear A Very Disgruntled Ex-Boyfriend,\n\nIf you liked it then you should have put a ring on it.\n\nAll the Best,   Santa\n\n", "ficly_author_avatar_url": "http://cdn.ficly.com/icons/1797/avatar.jpg", "ficly_author_nickname": "stick me on", "ficly_story_int": 10569, "ficly_author_url": "http://ficly.com/authors/stickmeon", "ficly_sequels": [], "ficly_story_title": "Santa Responds"}