{"ficly_prequels": [{"ficly_prequel_url": "http://ficly.com/stories/1083", "ficly_prequel_title": "Twisted Love - Best Friends and Sports", "ficly_prequel_int": 1083}], "ficly_story_url": "http://ficly.com/stories/1086", "ficly_story": "Hannah couldn\u2019t believe that she had perceived anything as beautiful before she had seen Rob. Nothing seemed as wonderful or spectacular. Rob had brought a new light into her world, had given it a new breath. There was a shinning new light to her miserable and bleak existence and she loved it. Hannah couldn\u2019t wait for practice to be over so she could go talk to him. Wait. What if he didn\u2019t want to talk? What if he was too busy? Or what if\u2026 what if\u2026 what if he already had a girlfriend?! That would epitomize horrific fortune. Not to mention make her ridiculously sad.\n\nHannah decided there was only one way to ensure that she could avoid complete and total heart break. She would have to go to the one true source of 100% reliable information; Mary.\n\n", "ficly_author_avatar_url": "http://cdn.ficly.com/icons/260/avatar.jpg", "ficly_author_nickname": "penguincaptain", "ficly_story_int": 1086, "ficly_author_url": "http://ficly.com/authors/vicky", "ficly_sequels": [{"ficly_sequel_int": 1088, "ficly_sequel_title": "Twisted Love - Mary the know-it-all", "ficly_sequel_url": "http://ficly.com/stories/1088"}], "ficly_story_title": "Twisted Love - Rob"}