{"ficly_prequels": [{"ficly_prequel_url": "http://ficly.com/stories/927", "ficly_prequel_title": "The tele-porter", "ficly_prequel_int": 927}], "ficly_story_url": "http://ficly.com/stories/1019", "ficly_story": "You put the cheese in the trolley, witch then glows red and disappears, leaving the model in you hand.   SUDDENLY, the model becomes life size!   \u201cHello!\u201d he says. \u201cMy name is Elliot! I have been stuck in your pocket since Christmas 14 years ago!\u201d   Elliot has joined your party!   His moves are:   Pocket Time Remembering   Magic Cheese Eating   Plant Communicating   Witch will you use?\n\n", "ficly_author_avatar_url": "http://ficly.com/images/icons/avatar.jpg", "ficly_author_nickname": "The Note Writer", "ficly_story_int": 1019, "ficly_author_url": "http://ficly.com/authors/note-writer", "ficly_sequels": [{"ficly_sequel_int": 15754, "ficly_sequel_title": "Pocket Time Remembering", "ficly_sequel_url": "http://ficly.com/stories/15754"}], "ficly_story_title": "Putting Cheese in the Trolley"}