{"ficly_prequels": [{"ficly_prequel_url": "http://ficly.com/stories/10717", "ficly_prequel_title": "Watching the Dogs", "ficly_prequel_int": 10717}], "ficly_story_url": "http://ficly.com/stories/10825", "ficly_story": "_Let it build, man. Feel it._\n\nMicah was taking heavy strides across the street to follow Dino, who finally arrived with his usual entourage of flunkies in tow, into the club. The bouncer had spotted him and already looked nervous. Either he read the expression or it was the trench coat.\n\n_He\u2019s got this coming. They all do._\n\nWith what he had to do, Micah knew he had to talk himself up. His blood needed to be absolutely boiling before he even hit the door.\n\n_That\u2019s it. Picture him with her. Yeah, that\u2019s it. You\u2019re the friggin bear at the picnic site, ready to pick off helpless scouts._\n\n\u201cIf anyone asks, I tried to stop ya\u2019,\u201d the bouncer announced nervously while stepping aside.\n\n_Don\u2019t laugh. Sneer. It\u2019s not funny. Stay angry, dammit._\n\nThree steps into the club, into the seedy space lit with neon red and a weak strobe in the corner, some idiot yelled out, \u201cWell, if it ain\u2019t the lonesome loser come crawlin back. Come for the bachelor party or to give the groom some tips?\u201d\n\n_That\u2019ll do. It\u2019s go time._\n\n", "ficly_author_avatar_url": "http://cdn.ficly.com/icons/29/AHFL_icon.JPG", "ficly_author_nickname": "THX 0477", "ficly_story_int": 10825, "ficly_author_url": "http://ficly.com/authors/thx0477", "ficly_sequels": [{"ficly_sequel_int": 11029, "ficly_sequel_title": "What Really Matters", "ficly_sequel_url": "http://ficly.com/stories/11029"}], "ficly_story_title": "Working Up to It"}