{"ficly_prequels": [{"ficly_prequel_url": "http://ficly.com/stories/10315", "ficly_prequel_title": "A New Deal", "ficly_prequel_int": 10315}], "ficly_story_url": "http://ficly.com/stories/10793", "ficly_story": "I glowered, but there really wasn\u2019t all that much choice. He really did have me over a barrel, but I couldn\u2019t just give in unconditionally.\n\n\u201cCounter-offer. You get everything you got before, except the sticky parts, for a year. Then you let me go,\u201d I offered.\n\n\u201cAnd what can you give me that would make me want to just throw away one of my prized possessions?\u201d he replied with a smirk.\n\n\u201cA litter of neko kittens, including your precious Nadia. Way I see it, if you have him eat me, you get nothing, so I\u2019m betting you would rather not have it come to that.\u201d\n\nHe raised an eyebrow, seemingly intrigued. \u201cYou have a better grip on the realities of the situation than I would have expected. Deal,\u201d he replied, and then glanced to one of the security guard accompanying the tiger. \u201cTake her down to Security and get her IDs updated, then get her set up in one of the guest suites.\u201d\n\n\u201cGuest suite?\u201d I asked, raising an eyebrow as well.\n\n\u201cRestricted access. You\u2019ll understand if I don\u2019t feel comfortable leaving you unguarded.\u201d\n\n", "ficly_author_avatar_url": "http://cdn.ficly.com/icons/2375/avatar.jpg", "ficly_author_nickname": "Firefox", "ficly_story_int": 10793, "ficly_author_url": "http://ficly.com/authors/vyzr", "ficly_sequels": [{"ficly_sequel_int": 22560, "ficly_sequel_title": "Tiger Cage", "ficly_sequel_url": "http://ficly.com/stories/22560"}], "ficly_story_title": "Negotiations"}