{"ficly_prequels": [{"ficly_prequel_url": "http://ficly.com/stories/10887", "ficly_prequel_title": "Questions of tardiness.", "ficly_prequel_int": 10887}], "ficly_story_url": "http://ficly.com/stories/10891", "ficly_story": "By Janus\u2019s reckoning, it was another one or two hours before their method of transit changed again. Whatever vehicle they were in stopped, and once again the crate was moved.\n\nThe occupants of the crate heard creaking as their prison was finally opened. They heard voices speaking in harsh, Russian accents. Both were male, one was reprimanding and the other slavish.\n\nJanus and Lauren were lead out of the crate on their wobbly legs. Still blindfolded, they felt the rush of cold air across their skin.\n\n_Finally, the time has come_ Janus thought nervously. Similar thoughts were going through Lauren\u2019s mind.\n\n\u201cFinally!\u201d the reprimanding voice said. \u201cWelcome, I have been expecting you.\u201d\n\n\u201cSee, the cargo was delivered as promised, fully intact, was you trip _hee_ pleasant? _hee_.\u201d The slavish voice eagerly inquired.\n\nJanus and Lauren felt their hands become untied and their blindfolds lifted and they saw\u2026\n\n", "ficly_author_avatar_url": "http://ficly.com/images/icons/avatar.jpg", "ficly_author_nickname": "Funtime Bobby", "ficly_story_int": 10891, "ficly_author_url": "http://ficly.com/authors/funtime_bobby", "ficly_sequels": [{"ficly_sequel_int": 10893, "ficly_sequel_title": "Questions of vocal cords.", "ficly_sequel_url": "http://ficly.com/stories/10893"}], "ficly_story_title": "Freed and Forked"}