{"ficly_prequels": [], "ficly_story_url": "http://ficly.com/stories/10980", "ficly_story": "In Kindergarten your idea of a good friend was the person who let you have the red crayon when all that was left was the ugly brown one.\n\nIn Elementary School your idea of a good friend was the person who shared their lunch with you when you forgot yours at home, saved a seat on the back of the bus for you, and knew who you had a crush on and never understood why.\n\nIn Middle School your idea of a good friend was the person who went to the bathroom with you even when they didn\u2019t need to, helped you stand up to the class bully, and let you copy their social studies homework when you forgot to do it.\n\nIn High School your idea of a good friend was the person who went to that \u201ccool\u201d party with you so you wouldn\u2019t wind up being the only freshman; did not let you eat lunch alone; consoled you when you broke up with Nick, and convinced your parents you shouldn\u2019t be grounded.\n\n", "ficly_author_avatar_url": "http://cdn.ficly.com/icons/1846/avatar.jpg", "ficly_author_nickname": "Amy K", "ficly_story_int": 10980, "ficly_author_url": "http://ficly.com/authors/aek629", "ficly_sequels": [{"ficly_sequel_int": 10983, "ficly_sequel_title": "Now and Then (2)", "ficly_sequel_url": "http://ficly.com/stories/10983"}], "ficly_story_title": "Then and Now (1)"}