{"ficly_prequels": [], "ficly_story_url": "http://ficly.com/stories/10133", "ficly_story": "Rocks slip underfoot. Soft and warm, soothing water laps at my toes, pulls at my heart. The sunset glances off the water, sends stones of light skipping off the surface. Below\u2026 who knows what is below. But the surface looks perfect. Maybe that\u2019s the world as a whole. Nothing\u2019s certain anymore.   I know I am alone, I can feel it in my bones, down deep in my heart. But I wish that you were here with me. I can\u2019t help the feelings surging through my veins, engulfing my head and heart as one. These feelings blur my vision and send me reeling at the power of it all.   On the surface of the water, I see your reflection swaying with the ocean current. As if you were beside me, though I know you are not. As if you were there, comforting me, telling me I\u2019d be okay, telling me you\u2019d be here for me.   Yet, as the last lights sink deep below the waves, you vanish. Leaving me alone in darkness, just hoping you\u2019d come back, so I can rest in your arms and say \u201cI told you so.\u201d   You left me.   Please, come back.\n\nOh, God. Come back.\n\n", "ficly_author_avatar_url": "http://cdn.ficly.com/icons/3223/avatar.jpg", "ficly_author_nickname": "quipsofthequill", "ficly_story_int": 10133, "ficly_author_url": "http://ficly.com/authors/quipsofthequill", "ficly_sequels": [{"ficly_sequel_int": 10398, "ficly_sequel_title": "The Difference Between a Memory and a Nightmare", "ficly_sequel_url": "http://ficly.com/stories/10398"}], "ficly_story_title": "&quot;I told you so.&quot;"}