{"ficly_prequels": [{"ficly_prequel_url": "http://ficly.com/stories/10771", "ficly_prequel_title": "Calendar of a Blind man...part 2", "ficly_prequel_int": 10771}], "ficly_story_url": "http://ficly.com/stories/10773", "ficly_story": "November 13th: Unlucky Friday. John coughs all night. The doctor\u2019s are alarmed. The air smells of spring and John knows he\u2019s hallucinating. He can hear Tessie singing and hope laughs.\n\nNovember 14th: John is recovering. He fought for Tessie. He eats some broth. It\u2019s warm and meaty sweet. It\u2019s like the soup dad used to make when he came home. It tastes nice.\n\nNovember 15th: The moon is very bright in John\u2019s mind. He listens to the people downstairs and Hilda bangs on the wall between their rooms \u2013 it\u2019s her idea of saying hello.\n\nNovember 16th: A new nurse comes. To John, her voice sounds like Tessie\u2019s. He feels as though he\u2019s in love again but knows that he cannot be. His heart breaks for the second time.\n\nNovember 17th: The cold gets worse in the night. John vomits and tastes bile for the rest of the day. He smells nothing through a blocked nose and hears only silence.\n\nNovember 18th: Still in bed. Senile Grace wanders in and steals his pillows. The nurses don\u2019t notice so John sleeps badly and hurts his neck.\n\n", "ficly_author_avatar_url": "http://cdn.ficly.com/icons/4271/avatar.jpg", "ficly_author_nickname": "Abby (LoA)", "ficly_story_int": 10773, "ficly_author_url": "http://ficly.com/authors/abbywall", "ficly_sequels": [{"ficly_sequel_int": 10774, "ficly_sequel_title": "Calendar of a Blind man...part 4", "ficly_sequel_url": "http://ficly.com/stories/10774"}], "ficly_story_title": "Calendar of a Blind man...part 3"}