{"ficly_prequels": [{"ficly_prequel_url": "http://ficly.com/stories/599", "ficly_prequel_title": "Headgear", "ficly_prequel_int": 599}], "ficly_story_url": "http://ficly.com/stories/1089", "ficly_story": "Amy recalled the instruction she was given for the device and that it may be uncomfortable at first, but, it seemed to be getting tighter somehow. She dismissed the thought and decided to try and get some rest. She propped up her pillows to try and make sleeping sitting up as comfortable as possible. As she sat there, eyes heavy and ready for sleep, a pain shot through her jaw. Again, she dismissed it as just getting used to the device. Then, another pain. This time she was jolted completely awake. Something is wrong, she thought. Another pain and her hands went to her head. She screamed loudly, but nobody was home; her parents were out having a date night. More pain and the sound of bone cracking and she screamed more and began to thrash about, desperately trying to remove the device. She fell from the bed flailing, trying to free herself, but couldn\u2019t. The device was getting tighter and tighter. More cracking sounds, then nothing. Darkness.\n\n", "ficly_author_avatar_url": "http://ficly.com/images/icons/avatar.jpg", "ficly_author_nickname": "Nobodyzhome", "ficly_story_int": 1089, "ficly_author_url": "http://ficly.com/authors/nobodyzhome", "ficly_sequels": [{"ficly_sequel_int": 1164, "ficly_sequel_title": "Public Relations", "ficly_sequel_url": "http://ficly.com/stories/1164"}], "ficly_story_title": "Crunch"}