{"ficly_prequels": [{"ficly_prequel_url": "http://ficly.com/stories/10164", "ficly_prequel_title": "Office Treats: The Beginning", "ficly_prequel_int": 10164}], "ficly_story_url": "http://ficly.com/stories/10163", "ficly_story": "Cheryl was sweetest lady in the world, who made working at Inatech bearable. She loved Holidays, and spent weeks planning. She brought a sm\u00f6rg\u00e5sbord of treats, and each holiday had its own pi\u00e8ce de r\u00e9sistance. Halloween was no exception.\n\nShe stood there holding a peanut butter wrapped pastry.\n\n\u201cIt\u2019s a mouth-gasim.\u201d Steve interjected. _Want kids Steve? Then shut up now._\n\n\u201cIt\u2019s got peanut butter,\u201d I said, trying to ignore Steve,\u201d and I have arachibutyrophobia. I\u2019m sorry Cheryl, I can\u2019t eat it.\"\n\n\u201cIt\u2019s ok, dear. I have a nephew who\u2019s allergic to peanuts, also.\u201d Cheryl\u2019s frumpy body began to relax.\n\n\u201cI\u2019m not Allergic.\u201d I don\u2019t know why I had to explain. Maybe it was something about that purple shirt with the orange pumpkin that made me want to. \u201cIt\u2019s\u2026 a phobia. I\u2019m afraid of it getting stuck to the roof of my mouth.\u201d\n\n\u201cAfraid of licking your brains out?\u201d Steve said with a smirk. \u201cDon\u2019t you have to have brains first?\u201d\n\n_That does it, Steve. I\u2019m wearing stilettos tomorrow and your nuts will be sorry._\n\n", "ficly_author_avatar_url": "http://cdn.ficly.com/icons/3450/avatar.jpg", "ficly_author_nickname": "Krulltar", "ficly_story_int": 10163, "ficly_author_url": "http://ficly.com/authors/jestersrequiem", "ficly_sequels": [], "ficly_story_title": "Office Treats [Phobia Challenge]"}