{"ficly_prequels": [{"ficly_prequel_url": "http://ficly.com/stories/9938", "ficly_prequel_title": "Here Comes The Cavalry", "ficly_prequel_int": 9938}], "ficly_story_url": "http://ficly.com/stories/10019", "ficly_story": "\u201cHeh heh, yeah, that would be me,\u201d Josh said.\n\nThe Milano stood over Silverfox\u2019s fire-blackened form, shook his head, and clucked sadly. \u201cShe\u2019s going to need some major bodywork. If that thing can even be fixed. Sheesh, I keep telling her, watch for boobytraps, but noooo, she is _invincible_!\u201d He chuckled. \u201cWell, a couple of weeks in the \u2018loaner\u2019 should teach her to be more careful.\u201d\n\n\u201cThe\u2026\u2019loaner\u2019?\u201d Josh asked.\n\nThe automech chuckled. \u201cHeh heh, yeah. We have a number of spare bodies back at the base for use during repairs, but there\u2019s a special one we reserve for people who specially \u2018deserve\u2019 it. Nothing really wrong with it, technically speaking, but it\u2019s ugly as sin.\u201d\n\n\u201cHeh,\u201d Josh said.\n\nThe Hispanic woman was looking around the neighborhood, shivering. \u201cGod, this sucks. Takes me back, and not in a good way.\u201d\n\n\u201cTakes you back?\u201d Josh asked.\n\n\u201cI used to live in a neighborhood that got raided just like this one.\u201d\n\n\u201cBut at least you got away, right?\u201d\n\nThe woman shook her head. \u201cNo, actually\u2014I didn\u2019t.\u201d\n\n", "ficly_author_avatar_url": "http://cdn.ficly.com/icons/17/toonrmicon.jpg", "ficly_author_nickname": "Robotech_Master", "ficly_story_int": 10019, "ficly_author_url": "http://ficly.com/authors/robotech_master", "ficly_sequels": [{"ficly_sequel_int": 10075, "ficly_sequel_title": "False Imprisonment", "ficly_sequel_url": "http://ficly.com/stories/10075"}], "ficly_story_title": "There Went the Neighborhood"}