{"ficly_prequels": [], "ficly_story_url": "http://ficly.com/stories/10522", "ficly_story": "Evergreen trees, tall, elegant imposters of guards, stood forbiddingly, at the entrance to the sprawling Tudor house.   We drove to the right of the house where a niche created out of way parking.   This mausoleum of \u201colde english\u201d with its glass windows staring unblinkingly at all who enter would give anyone the creeps.   The door was opened immmediately by a wizened character who ushered us into the sitting room.   A huge open fire was the only warmth emanating from the interior. In front of the fire stood the son of the demagogue \u201cHitler\u201d.\n\n", "ficly_author_avatar_url": "http://cdn.ficly.com/icons/931/avatar.jpg", "ficly_author_nickname": "Marli", "ficly_story_int": 10522, "ficly_author_url": "http://ficly.com/authors/http-google", "ficly_sequels": [{"ficly_sequel_int": 10523, "ficly_sequel_title": "Hitlers Son is Born", "ficly_sequel_url": "http://ficly.com/stories/10523"}, {"ficly_sequel_int": 10758, "ficly_sequel_title": "Hitlers Son....Early Days", "ficly_sequel_url": "http://ficly.com/stories/10758"}], "ficly_story_title": "Hitlers Son"}