{"ficly_prequels": [{"ficly_prequel_url": "http://ficly.com/stories/1028", "ficly_prequel_title": "Bells; A Prolouge I", "ficly_prequel_int": 1028}], "ficly_story_url": "http://ficly.com/stories/1031", "ficly_story": "The trumpets sang and the horses lined up at the gate.\n\n\u201cDaddy!! I see Bells!! I see Bells!\u201d Sophia shouted above the roar of the crowd. Her father nodded at her, smiling as she turned back to the track.\n\nAt the signal, the gates flew open and the sounds of 40 hooves pounded on the ground. Sophia shouted in excitement, watching the horses push their way down the track.\n\nA fourth of the track finished. Bells black body blended in with the rest. Two fourths of the way there. Sophia jumped up and down happily, not caring who won. Three fourths there now. The crowd was going wild. The final stretch.\n\nPeople jumped up and down in front of Sophie, not letting her see the race. A black figure tripped and fell, but no one notices, all eyes focused on the finish line.\n\nThe crowd cheered as the line was crossed, and the mass moved down to the winner\u2019s circle. Sophia heard her dad swear, and her mother let out a cry before she pulled Sophia away.\n\n\u201cBells?\u2026 Bells?\u2026 Mom\u2026 Where is Bells!? Where is she Mom!?\u201d\n\n", "ficly_author_avatar_url": "http://cdn.ficly.com/icons/379/avatar.jpg", "ficly_author_nickname": "The Last Squeek", "ficly_story_int": 1031, "ficly_author_url": "http://ficly.com/authors/slynn", "ficly_sequels": [{"ficly_sequel_int": 3044, "ficly_sequel_title": "The Countdown the the Derby Begins", "ficly_sequel_url": "http://ficly.com/stories/3044"}], "ficly_story_title": "Bells; A Prolouge II"}