{"ficly_prequels": [{"ficly_prequel_url": "http://ficly.com/stories/1009", "ficly_prequel_title": "A Most Usual Prince", "ficly_prequel_int": 1009}], "ficly_story_url": "http://ficly.com/stories/1078", "ficly_story": "The Maiden sprinted through the forest, her Maidenly bosom heaving. She paused when she thought she was far enough away and put on her clothing.   \u201cHonestly!\u201d She huffed to herself with Maidenly indignation. \u201cCan\u2019t a young girl take a bath without being spied upon?\u201d   \u201cOh! This is ridiculous!\u201d   What? That\u2019s not in the script! What are you doing?!   \u201cWhy do I have to be the personification of all that is Maidenly?\u201d   Um, I don\u2019t know? Maybe because you\u2019re the MAIDEN in this story!   \u201cMaybe I don\u2019t want to be the Maiden! Maybe I want to be a swashbuckling pirate!\u201d The scene sudddenly changed to a Pirate ship, a Jolly Roger swaying in the breeze. The Maiden was garbed in an eyepatch and an earing.   What?? This is mutiny!   \u201cOr maybe a damsel in distress!\u201d The scene suddenly changed to a high tower guarded by a huge dragon.   No, but-   The Maiden pouted. \u201cI want to have an Adventure! But I don\u2019t even have a name!\u201d\n\n", "ficly_author_avatar_url": "http://cdn.ficly.com/icons/24/amj.jpg", "ficly_author_nickname": "Lone Writer", "ficly_story_int": 1078, "ficly_author_url": "http://ficly.com/authors/lonewriter", "ficly_sequels": [{"ficly_sequel_int": 2329, "ficly_sequel_title": "The Maiden Gets Her Name", "ficly_sequel_url": "http://ficly.com/stories/2329"}], "ficly_story_title": "The Maiden Complains"}