{"ficly_prequels": [{"ficly_prequel_url": "http://ficly.com/stories/10743", "ficly_prequel_title": "The Golden Afternoon", "ficly_prequel_int": 10743}], "ficly_story_url": "http://ficly.com/stories/10856", "ficly_story": "Alice saw the rabbit hole ahead of her. She ran and ran trying to escape her doom. The cheshire cat appeared on her shoulders, \u201cIn trouble I see\u201d The cat laughed and disappeared. Alice ran faster, the rabbit hole seemed to be getting farther away as she ran. She skidded to a halt when she saw the edge of the cliff appear. \u201cOh fiddle sticks.\u201d She huffed. Across the cavern was the rabbit hole.   \u201cOff with her head!\u201d She heard in the background. She turned around slowly, the cheshire cat, Mad Hatter, and Marsh hare were all there laughing and pointing at her as she realized her fate. \u201cI will have the last laugh.\u201d She said, \u201cI will wake myself up from this nightmare.\u201d At that she jumped over the edge and began to fall.   \u201cAlice!\u201d Eliza screamed.\n\nReality hit hard.   Alice had fallen off the balcony. Tears streaked down her cheeks as the pain of fractures sunk in. \u201cVictoria call the ambulance!\u201d Laura yelled applying pressure to Alice\u2019s bleeding forehead.   The ambulance arrived quickly and they put Alice in a stretcher.\n\n", "ficly_author_avatar_url": "http://cdn.ficly.com/icons/2879/avatar.jpg", "ficly_author_nickname": "Gothling(tm)", "ficly_story_int": 10856, "ficly_author_url": "http://ficly.com/authors/sierarabandnerd", "ficly_sequels": [{"ficly_sequel_int": 11244, "ficly_sequel_title": "Reality Kills", "ficly_sequel_url": "http://ficly.com/stories/11244"}], "ficly_story_title": "Out of the Rabbit Hole"}