{"ficly_prequels": [{"ficly_prequel_url": "http://ficly.com/stories/8101", "ficly_prequel_title": "You Exist", "ficly_prequel_int": 8101}], "ficly_story_url": "http://ficly.com/stories/10504", "ficly_story": "\u201cAww, man! I got sent back to the start!\u201d\n\n\u201cTough luck, Robert. Text adventures aren\u2019t always easy. I died 428 times in Space Adventure 4!\u201d\n\nWhat should you do?   A. Go to the store to find a strategy guide   B. Modify the code   C. Buy Socks\n\n", "ficly_author_avatar_url": "http://ficly.com/images/icons/avatar.jpg", "ficly_author_nickname": "The Note Writer", "ficly_story_int": 10504, "ficly_author_url": "http://ficly.com/authors/note-writer", "ficly_sequels": [{"ficly_sequel_int": 15752, "ficly_sequel_title": "Buy Socks", "ficly_sequel_url": "http://ficly.com/stories/15752"}], "ficly_story_title": "Game Over?"}