{"ficly_prequels": [{"ficly_prequel_url": "http://ficly.com/stories/10106", "ficly_prequel_title": "Support Inbound.", "ficly_prequel_int": 10106}], "ficly_story_url": "http://ficly.com/stories/10121", "ficly_story": "Gen Moore\u2019s eyes glanced over the rim of his glasses as Lt. Col Jessup and Sgt Maj Finley entered the briefing room.\n\n\u201cColonel, this is Michael Carter from the World Health Organization.\u201d Gen Moore\u2019s finger pointed to one of the two men dressed in civvies looking over the maps and papers scattered across the table. \u201cCarter, bring the Colonel up to speed on the situation.\u201d\n\n\u201cSimply put, gentlemen, we have a global epidemic on our hands. Its name is H3N2.\u201d\n\n\u201cH3N2? The swine flu?\u201d Finley asks.\n\n\u201cThis Influenze strain is from goats, and it\u2019s no longer a simple Influenza A virus. The Afghan people use goat manure as a cooking fuel. Women were the first reported cases, which is pretty obvious for two reasons: One, women do all the cooking in Afghan society; two, the female\u2019s respiratory system is highly susceptible to the virus\u2019 proteins. The proteins adhered to their lungs, gaining a foothold, and as it incubated, it also mutated. So, no, this is not the swine flu; frankly, gentlemen, mankind may not survive.\u201d\n\n", "ficly_author_avatar_url": "http://cdn.ficly.com/icons/3450/avatar.jpg", "ficly_author_nickname": "Krulltar", "ficly_story_int": 10121, "ficly_author_url": "http://ficly.com/authors/jestersrequiem", "ficly_sequels": [{"ficly_sequel_int": 10122, "ficly_sequel_title": "End of the Briefing", "ficly_sequel_url": "http://ficly.com/stories/10122"}], "ficly_story_title": "The Briefing"}