{"ficly_prequels": [{"ficly_prequel_url": "http://ficly.com/stories/10851", "ficly_prequel_title": "Mistakes", "ficly_prequel_int": 10851}], "ficly_story_url": "http://ficly.com/stories/10852", "ficly_story": "I cried that night. As I had never cried before. I could not think of the cold, or my hunger, or my nakedness in the dark. I could only think of Izar. Hence, I could only cry. Eventually, I suppose, I slept. For when I woke, it was daytime and my head was pillowed by Izar\u2019s stiff arm.\n\nFor those of you who think this sounds romantic\u2026you must please adjust your thoughts. He had lain now for many hours in a puddle of urine and blood. He stank. My atuned sense of smell was telling me to run. I closed his eyes, gently, and then returned my thoughts to myself. I remember that I have been in this situation before. I force myself to think rationally.\n\nHe always wears two shirts so I peel the outer one off him along with his jacket. He wears leggings _and_ thick, leather pants so I take the latter. I shy away from the stink of death as I pull the clothes over me. It is better this way, I think. Now, love cannot hold me back. Now it is just me, a werewolf.\n\nI hope my enemies are running now\u2026\n\n", "ficly_author_avatar_url": "http://cdn.ficly.com/icons/4271/avatar.jpg", "ficly_author_nickname": "Abby (LoA)", "ficly_story_int": 10852, "ficly_author_url": "http://ficly.com/authors/abbywall", "ficly_sequels": [{"ficly_sequel_int": 10966, "ficly_sequel_title": "Running Away", "ficly_sequel_url": "http://ficly.com/stories/10966"}], "ficly_story_title": "Don't look back"}