{"ficly_prequels": [], "ficly_story_url": "http://ficly.com/stories/10941", "ficly_story": "Nobody likes moving.\n\nExcept every other member of my family, apparently, who have decided to make my \u201cliving hell\u201d about leaving my friends and moving to Chicago a bit more \u201cliving-hellish\u201d.\n\nFor example, Ember is refusing, once again, to respect my personal boundaries. She\u2019s decided to paint her toenails electric green, and of course to do that, she has to stretch her feet across the seat and practically into my lap. Her left big toe is dangerously close to the gleaming back of my Mac Book, and green doesn\u2019t go well with awesome.\n\n", "ficly_author_avatar_url": "http://cdn.ficly.com/icons/2978/avatar.jpg", "ficly_author_nickname": "Insert Pen Name Here", "ficly_story_int": 10941, "ficly_author_url": "http://ficly.com/authors/insertpennamehere", "ficly_sequels": [{"ficly_sequel_int": 10942, "ficly_sequel_title": "Marx", "ficly_sequel_url": "http://ficly.com/stories/10942"}], "ficly_story_title": "Nobody Likes Moving"}