{"ficly_prequels": [{"ficly_prequel_url": "http://ficly.com/stories/10621", "ficly_prequel_title": "In The Shadows Of Men (8)", "ficly_prequel_int": 10621}], "ficly_story_url": "http://ficly.com/stories/10709", "ficly_story": "That\u2019s one of my earliest memories. Over the next 6 and a half years, this continued. I\u2019d mess up, I\u2019d get beaten. My Aunt would sometimes try and step in but she had herself to think about.\n\nThen everything changed. My Aunt suddenly developed a fever. I was expected to do all her chores, mine and take care of her because it wasn\u2019t a mans place and they couldn\u2019t afford a doctor. I became nurse and servant overnight. I was never stationary, always busy.\n\nMy Aunt stayed this way for about 3 weeks. Then she rapidly deteriorated, going between lucid dreams and delerium. Just under a week later, she passed away, leaving me the sole woman in the household, at only 11\u2026\u2026\n\nMy life changed for the worse\n\n", "ficly_author_avatar_url": "http://cdn.ficly.com/icons/2536/avatar.jpg", "ficly_author_nickname": "Jenni Summers", "ficly_story_int": 10709, "ficly_author_url": "http://ficly.com/authors/jennisummers", "ficly_sequels": [{"ficly_sequel_int": 11148, "ficly_sequel_title": "In the Shadows of Men (10)", "ficly_sequel_url": "http://ficly.com/stories/11148"}], "ficly_story_title": "In The Shadows Of Men (9)"}