{"ficly_prequels": [{"ficly_prequel_url": "http://ficly.com/stories/10341", "ficly_prequel_title": "In the Shadows of Men (5)", "ficly_prequel_int": 10341}], "ficly_story_url": "http://ficly.com/stories/10425", "ficly_story": "When my Uncle sat back down, my Aunt passed me a plate of eggs and ham to place on the table. Like a good little farm girl, I placed the plate in front of him and headed back to the range, for my cousins plate.\n\nEarlier in the morning, without me knowing, my Aunt had accidentally spilt a little water very close to the table and hadn\u2019t managed to clean it up yet. This I only leanred later that day. As I was placing the plate before him, one of my feet slipped from under me. I tumbled and the plate of food had landed in my cousins lap.\n\n\u201cFATHER!\u201d he cried, \u201cLOOK WHAT SHE DID!\u201d his face like thunder he continued, \u201cSHE DID IT ON PURPOSE!\u201d\n\nUnfortunately, being only five, I knew no better than to say, \u201cNo I didn\u2019t, I slipped\u201d\n\nHere my Uncle stood up, towering over me as I sat on the floor where I had fallen.\n\n\u201cAre you telling me that your cousin is a liar?\u201d his voice hushed and dangerous, even i could see I\u2019d said the wrong thing.\n\n", "ficly_author_avatar_url": "http://cdn.ficly.com/icons/2536/avatar.jpg", "ficly_author_nickname": "Jenni Summers", "ficly_story_int": 10425, "ficly_author_url": "http://ficly.com/authors/jennisummers", "ficly_sequels": [{"ficly_sequel_int": 10469, "ficly_sequel_title": "In the Shadows Of Men (7)", "ficly_sequel_url": "http://ficly.com/stories/10469"}], "ficly_story_title": "In the Shadows of Men (6)"}