{"ficly_prequels": [{"ficly_prequel_url": "http://ficly.com/stories/104", "ficly_prequel_title": "But I'm Not", "ficly_prequel_int": 104}], "ficly_story_url": "http://ficly.com/stories/106", "ficly_story": "**Sergei**\n\n\u201cExcuse me, sir-\u201c Sergei Reinmarker called out to a smartly dressed gentleman walking past. \u201cCould you tell me-\u201c The gentleman continued walking, completely ignoring Sergei. \u201cI guess not\u2026\u201d muttered Sergei. He stood alone in the rain, on the docks of the town of New Hope in the New Land Provinces. He was average height, with pale blond hair pulled back in a short ponytail and friendly blue eyes. A ragged pack was slung over his shoulder, slowly dripping as the rain beat down upon it.\n\nSergei sighed and shook the water out of his eyes. He trod slowly down the street, away from the ship that had brought him to this new land. _It is nice,_ Sergei thought to himself, to be on land again. _But what a strange land!_\n\n", "ficly_author_avatar_url": "http://cdn.ficly.com/icons/2978/avatar.jpg", "ficly_author_nickname": "Insert Pen Name Here", "ficly_story_int": 106, "ficly_author_url": "http://ficly.com/authors/insertpennamehere", "ficly_sequels": [{"ficly_sequel_int": 110, "ficly_sequel_title": "Her Spot", "ficly_sequel_url": "http://ficly.com/stories/110"}], "ficly_story_title": "New Land"}