{"ficly_prequels": [{"ficly_prequel_url": "http://ficly.com/stories/1082", "ficly_prequel_title": "Best Ride In the Park", "ficly_prequel_int": 1082}], "ficly_story_url": "http://ficly.com/stories/1085", "ficly_story": "I\u2019ve been coming here since I was six, and I\u2019ve been riding double blacks since I was ten. I found the trails on accident, and I\u2019ve only run into a couple of people. Of course, ski patrol keeps an eye on it to make sure no one goes back there, but they\u2019re easy to trick.\n\nGlancing around, I see no one from ski patrol up here. No adults, even. This is when everyone starts going back to the buses.\n\nSkiers and snowboarders start going past me, all focused on the ramps ahead. Most won\u2019t even land it, but they\u2019re not paying any attention to me, and that\u2019s perfect.\n\nCarefully, I slide diagonally across the hill and reach the partially-hidden opening to the woods. Turning left next to the tree stump, I have to work my way through the maze of trees and saplings until I reach a different clearing.\n\nI pull out my cell phone again. Still about forty minutes left. I\u2019m never late, and even if I was,   Anna would hold the bus for me and come up with some lame excuse.\n\nIn the meantime, I\u2019ll break the rules.\n\n", "ficly_author_avatar_url": "http://cdn.ficly.com/icons/304/avatar.jpg", "ficly_author_nickname": "sesquipedalian", "ficly_story_int": 1085, "ficly_author_url": "http://ficly.com/authors/sesquipedalian", "ficly_sequels": [], "ficly_story_title": "Breaking Rules"}