{"ficly_prequels": [{"ficly_prequel_url": "http://ficly.com/stories/10121", "ficly_prequel_title": "The Briefing", "ficly_prequel_int": 10121}], "ficly_story_url": "http://ficly.com/stories/10122", "ficly_story": "\u201cThe Influenza virus normally causes a respiratory infection,\u201d Carter continued, \u201cbut this mutated virus is insidious; it attacks the cells DNA by causing the cells to go dormant. It then re-programs the cells to ignore any commands except the virus\u2019 and destroyes all nerve endings, causing the host to become a mindless feeding machine. Zombies, if you will.\u201d\n\n\u201cWhat plans do we have in place to combat this?\u201d Lt Col Jessup\u2019s said, fearing the answer.\n\n\u201cQuarantine. Your SpecOp boys are to stay put.\u201d Gen Moore ordered.\n\n\u201cSo we leave my men to die?\u201d\n\n\u201cWe are not to expend any more assets to assist them. Do I make myself clear, Colonel?\u201d\n\n\u201cYes, sir\u201d Jessup saluted, and then marched out.\n\n\u201cThat\u2019s one fucked up order.\u201d Finley said as he shut the briefing door behind them.\n\n\u201cYou know what _orders_ are, don\u2019t you, Sergeant Major?\u201d Jessup looked over as Finley nodded. \u201cGood, then you\u2019ll know when I\u2019m breaking them. Get hold of the S-3, a Major Richards, and make sure that spectre gunship buys our guys some time.\u201d\n\n", "ficly_author_avatar_url": "http://cdn.ficly.com/icons/3450/avatar.jpg", "ficly_author_nickname": "Krulltar", "ficly_story_int": 10122, "ficly_author_url": "http://ficly.com/authors/jestersrequiem", "ficly_sequels": [{"ficly_sequel_int": 15344, "ficly_sequel_title": "Improper Use of Military Equipment", "ficly_sequel_url": "http://ficly.com/stories/15344"}], "ficly_story_title": "End of the Briefing"}