{"ficly_prequels": [], "ficly_story_url": "http://ficly.com/stories/1036", "ficly_story": "The faint music of the orchestra could be heard leaking out of the hall into the cooling autumn air. It was late; the dew had already formed and its glitters spread over the ground like a sea of sparkling gems, and the orange and red leaves of the season drifted lazily through a firefly ballet. I was so caught up in the moment I didn\u2019t even realize that the slow rhythm of the waltz had faded away.\n\nOur strides slowed to a halt and I let him lead me over to a nearby bench. I didn\u2019t realize how cold it had gotten until I sat down on the slimy moist stone surface. I never really got cold though, before long I was wrapped in his arms under a blanket of stars.\n\nAs wonderful as the night was I could tell something was troubling him. The entire evening he has been uneasy, even now I can feel his chest rising and falling at an unsettled pace. I was going to speak but I know he wouldn\u2019t have heard me I could tell by his eyes, it was like he had retreated into himself, trying to convince himself to do something\u2026\n\n", "ficly_author_avatar_url": "http://cdn.ficly.com/icons/3185/avatar.jpg", "ficly_author_nickname": "Scrawler's Secret", "ficly_story_int": 1036, "ficly_author_url": "http://ficly.com/authors/josie", "ficly_sequels": [{"ficly_sequel_int": 1053, "ficly_sequel_title": "Perfect Evening", "ficly_sequel_url": "http://ficly.com/stories/1053"}], "ficly_story_title": "The Night Time Waltz"}