{"ficly_prequels": [{"ficly_prequel_url": "http://ficly.com/stories/10481", "ficly_prequel_title": "The Chronomechs (3)", "ficly_prequel_int": 10481}], "ficly_story_url": "http://ficly.com/stories/10667", "ficly_story": "Lucian burst through the shop\u2019s rear entrance, into the alleyway beyond. Racing through the riot of falling snow, he could hear the Chronomech shatter through the door behind him. With the leather bound item tucked against his chest, Lucian ran towards the mouth of the alleyway, where it emptied into the street beyond. Each thundering step of the Chronomech seemed to echo in time with Lucian\u2019s beating heart as it drew closer to him.   Suddenly, a massive carriage stopped directly in front of the alleyway entrance, effectively blocking Lucian\u2019s escape. The young man tried to cry out in frustration, but he couldn\u2019t catch his breath to cry out. As he drew ever closer to the carriage, it\u2019s door swung slowly open. Lucian looked on in wonder, as a beautiful young woman calmly stepped out of the cab\u2019s interior and stood before him, hands on her hips. Her long, red hair was tied back with a green ribbon which matched a velvet dress of the same color.   \u201cGet in the cab,\u201d she commanded. \u201cI\u2019ll take care of this.\u201d\n\n", "ficly_author_avatar_url": "http://cdn.ficly.com/icons/1768/avatar.jpg", "ficly_author_nickname": "Christopher Aylett", "ficly_story_int": 10667, "ficly_author_url": "http://ficly.com/authors/aylett", "ficly_sequels": [{"ficly_sequel_int": 11097, "ficly_sequel_title": "The Chronomechs (5)", "ficly_sequel_url": "http://ficly.com/stories/11097"}], "ficly_story_title": "The Chronomechs (4)"}