{"ficly_prequels": [{"ficly_prequel_url": "http://ficly.com/stories/10242", "ficly_prequel_title": "Fidgeting", "ficly_prequel_int": 10242}], "ficly_story_url": "http://ficly.com/stories/10791", "ficly_story": "Shortly after that, the exit nearest the parked sports car burst open, and Lisa dashed for Fur, gripping a bookish-looking man with a briefcase by the arm before shoving him in and diving in herself.\n\n\u201cJim, Sera, run interference for me!\u201d Lisa shouted over the radio as the Lotus shot away, deftly dodging out onto the road. James needed no further instructions. Slamming Sera\u2019s transmission into drive, they peeled out of the parking spot as the white sedan sped off in pursuit. The van and rollback, respectively hindered by the need to retrieve it\u2019s passengers and lack of room to maneuver, found themselves facing an upturned Toyota Venza suddenly occupying the parking lot street access, on it\u2019s roof. Sera\u2019s raised suspension, however, made short work of hopping onto the lawn and out to the street, roaring off after the sports car and it\u2019s pursuer.\n\n\u201cDamnit Jim, Fur\u2019s a scout, not a heavy combatant, I can\u2019t deal with this guy for long!\u201d Lisa shouted again, but the battle-scarred truck was already closing the gap.\n\n", "ficly_author_avatar_url": "http://cdn.ficly.com/icons/1586/avatar.jpg", "ficly_author_nickname": "Cossy", "ficly_story_int": 10791, "ficly_author_url": "http://ficly.com/authors/cossy", "ficly_sequels": [{"ficly_sequel_int": 22512, "ficly_sequel_title": "The Quintessential Pickup", "ficly_sequel_url": "http://ficly.com/stories/22512"}], "ficly_story_title": "Playing Catch Up"}