{"ficly_prequels": [{"ficly_prequel_url": "http://ficly.com/stories/10488", "ficly_prequel_title": "When the clock struck four.... Part 1", "ficly_prequel_int": 10488}], "ficly_story_url": "http://ficly.com/stories/10489", "ficly_story": "It was unfortunate then, the remaining lumberjack\u2019s friend was dead, and he was very, very angry. \u201cDamn\u201d he said as he swung his huge, blood covered axe blade at me. I dodged, but a drop of infected zombie baby blood got in my eye, it was not until then that I noticed the zombie baby\u2019s corpse hanging in the tree above me. I fell down, and large, pulsing growths grew on my hands and feet; they spread throughout my body. I rose to my feet. I thought I must have been 17 feet taller, as I was approximately 9 feet above the trees. Little did I know that I had simply landed on a super-duper trampoline when I fell and was in the process of rapidly falling. The child eating lumberjack, predicting where I would land, set up 20 wooden spikes in a 10 foot radius right beneath me.\n\n", "ficly_author_avatar_url": "http://cdn.ficly.com/icons/1733/avatar.jpg", "ficly_author_nickname": "The Athiest", "ficly_story_int": 10489, "ficly_author_url": "http://ficly.com/authors/elderlyons", "ficly_sequels": [{"ficly_sequel_int": 10490, "ficly_sequel_title": "When the clock struck four... Part 3", "ficly_sequel_url": "http://ficly.com/stories/10490"}], "ficly_story_title": "When the clock struck four... Part 2"}