{"ficly_prequels": [{"ficly_prequel_url": "http://ficly.com/stories/916", "ficly_prequel_title": "The Piece of String", "ficly_prequel_int": 916}], "ficly_story_url": "http://ficly.com/stories/1043", "ficly_story": "You make a loop with the string, it turns into a black hole and spits you out to replace yourself as you disappear into hyperspace. Then you realize that you exist and are puzzled.\n\nGo back to the beginning.\n\n", "ficly_author_avatar_url": "http://cdn.ficly.com/icons/1002/avatar.jpg", "ficly_author_nickname": "Fyora Cartagan", "ficly_story_int": 1043, "ficly_author_url": "http://ficly.com/authors/4213", "ficly_sequels": [], "ficly_story_title": "The Loop"}