{"ficly_prequels": [{"ficly_prequel_url": "http://ficly.com/stories/10998", "ficly_prequel_title": "The Man in the Black Cloak", "ficly_prequel_int": 10998}], "ficly_story_url": "http://ficly.com/stories/11000", "ficly_story": "Supreme Monarch Edgar stared at the statistics.\n\n\u201cThe indians have been expanding over the reserves sir.\u201d His royal advisor Mark said\n\n\u201cI can see that Mark. But why haven\u2019t the perimeter markers stopped them?\u201d\n\n\u201cBecause they were destroyed in a storm.\u201d\n\n\u201cWhat!? All of them?\u201d\n\n\u201cAll of them.\u201d\n\nThe monarch paused for a second staring at the papers.\n\n\u201cWhat do you think we should do Mark?\u201d\n\n\u201cWell we can\u2019t-\u201d\n\n\u201cDon\u2019t tell me what we frickin CAN\u2019T do! Tell me what we can!\u201d\n\nMark paused and looked at him evenly.\n\n\u201cI was getting to that.\u201d\n\nThe Supreme Monarch stared at him warningly.\n\n\u201cI think we should quickly exterminate them all. THey violated the agreement which means we can declare war.\u201d Mark said\n\n\u201cBut they were here first!\u201d\n\n\u201cBut we are here now.\u201d\n\nEdgar got up and walked out of the room.\n\n\u201cIs it right to declare war on the indians?\u201d Edgar asked the guard stationed at the door.\n\nThe guard simply replied with this.\n\n\u201cA man doth knowest right from wrong. The answer to your question is this\u2026\u201d\n\n**Is it wrong?**\n\n", "ficly_author_avatar_url": "http://cdn.ficly.com/icons/1017/avatar.jpg", "ficly_author_nickname": "The Silence [All By Myself] {LoA}", "ficly_story_int": 11000, "ficly_author_url": "http://ficly.com/authors/silentstorm", "ficly_sequels": [], "ficly_story_title": "The Problem with the Indians"}