{"ficly_prequels": [{"ficly_prequel_url": "http://ficly.com/stories/10475", "ficly_prequel_title": "The Old House on St. Godson Street Part 1", "ficly_prequel_int": 10475}], "ficly_story_url": "http://ficly.com/stories/10476", "ficly_story": "\u201cWhat is it! Mary!\u201d Emily shouted over her screams. Mary pointed at Roger\u2019s bed. Roger was gone, and the bed had red stains on it.   \u201cWhat\u2019s that red on his bed?\u201d Jackie asked, her voice shaking.   \u201cI think it\u2019s blood!\u201d Emily squeaked.   \u201cRoger\u2019s probably just playing a prank on us. You know him. He just wants to scare us,\u201d Mat said, trying to convince them. But he couldn\u2019t even convince himself. Jackie gets up and walks over to Roger\u2019s bed. She sniffs one of the stains. Her eyes widened.   \u201cIt\u2019s blood. Come smell,\u201d she said, her voice barely audible. They did, and then they all huddled together in the middle of the floor. The girls were whimpering, and Mat was trying to make sense of the stains.   \u201cLets all go back to bed. Well try and find Roger latter,\u201d Mat said.   \u201cBut he\u2019s dead,\u201d Jackie said, but she obeyed Mat and went to bed.   \u201cNo, I\u2019m sure he\u2019s just pranking us,\u201d Mat said. They went back to bed. But before they fell asleep, they heard a low moaning coming from the hallway.\n\n", "ficly_author_avatar_url": "http://cdn.ficly.com/icons/4309/avatar.jpg", "ficly_author_nickname": "maximumride36", "ficly_story_int": 10476, "ficly_author_url": "http://ficly.com/authors/maximumride36", "ficly_sequels": [{"ficly_sequel_int": 10512, "ficly_sequel_title": "The Old House on St. Godson Street Part 3", "ficly_sequel_url": "http://ficly.com/stories/10512"}], "ficly_story_title": "The Old House on St. Godson Street Part 2"}