{"ficly_prequels": [], "ficly_story_url": "http://ficly.com/stories/1094", "ficly_story": "He looked like shit, that was for sure. He stared in the mirror, his under- slept and over-worked face staring back at him. He hated the idea of putting public bathroom water on his face, but he splashed some of the cool water on hoping it would wash away some of the sickly sticky sleepiness wearing him down. The water was cool, refreshing, disgusting. God he hated public restrooms. He reached for some paper towels to dry his face but, naturally, there were none. He stuck his hand up into the dispenser, hoping to grasp that one magical towel floating just out of reach, but pulled back nothing.\n\nHe wiped off his face dry (mostly) with his jacket sleeve and checked his watch. 10:47, he still had just under 15 minutes until his next flight. He took a few deep breaths and readied himself to reenter the hustle and bustle of the airport and stepped out of the bathroom.\n\nOnly, he wasn\u2019t greeted with the cacophony of the food court, instead screaming silence.\n\n", "ficly_author_avatar_url": "http://cdn.ficly.com/icons/981/avatar.jpg", "ficly_author_nickname": "Ronnie", "ficly_story_int": 1094, "ficly_author_url": "http://ficly.com/authors/munkybut", "ficly_sequels": [{"ficly_sequel_int": 1079, "ficly_sequel_title": "Our house is glass.", "ficly_sequel_url": "http://ficly.com/stories/1079"}], "ficly_story_title": "Mirror"}