{"ficly_prequels": [{"ficly_prequel_url": "http://ficly.com/stories/10076", "ficly_prequel_title": "Cat on the Case", "ficly_prequel_int": 10076}], "ficly_story_url": "http://ficly.com/stories/10171", "ficly_story": "The only thing that smells worse than wet dog is dead dog. I\u2019d meant to wound the big idiot, but I\u2019d also meant to not get pummeled. Priorities have a funny way of falling into place.\n\n\u201cThomas!\u201d came the shrill call, preceding the good homicide detective\u2019s entrance into my office. She came in with a huff, hands on her hips and her hair done up perfectly. The words started tumbling out of her mouth faster than I could register, the usual tirade about messes, her time, needing to sweep up after me, and property damage. I wasn\u2019t inclined to point it was my property that had been damaged.\n\nPaws up in surrender, I yielded the crime scene to her and hit the streets. She didn\u2019t even make a pretense of warning me against retribution as I left. If there\u2019s one constant in this part of town, this crazy, upside down world which we inhabit, it\u2019s that what goes around comes around.\n\nAs far as I was concerned, Jerry had been sowing chaos and violence long enough from behind those big, dopey, \u2019I\u2019m so innocent\u2019 eyes.\n\n", "ficly_author_avatar_url": "http://cdn.ficly.com/icons/29/AHFL_icon.JPG", "ficly_author_nickname": "THX 0477", "ficly_story_int": 10171, "ficly_author_url": "http://ficly.com/authors/thx0477", "ficly_sequels": [], "ficly_story_title": "Enter Mrs. Detective"}