{"ficly_prequels": [{"ficly_prequel_url": "http://ficly.com/stories/10318", "ficly_prequel_title": "In the Shadows Of Men (3)", "ficly_prequel_int": 10318}], "ficly_story_url": "http://ficly.com/stories/10327", "ficly_story": "Once I was dressed she ushered me out into the kitchen and instructed me to go and collect eggs from the chicken coops for breakfast. This I did unhesitatingly, we were playing a game of course. I returned half an hour later with a full basket of eggs and a handful of wild flowers, my hair full of small pieces of hay. When my Aunt saw me she scolded me for dawdling and sent me to go get cleaned up.\n\nI found this a bit of a shock, considering the ease and frivolous nature of the past years, but nevertheless I took the hay out of my hair and skipped into the kitchen. Here again my Aunt scolded me, saying it was inappropriate to skip within the house. She bid me lay the table. When I begun to lay it for all four of us she took my hands and crouched down in front of me. \u201cDana,\u201d she said. \u201cYou are only setting the table for two, your Uncle and your Cousin\u201d\n\nI replied with a childs naiveity \u201cBut why Aunt Mary?\u201d\n\n\u201cBecause they are men sweet one,\u201d she explained. \u201cThey take the higher status in the household\u201d\n\n", "ficly_author_avatar_url": "http://cdn.ficly.com/icons/2536/avatar.jpg", "ficly_author_nickname": "Jenni Summers", "ficly_story_int": 10327, "ficly_author_url": "http://ficly.com/authors/jennisummers", "ficly_sequels": [{"ficly_sequel_int": 10341, "ficly_sequel_title": "In the Shadows of Men (5)", "ficly_sequel_url": "http://ficly.com/stories/10341"}], "ficly_story_title": "In the Shadows of Men (4)"}