{"ficly_prequels": [{"ficly_prequel_url": "http://ficly.com/stories/10142", "ficly_prequel_title": "Good Riddance", "ficly_prequel_int": 10142}], "ficly_story_url": "http://ficly.com/stories/10144", "ficly_story": "\u201cSo,\u201d Charlotte ran her fingers through her curly black hair, \u201cYou heard everything you needed to know, now leave.\u201d   My heart lept from her words. I didn\u2019t want to leave. I was afraid that once I left she\u2019d begin tearing at her arm again. She was already shoving me out the door, \u201cWait! Don\u2019t you want to hear my story? I can tell you about my life too!\u201d   She gave me a pained expression for a split second before it disappeared and she coldly stated, \u201cI don\u2019t care about your life!\u201d   Her comment left me so shocked that it gave her the upper hand and allowed her to get me out the door and slammed it behind me.\n\nI stayed sitting on the ground in the apartment\u2019s hallway feeling dumbfounded. Here was a girl who spilled her entire godawful past and drew insane pictures of me, yet will immediately turn around and practically slap me in the face.\n\nIt had to do with her father, I assured myself, she doesn\u2019t hate you.\n\nBut wait, why was I caring whether or not she hated me?\n\nWhy am I caring so much?\n\nWhy me?\n\n", "ficly_author_avatar_url": "http://cdn.ficly.com/icons/1493/avatar.jpg", "ficly_author_nickname": "Nymphaea Rose", "ficly_story_int": 10144, "ficly_author_url": "http://ficly.com/authors/nymphaearose", "ficly_sequels": [{"ficly_sequel_int": 12091, "ficly_sequel_title": "Mr. Brightside", "ficly_sequel_url": "http://ficly.com/stories/12091"}], "ficly_story_title": "You Oughta Know"}