{"ficly_prequels": [{"ficly_prequel_url": "http://ficly.com/stories/9895", "ficly_prequel_title": "Revolution with a capital R", "ficly_prequel_int": 9895}], "ficly_story_url": "http://ficly.com/stories/10483", "ficly_story": "His breath is hot and heavy on my neck. I resist the urge to retch at his Nacho Cheese Doritios breath as he traps me against the wall. I try to wiggle out of his grasp, but his hands push hard on my shoulders, grinding them into the wall.\n\n\u201cStill ignoring me, babe?\u201d he breathes.\n\nI ignore the question and call out for help, even though I know no one will come. Hell, I can hear them laughing at me now, though I can\u2019t see them past his broad frame. I hear someone whisper, \u201cTake a video of this!\u201d and know this will be on Youtube within the hour.\n\nWhen I don\u2019t answer him, he pushes harder. \u201cBaby, you gotta break this habit of not talkin\u2019 to me.\u201d I don\u2019t answer this remark either. He covers my mouth with his own and kisses me roughly, breathing that disgusting breath down my throat.\n\nI make a horrible strangled sound. Why, why hasn\u2019t a teacher seen what\u2019s going on? Why why?\n\n\u201cI\u2019ll ask you one more time: why you been ignoring me?\u201d he grunts, trying to grind my bones to dust. He stares at me, waiting for an answer.\n\n", "ficly_author_avatar_url": "http://cdn.ficly.com/icons/1940/avatar.jpg", "ficly_author_nickname": "Paige Leigh", "ficly_story_int": 10483, "ficly_author_url": "http://ficly.com/authors/rockingawesome", "ficly_sequels": [], "ficly_story_title": "No Salvation Here"}