{"ficly_prequels": [{"ficly_prequel_url": "http://ficly.com/stories/10686", "ficly_prequel_title": "The Hiding pt.8", "ficly_prequel_int": 10686}], "ficly_story_url": "http://ficly.com/stories/10687", "ficly_story": "It was the voice of the short postman that had delivered the first two packages. He peered at the quivering, lumpy package lying on the doorstep of 42 Spiker Street. He waited with a tranquil complexion until the package finally stopped squirming. He heard Mary\u2019s last breath escape her cold lips, and rolled his eyes.   \u201cFinally!\u201d he mumbled.   His job was complete. He rang the doorbell and disappeared into the night.   Stuck onto the now still paper package was a small note. It read:   Don\u2019t look for us in shadows, you will never find us; we always hide in plain sight.\n\n", "ficly_author_avatar_url": "http://cdn.ficly.com/icons/1883/avatar.jpg", "ficly_author_nickname": "tinkerbelle", "ficly_story_int": 10687, "ficly_author_url": "http://ficly.com/authors/tinkerbelle", "ficly_sequels": [], "ficly_story_title": "The Hiding pt.9"}