{"ficly_prequels": [{"ficly_prequel_url": "http://ficly.com/stories/10755", "ficly_prequel_title": "The Day Everything Changed", "ficly_prequel_int": 10755}], "ficly_story_url": "http://ficly.com/stories/10756", "ficly_story": "On December 11th, Nancy arrived at the studio of WPGS Productions as per the letter\u2019s instruction. She had dressed in her best outfit, a pale pink suit that her husband Dale had bought for her last year.\n\nDale was not as enthusiastic about Nancy\u2019s television debut. Where Nancy saw an enormous opportunity for money and fame, Dale saw his poor wife, sprawled on a stretcher. Nonetheless, he had accompanied Nancy to WPGS\u2019s headquarters.\n\nAfter they introduced themselves to a receptionist, she gestured for them to to have a seat and someone would be with them soon. Someone was with them, though not soon. The man introduced himself as \u201cRick Riodran! Proudcer of Treadmills to Bucks!\u201d He spoke in all exclamation marks and had a jaunty self- assured air about him.\n\nHe outlined the dangers and, quote, \u201call that legal mumbo jumbo.\u201d He produced a contract which Nancy signed immediately, despite a warning from Dale.\n\nRick smiled at her. \u201cExcellent. We\u2019ll see you back here on the day of the show, December 30th.\u201d\n\n", "ficly_author_avatar_url": "http://cdn.ficly.com/icons/1940/avatar.jpg", "ficly_author_nickname": "Paige Leigh", "ficly_story_int": 10756, "ficly_author_url": "http://ficly.com/authors/rockingawesome", "ficly_sequels": [], "ficly_story_title": "Contract"}