{"ficly_prequels": [{"ficly_prequel_url": "http://ficly.com/stories/10538", "ficly_prequel_title": "A week earlier", "ficly_prequel_int": 10538}], "ficly_story_url": "http://ficly.com/stories/10620", "ficly_story": "George McGraw, Captured At Last\n\nThe fiendish rapist and sex trafficker George McGraw has finally been caught. Women all over the city are breathing a huge sigh of relief as reports go out that he has finally been jailed.Police interviews have revealed that they\u2019d known where his lair was for a long time and that they were waiting for the oppurtune moment to strike. Inside were 15 young girls, aging between 14 and 26. These girls are traumatised and are receiving councilling from experts. They shall remain anonymous and be placed under police protection for as long as they live. The details of the raid are shaky but it has been rumoured that the police opperated of their own accord o bring this criminal to justice.\n\nZoe tutted and folded the paper, placing it back on the shelf. No mention of any secret agents or undercover missions. Still. Zoe started walking down the street. No secret agent ever gets public recognition for what they\u2019ve done.\n\n", "ficly_author_avatar_url": "http://cdn.ficly.com/icons/2536/avatar.jpg", "ficly_author_nickname": "Jenni Summers", "ficly_story_int": 10620, "ficly_author_url": "http://ficly.com/authors/jennisummers", "ficly_sequels": [], "ficly_story_title": "Extra, Extra! Read all about it!"}