{"ficly_prequels": [{"ficly_prequel_url": "http://ficly.com/stories/1088", "ficly_prequel_title": "Twisted Love - Mary the know-it-all", "ficly_prequel_int": 1088}], "ficly_story_url": "http://ficly.com/stories/1090", "ficly_story": "3 minutes later Come What May could be heard coming from Hannah\u2019s pocket. Mary sure was quick with the responses.\n\nFunny thing was, she might not understand standard formal English, but she sure could write it. Her response read, \u201cAs far as my and my infinite knowledge are concerned, the male in question is not currently involved in any form of relationship with either of the sexes. Nor does he seem to be in pursuit of any particular person at the moment or have had a significant other in recent times. I have yet to share that specific kind of knowledge with him so I cannot describe to you his skills or abilities. It is my personal opinion that if you wish to seek a closer connection there are no seeable objections from any party. Good luck.\u201d\n\n", "ficly_author_avatar_url": "http://cdn.ficly.com/icons/260/avatar.jpg", "ficly_author_nickname": "penguincaptain", "ficly_story_int": 1090, "ficly_author_url": "http://ficly.com/authors/vicky", "ficly_sequels": [{"ficly_sequel_int": 1091, "ficly_sequel_title": "Twisted Love - A Miracle", "ficly_sequel_url": "http://ficly.com/stories/1091"}], "ficly_story_title": "Twisted Love - The Answer"}