{"ficly_prequels": [{"ficly_prequel_url": "http://ficly.com/stories/859", "ficly_prequel_title": "The Moldy Cheese", "ficly_prequel_int": 859}], "ficly_story_url": "http://ficly.com/stories/1045", "ficly_story": "You go back the way you seem to have come. Just because there\u2019s two paths in front of you doesn\u2019t mean you have to pick one. Sheesh. How cliche.\n\nYou find a peanut.\n\nYou can:   Eat it.   Boil it.   Crack it open.   Put it in your pocket.\n\n", "ficly_author_avatar_url": "http://cdn.ficly.com/icons/1002/avatar.jpg", "ficly_author_nickname": "Fyora Cartagan", "ficly_story_int": 1045, "ficly_author_url": "http://ficly.com/authors/4213", "ficly_sequels": [{"ficly_sequel_int": 1069, "ficly_sequel_title": "Eating the Peanut", "ficly_sequel_url": "http://ficly.com/stories/1069"}], "ficly_story_title": "Go Back!"}