{"ficly_prequels": [{"ficly_prequel_url": "http://ficly.com/stories/10994", "ficly_prequel_title": "Background (I)", "ficly_prequel_int": 10994}], "ficly_story_url": "http://ficly.com/stories/10997", "ficly_story": "\u201cYour dark past?\u201d I ask.\n\n\u201cYeah,\u201d he begins, \u201cremember what I said about getting a girl pregnant? Well, that\u2019s not exactly the whole story. What really happened is a longer story.\u201d\n\n\u201cI\u2019m in no rush to go home.\u201d\n\n\u201cOkay, well, the whole truth is that not only did I really get her pregnant, but\u2026 I gave her HIV, and before you go all bitchy, I don\u2019t have AIDs and I\u2019m on treatment,\u201d I\u2019m breathing heavily and shaking with my eyes full of tears. This cannot be happening.\n\n\u201cI made sure we used protection,\u201d I tell him through my tears.\n\n\u201cI know. So you might still be safe, but I just thought I should tell you.\u201d\n\nOh God, please no. I\u2019ve done some fucked up things, but God please. Don\u2019t punish me like this.\n\n\u201cSay something, Stacie, please!\u201d\n\n\u201cWhat the FUCK do you want me to say, Ethan? You put me in risk of getting HIV and it\u2019s the last thing that could happen to me right now. I don\u2019t fucking need this!\u201d I yell crying more now.\n\n\u201cI\u2019m really sorry.\u201d\n\n\u201cSave your bullshit! I never want to see your fucking face.\u201d\n\n", "ficly_author_avatar_url": "http://cdn.ficly.com/icons/2392/avatar.jpg", "ficly_author_nickname": "Mr.Gabriel", "ficly_story_int": 10997, "ficly_author_url": "http://ficly.com/authors/mistergabriiel", "ficly_sequels": [{"ficly_sequel_int": 11003, "ficly_sequel_title": "Breaking Down (I)", "ficly_sequel_url": "http://ficly.com/stories/11003"}], "ficly_story_title": "Background (II)"}