{"ficly_prequels": [{"ficly_prequel_url": "http://ficly.com/stories/10332", "ficly_prequel_title": "My Night With Ethan: The Nadir", "ficly_prequel_int": 10332}], "ficly_story_url": "http://ficly.com/stories/10333", "ficly_story": "Ethan\u2019s eyes rolled to the back of head and closed as his fingers grasped and began to move in an upward motion. My eyes drew wider at the pleasure pulsing through his face. He bit on his lower lip tightly, and his body began to heave in line with his slow hand movements.\n\nMy hand found its way into my boxers and unbuttoned the top flap, relieving myself of restraint. My fingers quivered as they embraced inside. Indifference drove through my veins and I was afraid to continue. At that moment, Ethan\u2019s eyes reemerged, locked on me, lost in lust. He nodded.\n\n\u201cGo ahead little boy. You know you want to.\u201d\n\n", "ficly_author_avatar_url": "http://cdn.ficly.com/icons/1769/avatar.jpg", "ficly_author_nickname": "Gabe Davis", "ficly_story_int": 10333, "ficly_author_url": "http://ficly.com/authors/gabed", "ficly_sequels": [], "ficly_story_title": "My Night With Ethan: The Apogee"}