{"ficly_prequels": [{"ficly_prequel_url": "http://ficly.com/stories/10235", "ficly_prequel_title": "The Diary of Three Friend 7 (continued)", "ficly_prequel_int": 10235}], "ficly_story_url": "http://ficly.com/stories/10298", "ficly_story": "I need to delete this and I don\u2019t know how! Please let me know if you do!\n\n", "ficly_author_avatar_url": "http://cdn.ficly.com/icons/1784/avatar.jpg", "ficly_author_nickname": "Peace.Love.Softball", "ficly_story_int": 10298, "ficly_author_url": "http://ficly.com/authors/emme", "ficly_sequels": [], "ficly_story_title": "I can't Delete It!"}