{"ficly_prequels": [{"ficly_prequel_url": "http://ficly.com/stories/10104", "ficly_prequel_title": "The forest", "ficly_prequel_int": 10104}], "ficly_story_url": "http://ficly.com/stories/10105", "ficly_story": "The forest was old \u2013 that much was certain.   Ancient trees hung with moss, roots all tangled together.   It was also dark; and the air was dank.\n\nThe forest filled me with terror \u2013 what ghosts and spirits are in here?   What demons await me?   But what choice did I have?   I stepped into the great wood and headed into the darkness.\n\nThat night, I lay in my camp. Listening.   Listening to the sounds of the forest; the creaking of the ancient trees, the shuffling and breathing of creatures unseen and unknown, the sudden crack of a stick nearby, and the booming of my heart afterwards.   Listening and imagining what lay around me in the darkness.\n\nWhy do people fear the night, I asked myself, why do I of all people fear this darkness, this unknown?   And then, suddenly, I understood.   There are no ghosts, I realised, no demons in the dark can haunt us.   The answer was simple!\n\nYou have returned, they said.   As I promised, I replied.   What was there?   Something valuable. I shall teach you.\n\n", "ficly_author_avatar_url": "http://cdn.ficly.com/icons/1773/avatar.jpg", "ficly_author_nickname": "transit", "ficly_story_int": 10105, "ficly_author_url": "http://ficly.com/authors/transit", "ficly_sequels": [], "ficly_story_title": "Afraid of the dark"}