{"ficly_prequels": [{"ficly_prequel_url": "http://ficly.com/stories/10870", "ficly_prequel_title": "Surprises (II)", "ficly_prequel_int": 10870}], "ficly_story_url": "http://ficly.com/stories/10925", "ficly_story": "\u201cIf we\u2019re gonna talk, it\u2019s going to be about you, not me,\u201d I wager.\n\n\u201cWe\u2019ll do Q & A,\u201d he says. I think about it for a second. The bus ride to club Majesty is long, but do I really want to confess my secrets? I ignore my conscious again, knowing I\u2019m going to make a bad choice.\n\n\u201cFine. I\u2019m going first. Why are you riding a bus? I saw your apartment, you shouldn\u2019t be riding a bus.\u201d\n\n\u201cMy parents don\u2019t want me to have a car. They think that I\u2019ll have girls in the back seats,\u201d he admits.\n\n\u201cAre you\u2014\u201d I begin, but he interrupts me with a shushing sound.\n\n\u201cIt\u2019s my turn. What happened tonight?\u201d\n\n\u201cGot in a fight with my abusive dad,\u201d I answer. He is about to ask another question, when my eyebrow goes up and he decides to stay silent, \u201cWhy do your parents think you\u2019re so promiscuous?\u201d\n\n\u201cBecause, well, I got a girl pregnant once and they\u2019re still freaking out about it, I guess,\u201d he says. The bus pulls over and I begin to walk out. He grabs my shoulder and asks, \u201cMy question is, why are you a prostitute?\u201d\n\n", "ficly_author_avatar_url": "http://cdn.ficly.com/icons/2392/avatar.jpg", "ficly_author_nickname": "Mr.Gabriel", "ficly_story_int": 10925, "ficly_author_url": "http://ficly.com/authors/mistergabriiel", "ficly_sequels": [{"ficly_sequel_int": 10932, "ficly_sequel_title": "Confessions (II)", "ficly_sequel_url": "http://ficly.com/stories/10932"}], "ficly_story_title": "Confessions (I)"}