{"ficly_prequels": [{"ficly_prequel_url": "http://ficly.com/stories/10866", "ficly_prequel_title": "Surprises (I)", "ficly_prequel_int": 10866}], "ficly_story_url": "http://ficly.com/stories/10870", "ficly_story": "\u201cFuck. You.\u201d I said and walked out the door. I couldn\u2019t win in a fight with him, so there was no use in trying. I have places to go anyway and he isn\u2019t trying to stop me.\n\nI\u2019m in the back of the bus, my bleeding cheek resting on the cold window on my way to club Majesty. I drift off into space and think about how life would have turned out differently for me if I would\u2019ve been born in a different family. Or if I was raised in a different manner.\n\n\u201cHey,\u201d says a voice taking me back to reality. I turn over and see Ethan smiling at me with his blue eyes and pearly whites.\n\n\u201cUm, hi,\u201d I say awkwardly. I wasn\u2019t expecting him to talk to me again. Except if he wanted something.\n\n\u201cWhat\u2019s wrong?\u201d He says sounding almost\u2026 sympathetic.\n\n\u201cNothing. Just\u2014\u201d then I think about it. Maybe he\u2019s just going to try and blackmail me into having sex with him, \u201c\u2014I\u2019m not having sex with you, I hope you know.\u201d\n\n\u201cI don\u2019t want to have to have sex,\u201d he points out.\n\n\u201cThen what do you honestly want?\u201d\n\n\u201cHonestly, I just want to talk.\u201d\n\n", "ficly_author_avatar_url": "http://cdn.ficly.com/icons/2392/avatar.jpg", "ficly_author_nickname": "Mr.Gabriel", "ficly_story_int": 10870, "ficly_author_url": "http://ficly.com/authors/mistergabriiel", "ficly_sequels": [{"ficly_sequel_int": 10925, "ficly_sequel_title": "Confessions (I)", "ficly_sequel_url": "http://ficly.com/stories/10925"}], "ficly_story_title": "Surprises (II)"}