{"ficly_prequels": [{"ficly_prequel_url": "http://ficly.com/stories/1004", "ficly_prequel_title": "The End, or is it?", "ficly_prequel_int": 1004}], "ficly_story_url": "http://ficly.com/stories/1006", "ficly_story": "His pain turned to anger. He pulled the blade from out of his back, turned round and bellowed \u201cI knew it would be you\u201d. She was not know he was a zombie now.\n\n", "ficly_author_avatar_url": "http://cdn.ficly.com/icons/1713/avatar.jpg", "ficly_author_nickname": "ernmander", "ficly_story_int": 1006, "ficly_author_url": "http://ficly.com/authors/ernmander", "ficly_sequels": [{"ficly_sequel_int": 1393, "ficly_sequel_title": "No...", "ficly_sequel_url": "http://ficly.com/stories/1393"}], "ficly_story_title": "Death Alive"}