{"ficly_prequels": [{"ficly_prequel_url": "http://ficly.com/stories/11003", "ficly_prequel_title": "Breaking Down (I)", "ficly_prequel_int": 11003}], "ficly_story_url": "http://ficly.com/stories/11005", "ficly_story": "I get into the back seat of the man\u2019s car which smells like fresh leather. He starts driving again and constantly looks at me through his mirror.\n\n\u201cYou\u2019re a sexy girl, you know that?\u201d He compliments.\n\n\u201cYes, I do. Otherwise you wouldn\u2019t have picked me up, right?\u201d\n\n\u201cAnd a smart girl too. You have everything I want in a girl.\u201d\n\n\u201cI\u2019m not looking for a relationship, mister. Either you pay me and we fuck or I\u2019m out,\u201d I can\u2019t believe what I\u2019m saying right now, but anger is keeping the tears away.\n\n\u201cYou\u2019re right. Hows $800 sound?\u201d He offers.\n\n\u201cWhat\u2019s the catch?\u201d I ask. People offering this type of money always have some kind of catch.\n\n\u201cI don\u2019t like condoms,\u201d he says. I inhale deeply and don\u2019t say anything for a second. No condoms crosses the line I promised myself to never cross. No condoms can cause so many complications that I assured myself would never happen. But I remind myself what happened with Ethan and I, those lines disappear along with my feelings for Ethan.\n\n\u201c$800. Deal.\u201d\n\n", "ficly_author_avatar_url": "http://cdn.ficly.com/icons/2392/avatar.jpg", "ficly_author_nickname": "Mr.Gabriel", "ficly_story_int": 11005, "ficly_author_url": "http://ficly.com/authors/mistergabriiel", "ficly_sequels": [{"ficly_sequel_int": 11065, "ficly_sequel_title": "Putting Out (I)", "ficly_sequel_url": "http://ficly.com/stories/11065"}], "ficly_story_title": "Breaking Down (II)"}