{"ficly_prequels": [{"ficly_prequel_url": "http://ficly.com/stories/10082", "ficly_prequel_title": "And Now For More of the Same", "ficly_prequel_int": 10082}], "ficly_story_url": "http://ficly.com/stories/10083", "ficly_story": "A man in a filthy macintosh scurries from lamp post to lamp post, oblivious to his complete and utter visibility on this sunny spring day. Children giggle and point as they pass the poor fellow hiding behind a post box, yet he remains convinced he is invisible to everyone around him.\n\nSuddenly, the man stops at the front door to a local eatery. He reaches into the folds of his mac and finds his cache of stolen goods. He glances first left then right. Although people are everywhere, he feels that he is well hidden. A sinister grin appears on his face and he dashes into the front door.\n\nThere is a clatter of cutlery and glass, exclamations of surprise, and before the local constabulary can arrive, he appears out the front door again, panting heavily. He cackles gleefully to the heavens and runs off.\n\nInside the eatery, there is mayhem.\n\nFrustrated patrons and staff mill about. They are confused, impatient, in need.\n\nBefore them, two doors stand in apparent conflict.\n\nWOMen.\n\nWomen.\n\nWho will save them now?\n\n", "ficly_author_avatar_url": "http://cdn.ficly.com/icons/623/avatar.jpg", "ficly_author_nickname": "Trann", "ficly_story_int": 10083, "ficly_author_url": "http://ficly.com/authors/trann", "ficly_sequels": [], "ficly_story_title": "Meanwhile, At That Very Moment In South London..."}