{"ficly_prequels": [{"ficly_prequel_url": "http://ficly.com/stories/10266", "ficly_prequel_title": "Light Blue Jeans (Part 5)", "ficly_prequel_int": 10266}], "ficly_story_url": "http://ficly.com/stories/10267", "ficly_story": "She turned her key in the lock and walked inside, closing the door behind her. She ran up to her room in a daze, until she saw a list of chores, left by her mother, lying on the dresser.   1\\. Get the mail   2\\. Empty and refill the dishwasher   3\\. Collect all the dirty washing and put it in the washing machine   4\\. Set the machine to double wash for 1 hour   5\\. Clean your room   \u2018She sure knows how to kill a good mood doesn\u2019t she\u2026\u2019 Abi grumbled to herself.   She went back outside to check the mailbox. There were three bills for her father, an invitation to a birthday party for her younger brother and a jury duty notice for her mother. She walked back up the path to the front door reading the information on the envelopes. She almost missed the small slip of paper stuck to the door and the light blue flower on the mat below.\n\n", "ficly_author_avatar_url": "http://cdn.ficly.com/icons/1883/avatar.jpg", "ficly_author_nickname": "tinkerbelle", "ficly_story_int": 10267, "ficly_author_url": "http://ficly.com/authors/tinkerbelle", "ficly_sequels": [{"ficly_sequel_int": 10268, "ficly_sequel_title": "Light Blue Jeans (Part 7)", "ficly_sequel_url": "http://ficly.com/stories/10268"}], "ficly_story_title": "Light Blue Jeans (Part 6)"}