{"ficly_prequels": [{"ficly_prequel_url": "http://ficly.com/stories/10807", "ficly_prequel_title": "Fallen Daisies (1)", "ficly_prequel_int": 10807}], "ficly_story_url": "http://ficly.com/stories/10808", "ficly_story": "There were still patches where they had been pushed to the ground by animals that used them as resting places.   The peaceful atmosphere strongly contrasted the memories it brought. He was perfect. Maybe not to everyone, but for Alice, he was her soul mate. The memories of the happy times cut deep into her broken heart. The long summer days they would spend here, in this meadow, laughing, playing, swimming. Even long before they fell in love, they were the best of friends. Born eight months apart, their mothers had known each other since their school days, and been as close as sisters during their time in the same local school that Alice and Ben had finished.   \u2018And then that terrible accident\u2026\u2019 Just the thought brought tears to Alice\u2019s worn-out eyes. Since then, their mothers hadn\u2019t talked. The hatred Alice knew Ben\u2019s mother, Jill, felt for her was excruciating. She would always blame Alice for her son\u2019s death. It had taken years to sink in, to truly understand loss.\n\n", "ficly_author_avatar_url": "http://cdn.ficly.com/icons/1883/avatar.jpg", "ficly_author_nickname": "tinkerbelle", "ficly_story_int": 10808, "ficly_author_url": "http://ficly.com/authors/tinkerbelle", "ficly_sequels": [{"ficly_sequel_int": 10810, "ficly_sequel_title": "Fallen Daisies (3)", "ficly_sequel_url": "http://ficly.com/stories/10810"}], "ficly_story_title": "Fallen Daisies (2)"}