{"ficly_prequels": [{"ficly_prequel_url": "http://ficly.com/stories/1009", "ficly_prequel_title": "A Most Usual Prince", "ficly_prequel_int": 1009}], "ficly_story_url": "http://ficly.com/stories/1016", "ficly_story": "The fairy was unusual even by fairy standards. Not that we can talk of fairy standards with any accuracy, fairy society being so different that even \u2018society\u2019 might not actually apply.\n\nThe fairy was unusual, as I was saying, because it was curious. Very curious, even by fairy \u201cstandards\u201d. To most of her thousand siblings, human contact was acceptable, the way humans played with kittens. But putting oneself at their own level? Ha! \u201cYou must be mad\u201d, they said.\n\nIt wanted to understand them. Just like it had done many nights before, it englamored herself to look like the most beautiful human being it knew \u2014 the princess who often came to that very same glen so often. And in that guise, thinking about its favorite subject (human feelings, of course) it took a bath.\n\nIt didn\u2019t know that someone was looking.\n\n", "ficly_author_avatar_url": "http://ficly.com/images/icons/avatar.jpg", "ficly_author_nickname": "millenomi", "ficly_story_int": 1016, "ficly_author_url": "http://ficly.com/authors/millenomi", "ficly_sequels": [], "ficly_story_title": "A Most Curious Fairy"}