{"ficly_prequels": [{"ficly_prequel_url": "http://ficly.com/stories/10886", "ficly_prequel_title": "A New Hope", "ficly_prequel_int": 10886}], "ficly_story_url": "http://ficly.com/stories/10888", "ficly_story": "Seth grimaced as pain shot up his leg. Carlos \u201cThe Laughing-Man\u201d cackled \u201cCan\u2019t dodge lead, can you gringo?\u201d holding the still smoking firearm in his hand.\n\nLurching forward on his injured leg, he quickly grabbed his own pistol and unloaded three rounds into Carlos, sending him sprawling to the pavement. Seth held his gun on the remains of the gangster, and let out a slow breath. \u201cNow to get this leg fixed up\u201d Seth muttered to himself woozily, stumbling towards the wall of the alley.\n\n\u201cGotta make it to my ride\u201d Seth focused on his goal as he started going into shock. He looked down at his leg, it wasn\u2019t bleeding badly, no worse than what had happened to him before. He just hoped that it hadn\u2019t broken any bones.\n\nSeth glanced around in the street, many people stopped and looked, others hurried away. Someone injured with a gunshot wound wasn\u2019t that unusual in this part of town, and his complexion was dark enough that he didn\u2019t stand out. He limped quickly to his car and got out the first aid kit. \u201cNot good.\u201d\n\n", "ficly_author_avatar_url": "http://ficly.com/images/icons/avatar.jpg", "ficly_author_nickname": "Funtime Bobby", "ficly_story_int": 10888, "ficly_author_url": "http://ficly.com/authors/funtime_bobby", "ficly_sequels": [{"ficly_sequel_int": 10890, "ficly_sequel_title": "Misnomer", "ficly_sequel_url": "http://ficly.com/stories/10890"}], "ficly_story_title": "Revenge of Seth"}