{"ficly_prequels": [{"ficly_prequel_url": "http://ficly.com/stories/10168", "ficly_prequel_title": "Courage kicks in!", "ficly_prequel_int": 10168}], "ficly_story_url": "http://ficly.com/stories/10188", "ficly_story": "\u201c\u2026and then he tripped and fell, it was hilarious,\u201d Emily says, while I walk her to class after lunch. Confidence cheered me on the whole way, and beat up Fear for me. I laugh at Emily\u2019s story and smile until she stops.\n\n\u201cThis your stop?\u201d I ask. She nods a bit shyly.\n\n\u201cGo ahead. Just kiss her right here, she\u2019s pretty cute,\u201d says a seducing voice. That\u2019s when I see Lust, a lean attractive (I\u2019m guessing that he\u2019s supposed to be hot?) man, standing behind Emily, playing with her brown hair, \u201cHmm, this hair is _so_ soft. Don\u2019t you just wanna feel it while you kiss those soft glossy lips of her?\u201d\n\n\u201cI\u2019ll meet you here, l-later?\u201d I say, trying my best to ignore Lust. Then, almost suddenly, Emily gives me a big hug. I hug her back, hard, and feel her warm body on me. Lust is laughing behind me.\n\n\u201cJust real quick. A peck, just to feel her soft lips,\u201d Lust says. When she begins to pull back, thats when Lust begins to take over, and I pray for Self- Control to appear, but I kiss her before he gets a chance.\n\n", "ficly_author_avatar_url": "http://cdn.ficly.com/icons/2392/avatar.jpg", "ficly_author_nickname": "Mr.Gabriel", "ficly_story_int": 10188, "ficly_author_url": "http://ficly.com/authors/mistergabriiel", "ficly_sequels": [{"ficly_sequel_int": 10287, "ficly_sequel_title": "An Unexpected Response", "ficly_sequel_url": "http://ficly.com/stories/10287"}], "ficly_story_title": "Lust is Irresistible"}