{"ficly_prequels": [{"ficly_prequel_url": "http://ficly.com/stories/10795", "ficly_prequel_title": "Escaping from myself...", "ficly_prequel_int": 10795}], "ficly_story_url": "http://ficly.com/stories/10849", "ficly_story": "I still feel anger towards him and I breathe deeply. Then he watches me and the softness of his grey eyes calm me. He follows my gaze to a crowd of laughing men stumbling across the courtyard \u2013 bounty hunters.   \u201cNot tonight, Glade,\u201d he says with a chuckle and pats my head, \u201cNot tonight.\u201d\n\nHis hand doesn\u2019t leave my silky scalp but instead slides down to my neck and settles there in the forest of fluff.   \u201cCome on, Glade,\u201d whispers Izar. He\u2019s right \u2013 we must leave town before I am discovered. If I\u2019m good, he\u2019ll take me somewhere beautiful where we can be together. Obediently, I follow him, guided by his gentle palm. My paws are soft in the fresh, morning kissed grass. We leave the village and to an observer we must be just a man and his dog patiently stepping out for a hunt.\n\nTension clings to me and cushions my heart. I could break any moment and Izar is right next to me. I don\u2019t want to hurt him. We walk down a steep hill and I see the expanse of green before us. I want to run\u2026I need to run.\n\n", "ficly_author_avatar_url": "http://cdn.ficly.com/icons/4271/avatar.jpg", "ficly_author_nickname": "Abby (LoA)", "ficly_story_int": 10849, "ficly_author_url": "http://ficly.com/authors/abbywall", "ficly_sequels": [{"ficly_sequel_int": 10850, "ficly_sequel_title": "Memories of a Werewolf", "ficly_sequel_url": "http://ficly.com/stories/10850"}], "ficly_story_title": "A Monster: well...me!"}