{"ficly_prequels": [{"ficly_prequel_url": "http://ficly.com/stories/10473", "ficly_prequel_title": "The Aurist and The Shield (part of my nano story)", "ficly_prequel_int": 10473}], "ficly_story_url": "http://ficly.com/stories/10502", "ficly_story": "\u201cYou trying to see my aura again?\u201d Kyle asked with a smirk edging onto his face through the gradually slowing breaths.\n\nSo, he\u2019s in the present.\n\n\u201cMaybe,\u201d I answered, trying to be evasive. There wasn\u2019t much point to it though. I may have been the one gifted with the sight, but Kyle was as perceptive as they came.\n\n\u201cI keep telling you it\u2019s no use.\u201d His eyes drifted up and out of their reverie, though he looked past me and out to the scenery whipping by outside the open door.\n\n\u201cAnd I keep telling you that\u2019s not a good sign. You keep too much bottled up, held too tightly.\u201d\n\nHe shrugged and made that face, the one he always makes when any of us try to draw him out his self-imposed isolation. His eyes turned languid once again, the lids sliding closed in thought. The discussion was over. For the time being he would keep his thoughts, his feelings, and his aura to himself.\n\nStill, that didn\u2019t mean I was about to stop trying, both to catch a glimpse of what he held so close and convince him to let go.\n\n", "ficly_author_avatar_url": "http://cdn.ficly.com/icons/29/AHFL_icon.JPG", "ficly_author_nickname": "THX 0477", "ficly_story_int": 10502, "ficly_author_url": "http://ficly.com/authors/thx0477", "ficly_sequels": [], "ficly_story_title": "In the Present"}