{"ficly_prequels": [], "ficly_story_url": "http://ficly.com/stories/10167", "ficly_story": "Fear and I sat down at the lunch table together. I stared longingly at the girl sitting across the lunch room; similair to me, she was all alone.\n\nI knew if I went over there I would most likely be instantly excepted. Because everyone wants friends ya\u2019 know?\n\nI made a move to get up but- A cold bone-like hand landed on my shoulder. It pushed me back down into my chair.\n\n\u201cI wouldn\u2019t do that if I were you James.\u201d Fear said \u201cI mean what if she just laughs at you. Your not smooth. And your not cool. Just finish your lunch and don\u2019t make a fool of yourself.\u201d\n\nYou may be wondering how fear could talk to me. But I really don\u2019t know how, I just know what I have to deal with.\n\nI stared over at the girl again. I blinked and suddenly two beautiful girls appeared sitting with me at the table. I was about to be surprised, but then I realized that they were Desire. Why Desire was Two sexy twin blondes? I will never know.\n\n\u201cDon\u2019t listen to fear James!\u201d they both chimed \"You know you really, REALLY want to talk to her!\u2019\n\n", "ficly_author_avatar_url": "http://cdn.ficly.com/icons/1017/avatar.jpg", "ficly_author_nickname": "The Silence [All By Myself] {LoA}", "ficly_story_int": 10167, "ficly_author_url": "http://ficly.com/authors/silentstorm", "ficly_sequels": [{"ficly_sequel_int": 10168, "ficly_sequel_title": "Courage kicks in!", "ficly_sequel_url": "http://ficly.com/stories/10168"}], "ficly_story_title": "The Boy who could see his emotions"}