{"ficly_prequels": [{"ficly_prequel_url": "http://ficly.com/stories/1044", "ficly_prequel_title": "Prisoner Porter (All Tied Up)", "ficly_prequel_int": 1044}], "ficly_story_url": "http://ficly.com/stories/1067", "ficly_story": "You groom your mustache into a windmill and save energy.   10 points!   You can:   Decide your name is now Evil Crazy Pants and hope your plans won\u2019t be foiled by one Awesome Good Dude and his sidekick Cool Good Sidekick\n\nIgnore your new power generator and actually try to get back home.\n\n", "ficly_author_avatar_url": "http://ficly.com/images/icons/avatar.jpg", "ficly_author_nickname": "The Note Writer", "ficly_story_int": 1067, "ficly_author_url": "http://ficly.com/authors/note-writer", "ficly_sequels": [], "ficly_story_title": "Grooming the Mustache"}