{"ficly_prequels": [{"ficly_prequel_url": "http://ficly.com/stories/1004", "ficly_prequel_title": "The End, or is it?", "ficly_prequel_int": 1004}], "ficly_story_url": "http://ficly.com/stories/1010", "ficly_story": "God cuts out his still-beating heart and cups it in Her hands.\n\n", "ficly_author_avatar_url": "http://cdn.ficly.com/icons/621/avatar.jpg", "ficly_author_nickname": "NinjaChicken", "ficly_story_int": 1010, "ficly_author_url": "http://ficly.com/authors/ninjachicken", "ficly_sequels": [{"ficly_sequel_int": 1012, "ficly_sequel_title": "Game Over", "ficly_sequel_url": "http://ficly.com/stories/1012"}], "ficly_story_title": "His Beating Heart"}