{"ficly_prequels": [], "ficly_story_url": "http://ficly.com/stories/10740", "ficly_story": "Alice, Eliza, Laura, and Victoria were the best of friends. After their school lessons they loved to pretend they were the characters of Alice\u2019s Adventures in Wonderland.   Alice had long blonde hair that fell to mid-waist, she had bright blue sapphire eyes and she was on the shorter side.   Eliza was unique and had long waist length black hair with purple highlights throughout it, her eyes were a steel grey color and she walked with a mischevious smile on her face.   Laura had long white-blond hair and light grey eyes, she had a bounce in her step. She was bubbly and crazy.   Victoria was the daughter of a noble and was very arrogant, she had long curly black ringlets and russet brown eyes. She treated herself like royalty and demanded that others do so as well.   \u201cAlice come on I want to go play.\u201d Laura said her hair flowing behind her as she spun in a circle waiting for Alice. \u201cI\u2019m coming, I\u2019m coming.\u201d Alice smiled as she tied a black ribbon in her hair. They walked with linked arms to Victoria\u2019s Mansion.\n\n", "ficly_author_avatar_url": "http://cdn.ficly.com/icons/2879/avatar.jpg", "ficly_author_nickname": "Gothling(tm)", "ficly_story_int": 10740, "ficly_author_url": "http://ficly.com/authors/sierarabandnerd", "ficly_sequels": [{"ficly_sequel_int": 10743, "ficly_sequel_title": "The Golden Afternoon", "ficly_sequel_url": "http://ficly.com/stories/10743"}], "ficly_story_title": "The Golden Afternoon"}