{"ficly_prequels": [{"ficly_prequel_url": "http://ficly.com/stories/10554", "ficly_prequel_title": "The Hiding pt.3", "ficly_prequel_int": 10554}], "ficly_story_url": "http://ficly.com/stories/10613", "ficly_story": ". What happened next was completely unexpected; nothing. She had thought that touching the sculpture would bring some sort of apocalypse or death sentence. Instead, the world remained unchanging, the small event gone unnoticed. With utmost caution, she carried the small artefact back to its rightful place on the bookshelf and placed it down between the red ceramic chicken and the blue ceramic dog. She toddled back to her seat and lowered herself slowly down. Her head spun and she suddenly felt absolutely exhausted. Her eyelids dragged down and she struggled to stay awake. Eventually, she gave up and let her eyes close. She drifted off into a strange, vivid dream; one without recognisable images but rather streaks and blurs of bright colours swimming around before her eyes.\n\n", "ficly_author_avatar_url": "http://cdn.ficly.com/icons/1883/avatar.jpg", "ficly_author_nickname": "tinkerbelle", "ficly_story_int": 10613, "ficly_author_url": "http://ficly.com/authors/tinkerbelle", "ficly_sequels": [{"ficly_sequel_int": 10683, "ficly_sequel_title": "The Hiding pt.5", "ficly_sequel_url": "http://ficly.com/stories/10683"}], "ficly_story_title": "The Hiding pt.4"}