{"ficly_prequels": [{"ficly_prequel_url": "http://ficly.com/stories/10903", "ficly_prequel_title": "Questions of finances.", "ficly_prequel_int": 10903}], "ficly_story_url": "http://ficly.com/stories/10904", "ficly_story": "\u201cOur instructions were that this would was the payment for the merchandise.\u201d Lauren said hastily as she rummaged through her pockets.\n\nThe client watched bemusedly as the pair hurriedly rifled through their specially tailored clothes and counted the small containers hidden within.\n\n\u201cAh, this is most excellent. I knew dealing with you was a wise decision, based on the _reputation_ you have.\u201d the client smiled. \u201cReputation is so important, isn\u2019t it? With it, one is everything, without it, one is nothing.\u201d The client leaned forward \u201cThis payment lives up to your reputation. Ivan! Give them the merchandise.\u201d\n\nIvan hurriedly handed the box to Janus. \u201cNow, I also have a reputation for punctuality I must keep. Ivan, show them out.\u201d\n\n\u201cYes, of course!\u201d Ivan replied eagerly as he led Janus and Ivan out of whatever building they were in. As they left through the door, Ivan cautiously whispered to Lauren \u201cYou should leave a soon as possible. _He_ has a reputation, especially when it comes to pretty girls.\u201d\n\n", "ficly_author_avatar_url": "http://ficly.com/images/icons/avatar.jpg", "ficly_author_nickname": "Funtime Bobby", "ficly_story_int": 10904, "ficly_author_url": "http://ficly.com/authors/funtime_bobby", "ficly_sequels": [{"ficly_sequel_int": 10905, "ficly_sequel_title": "Questions of conveyance.", "ficly_sequel_url": "http://ficly.com/stories/10905"}], "ficly_story_title": "Transaction complete, withdraw more?"}