{"ficly_prequels": [{"ficly_prequel_url": "http://ficly.com/stories/1076", "ficly_prequel_title": "ENTER THE HERO --- OR FOOL part 2", "ficly_prequel_int": 1076}], "ficly_story_url": "http://ficly.com/stories/1077", "ficly_story": "By the time I reached the power panel I was engulfed in propane, I could barely see my hand in front of my face. Why the propane didn\u2019t cause me to pass out will always be a mystery. After killing the sub-station I ran in the direction of the offending tank. In the fog I had trouble finding the stairs to the top of the tanks. Finally, I found them and raced to the top. The only way to relieve the pressure was to open another tank, however, because of the great pressure exerted on all the valves, I couldn\u2019t budge the valves. I ran from one valve to another, until at long last a valve opened, and the propane roar subsided. I opened three more tanks, then returned to the office to call the Foreman.\n\nThe Foreman lived on the property and was there shortly. He and I stood outside, helpless, and stared at the cloud of propane. Then suddenly a breeze kicked up, and within minutes the cloud dissipated.\n\nMornings examination of the tank concluded that the gauge had stuck at 50%.\n\n", "ficly_author_avatar_url": "http://cdn.ficly.com/icons/1346/avatar.jpg", "ficly_author_nickname": "Wyatt Aapr LoA", "ficly_story_int": 1077, "ficly_author_url": "http://ficly.com/authors/bygollee66", "ficly_sequels": [], "ficly_story_title": "ENTER THE HERO --- OR FOOL end."}