{"ficly_prequels": [{"ficly_prequel_url": "http://ficly.com/stories/9927", "ficly_prequel_title": "Thriller (I-Warriors Saga)", "ficly_prequel_int": 9927}], "ficly_story_url": "http://ficly.com/stories/10166", "ficly_story": "Dead Man\u2019s Curve, it\u2019s no place to play   Dead Man\u2019s Curve, you must keep away   Dead Man\u2019s Curve, I can hear \u2018em say:   \u201cWon\u2019t come back from Dead Man\u2019s Curve\"   \\- Quoted from \u201cDead Man\u2019s Curve\u201d by Jan & Dean (Beach Boys Album)\n\n\u201cOnce every hundred years, the warriors will need to fight for Death Valley.\u201d the voice said \u201cDeath Valley is where our world and the dark dimension meet.\u201d\n\n\u201cWhat is he even talking about?\u201d Jaime whispered\n\n\u201cShhh!\u201d I said\n\nThe voice continued. But everyone was aware of the sense of urgency (and death) in the air. The voice told us about how we were he chosen ones to stop the zombies and some other crap. I really didn\u2019t give a crap about anything but keeping those blipping zombies away from me! And away from my town! When the voice finally stopped we all got to work.\n\nI began to set up traps with Alice all around the house. Electrical wires, pits, the works. Zombies can only walk anyway, the reason everyone is so frickin scared of them is because they travel in groups. Big Groups.\n\n", "ficly_author_avatar_url": "http://cdn.ficly.com/icons/1017/avatar.jpg", "ficly_author_nickname": "The Silence [All By Myself] {LoA}", "ficly_story_int": 10166, "ficly_author_url": "http://ficly.com/authors/silentstorm", "ficly_sequels": [], "ficly_story_title": "It's the digital age now! No more cave prophecies! (I-Warriors)"}